Order ID,Order Date,Ship Date,Ship Mode,Customer Name,Segment,Country,State,Region,Category,Sub-Category,Quantity,Unit Price,Discount,Sales,Profit
ORD-2023-02316,2023-01-01,2023-01-08,Standard Class,Customer 262,Home Office,United States,Oregon,West,Technology,Phones,6,164.05,0.4,590.58,-93.36
ORD-2023-01409,2023-01-02,2023-01-04,First Class,Customer 189,Consumer,United States,North Carolina,South,Technology,Copiers,2,1837.7,0.4,2205.24,-302.95
ORD-2023-01949,2023-01-02,2023-01-06,Second Class,Customer 158,Consumer,United States,North Carolina,South,Technology,Machines,2,1126.56,0.2,1802.5,-4.41
ORD-2023-02442,2023-01-02,2023-01-03,First Class,Customer 167,Consumer,United States,Oregon,West,Furniture,Furnishings,1,67.74,0.0,67.74,8.88
ORD-2023-01482,2023-01-02,2023-01-09,Standard Class,Customer 246,Consumer,United States,New York,East,Furniture,Tables,7,694.26,0.4,2915.89,-832.81
ORD-2023-01488,2023-01-02,2023-01-09,Standard Class,Customer 035,Consumer,United States,Illinois,Central,Office Supplies,Storage,2,161.23,0.1,290.21,34.32
ORD-2023-02259,2023-01-02,2023-01-08,Standard Class,Customer 256,Corporate,United States,Michigan,Central,Furniture,Furnishings,1,26.07,0.0,26.07,0.01
ORD-2023-01996,2023-01-03,2023-01-10,Standard Class,Customer 097,Consumer,United States,Illinois,Central,Furniture,Bookcases,1,195.91,0.0,195.91,25.55
ORD-2023-01913,2023-01-04,2023-01-08,Second Class,Customer 095,Consumer,United States,Georgia,South,Furniture,Chairs,7,409.17,0.2,2291.35,-451.75
ORD-2023-01739,2023-01-04,2023-01-08,Standard Class,Customer 179,Corporate,United States,Pennsylvania,East,Technology,Phones,8,205.7,0.4,987.36,-92.87
ORD-2023-01622,2023-01-05,2023-01-05,Same Day,Customer 270,Home Office,United States,Illinois,Central,Furniture,Furnishings,5,35.54,0.4,106.62,-21.95
ORD-2023-01294,2023-01-05,2023-01-11,Standard Class,Customer 086,Corporate,United States,Oregon,West,Furniture,Chairs,9,187.52,0.4,1012.61,-301.23
ORD-2023-00901,2023-01-05,2023-01-09,Standard Class,Customer 291,Corporate,United States,Oregon,West,Office Supplies,Labels,9,20.97,0.3,132.11,-5.28
ORD-2023-00773,2023-01-06,2023-01-13,Standard Class,Customer 094,Corporate,United States,Washington,West,Technology,Machines,1,745.34,0.0,745.34,204.93
ORD-2023-01237,2023-01-06,2023-01-10,Second Class,Customer 196,Consumer,United States,Illinois,Central,Furniture,Chairs,5,158.33,0.0,791.65,77.8
ORD-2023-01550,2023-01-06,2023-01-11,Standard Class,Customer 094,Corporate,United States,Georgia,South,Office Supplies,Art,5,10.64,0.2,42.56,3.2
ORD-2023-00381,2023-01-06,2023-01-10,Second Class,Customer 105,Consumer,United States,Virginia,East,Technology,Phones,7,797.2,0.4,3348.24,-461.06
ORD-2023-00846,2023-01-06,2023-01-13,Standard Class,Customer 208,Consumer,United States,New York,East,Technology,Machines,3,2211.94,0.0,6635.82,1247.37
ORD-2023-00845,2023-01-06,2023-01-13,Standard Class,Customer 122,Corporate,United States,Illinois,Central,Technology,Accessories,4,129.45,0.2,414.24,21.45
ORD-2023-00465,2023-01-08,2023-01-13,Standard Class,Customer 246,Corporate,United States,Florida,South,Furniture,Bookcases,5,304.1,0.0,1520.5,159.04
ORD-2023-02401,2023-01-08,2023-01-12,Standard Class,Customer 108,Consumer,United States,Texas,Central,Furniture,Chairs,8,303.14,0.2,1940.1,-148.19
ORD-2023-00575,2023-01-08,2023-01-12,Standard Class,Customer 095,Home Office,United States,Illinois,Central,Technology,Accessories,3,71.83,0.0,215.49,48.88
ORD-2023-01190,2023-01-09,2023-01-16,Standard Class,Customer 076,Home Office,United States,Florida,South,Technology,Phones,1,851.48,0.0,851.48,249.36
ORD-2023-00707,2023-01-09,2023-01-14,Standard Class,Customer 285,Home Office,United States,Texas,Central,Technology,Copiers,3,1459.66,0.3,3065.29,-49.22
ORD-2023-01279,2023-01-09,2023-01-14,Standard Class,Customer 176,Consumer,United States,Michigan,Central,Technology,Phones,4,351.02,0.0,1404.08,196.42
ORD-2023-00104,2023-01-09,2023-01-12,First Class,Customer 158,Consumer,United States,Virginia,East,Office Supplies,Labels,7,8.65,0.4,36.33,-5.77
ORD-2023-02202,2023-01-09,2023-01-13,Standard Class,Customer 167,Consumer,United States,Illinois,Central,Office Supplies,Storage,7,105.61,0.0,739.27,140.06
ORD-2023-01807,2023-01-10,2023-01-14,Standard Class,Customer 117,Consumer,United States,Oregon,West,Office Supplies,Storage,2,130.62,0.0,261.24,48.27
ORD-2023-01175,2023-01-10,2023-01-12,First Class,Customer 161,Consumer,United States,Michigan,Central,Technology,Machines,1,2323.15,0.2,1858.52,47.31
ORD-2023-00303,2023-01-11,2023-01-13,Second Class,Customer 133,Corporate,United States,Illinois,Central,Office Supplies,Paper,9,16.13,0.0,145.17,32.34
ORD-2023-01532,2023-01-11,2023-01-18,Standard Class,Customer 151,Corporate,United States,Michigan,Central,Office Supplies,Labels,9,22.35,0.0,201.15,52.18
ORD-2023-02443,2023-01-11,2023-01-17,Standard Class,Customer 022,Consumer,United States,California,West,Office Supplies,Art,3,31.09,0.0,93.27,15.89
ORD-2023-01763,2023-01-12,2023-01-14,First Class,Customer 189,Consumer,United States,Texas,Central,Technology,Copiers,1,2993.2,0.0,2993.2,783.67
ORD-2023-01070,2023-01-12,2023-01-12,Same Day,Customer 229,Consumer,United States,Oregon,West,Technology,Accessories,7,43.87,0.4,184.25,-16.51
ORD-2023-00790,2023-01-14,2023-01-19,Standard Class,Customer 122,Corporate,United States,Pennsylvania,East,Technology,Phones,5,700.7,0.0,3503.5,462.1
ORD-2023-01682,2023-01-14,2023-01-17,Second Class,Customer 042,Home Office,United States,Pennsylvania,East,Technology,Machines,5,2383.25,0.1,10724.62,881.05
ORD-2023-00801,2023-01-14,2023-01-18,Standard Class,Customer 125,Consumer,United States,Georgia,South,Office Supplies,Art,1,18.03,0.1,16.23,2.32
ORD-2023-00839,2023-01-16,2023-01-20,Standard Class,Customer 285,Consumer,United States,Virginia,East,Furniture,Furnishings,9,110.04,0.4,594.22,-131.86
ORD-2023-01121,2023-01-16,2023-01-22,Standard Class,Customer 156,Home Office,United States,New York,East,Furniture,Furnishings,6,15.9,0.0,95.4,5.85
ORD-2023-00410,2023-01-16,2023-01-22,Standard Class,Customer 179,Corporate,United States,Michigan,Central,Office Supplies,Binders,4,69.38,0.0,277.52,51.73
ORD-2023-01038,2023-01-17,2023-01-20,First Class,Customer 231,Consumer,United States,Pennsylvania,East,Furniture,Furnishings,8,97.07,0.1,698.9,49.72
ORD-2023-00889,2023-01-18,2023-01-19,First Class,Customer 215,Consumer,United States,Michigan,Central,Furniture,Chairs,4,249.15,0.4,597.96,-154.89
ORD-2023-01624,2023-01-19,2023-01-25,Standard Class,Customer 233,Home Office,United States,Georgia,South,Office Supplies,Paper,8,57.46,0.0,459.68,129.13
ORD-2023-01652,2023-01-20,2023-01-24,Standard Class,Customer 075,Consumer,United States,Florida,South,Office Supplies,Storage,7,51.87,0.4,217.85,-13.87
ORD-2023-00415,2023-01-20,2023-01-25,Standard Class,Customer 257,Corporate,United States,Oregon,West,Furniture,Chairs,6,206.43,0.2,990.86,-143.65
ORD-2023-01366,2023-01-20,2023-01-24,Standard Class,Customer 117,Home Office,United States,North Carolina,South,Office Supplies,Paper,5,48.67,0.0,243.35,47.1
ORD-2023-00478,2023-01-20,2023-01-25,Standard Class,Customer 045,Home Office,United States,Florida,South,Furniture,Chairs,3,137.48,0.2,329.95,-33.66
ORD-2023-01594,2023-01-21,2023-01-22,First Class,Customer 091,Corporate,United States,Florida,South,Furniture,Furnishings,8,115.17,0.0,921.36,131.89
ORD-2023-02090,2023-01-22,2023-01-25,Second Class,Customer 143,Corporate,United States,Michigan,Central,Furniture,Chairs,8,94.01,0.4,451.25,-108.02
ORD-2023-00233,2023-01-22,2023-01-25,Second Class,Customer 233,Consumer,United States,Virginia,East,Technology,Copiers,2,972.8,0.0,1945.6,385.33
ORD-2023-01529,2023-01-23,2023-01-29,Standard Class,Customer 017,Consumer,United States,North Carolina,South,Office Supplies,Appliances,7,202.69,0.0,1418.83,247.07
ORD-2023-02171,2023-01-23,2023-01-29,Standard Class,Customer 216,Corporate,United States,New York,East,Office Supplies,Storage,3,186.64,0.0,559.92,174.1
ORD-2023-00300,2023-01-24,2023-01-25,First Class,Customer 021,Corporate,United States,Virginia,East,Technology,Phones,8,798.11,0.0,6384.88,1403.02
ORD-2023-00540,2023-01-24,2023-01-28,Standard Class,Customer 110,Corporate,United States,Michigan,Central,Office Supplies,Storage,5,156.09,0.0,780.45,169.73
ORD-2023-00170,2023-01-25,2023-01-28,Second Class,Customer 078,Consumer,United States,Illinois,Central,Furniture,Furnishings,2,107.62,0.0,215.24,16.41
ORD-2023-00272,2023-01-25,2023-01-31,Standard Class,Customer 074,Corporate,United States,New York,East,Furniture,Furnishings,3,56.59,0.0,169.77,8.66
ORD-2023-00369,2023-01-25,2023-01-26,First Class,Customer 247,Consumer,United States,Illinois,Central,Technology,Machines,1,897.92,0.4,538.75,-94.68
ORD-2023-01167,2023-01-25,2023-01-31,Standard Class,Customer 153,Consumer,United States,Texas,Central,Furniture,Furnishings,4,17.51,0.2,56.03,-5.78
ORD-2023-01744,2023-01-26,2023-01-29,First Class,Customer 248,Consumer,United States,Virginia,East,Office Supplies,Paper,6,58.93,0.0,353.58,87.86
ORD-2023-01783,2023-01-26,2023-01-31,Standard Class,Customer 009,Home Office,United States,New York,East,Technology,Machines,3,337.07,0.0,1011.21,202.93
ORD-2023-02138,2023-01-26,2023-02-01,Standard Class,Customer 155,Consumer,United States,Georgia,South,Furniture,Chairs,7,231.16,0.0,1618.12,220.05
ORD-2023-02261,2023-01-27,2023-02-01,Standard Class,Customer 147,Home Office,United States,Pennsylvania,East,Furniture,Furnishings,7,68.42,0.3,335.26,-59.21
ORD-2023-00821,2023-01-27,2023-02-02,Standard Class,Customer 294,Consumer,United States,Washington,West,Technology,Accessories,2,105.87,0.0,211.74,57.84
ORD-2023-01180,2023-01-28,2023-01-28,Same Day,Customer 239,Consumer,United States,Georgia,South,Technology,Copiers,6,2276.8,0.4,8196.48,-1841.6
ORD-2023-00429,2023-01-28,2023-01-31,First Class,Customer 231,Consumer,United States,California,West,Office Supplies,Binders,7,50.91,0.3,249.46,-19.51
ORD-2023-00454,2023-01-28,2023-02-03,Standard Class,Customer 175,Consumer,United States,Georgia,South,Furniture,Tables,3,639.37,0.3,1342.68,-219.03
ORD-2023-01399,2023-01-28,2023-02-01,Standard Class,Customer 038,Corporate,United States,Washington,West,Furniture,Tables,1,792.27,0.1,713.04,28.61
ORD-2023-02329,2023-01-29,2023-01-31,Second Class,Customer 013,Consumer,United States,North Carolina,South,Furniture,Furnishings,9,82.62,0.3,520.51,-110.3
ORD-2023-02223,2023-01-29,2023-02-02,Standard Class,Customer 290,Corporate,United States,Texas,Central,Furniture,Chairs,5,166.82,0.3,583.87,-122.78
ORD-2023-02410,2023-01-30,2023-02-05,Standard Class,Customer 240,Consumer,United States,Washington,West,Furniture,Furnishings,1,16.4,0.0,16.4,1.09
ORD-2023-02469,2023-01-30,2023-02-05,Standard Class,Customer 156,Home Office,United States,Pennsylvania,East,Technology,Accessories,2,13.27,0.1,23.89,5.23
ORD-2023-00830,2023-02-01,2023-02-07,Standard Class,Customer 145,Corporate,United States,California,West,Technology,Copiers,1,1577.64,0.0,1577.64,280.7
ORD-2023-01300,2023-02-02,2023-02-07,Standard Class,Customer 249,Home Office,United States,Illinois,Central,Office Supplies,Labels,3,15.84,0.0,47.52,9.24
ORD-2023-01590,2023-02-02,2023-02-04,First Class,Customer 031,Consumer,United States,California,West,Furniture,Chairs,2,93.67,0.0,187.34,-2.91
ORD-2023-01493,2023-02-02,2023-02-06,Second Class,Customer 056,Corporate,United States,Florida,South,Technology,Accessories,4,58.23,0.1,209.63,33.62
ORD-2023-01944,2023-02-02,2023-02-04,Second Class,Customer 295,Home Office,United States,Texas,Central,Office Supplies,Appliances,7,91.71,0.0,641.97,107.26
ORD-2023-01869,2023-02-03,2023-02-09,Standard Class,Customer 251,Corporate,United States,New York,East,Office Supplies,Paper,6,25.94,0.0,155.64,36.41
ORD-2023-00138,2023-02-03,2023-02-10,Standard Class,Customer 288,Consumer,United States,North Carolina,South,Furniture,Chairs,8,418.92,0.0,3351.36,227.45
ORD-2023-00385,2023-02-04,2023-02-09,Standard Class,Customer 163,Consumer,United States,Washington,West,Office Supplies,Art,8,10.98,0.0,87.84,22.59
ORD-2023-02263,2023-02-04,2023-02-04,Same Day,Customer 182,Consumer,United States,Pennsylvania,East,Technology,Phones,4,456.39,0.2,1460.45,-58.42
ORD-2023-01536,2023-02-04,2023-02-05,First Class,Customer 190,Consumer,United States,Georgia,South,Office Supplies,Labels,2,15.62,0.4,18.74,-1.08
ORD-2023-00787,2023-02-05,2023-02-06,First Class,Customer 189,Consumer,United States,Georgia,South,Office Supplies,Labels,2,6.6,0.1,11.88,1.83
ORD-2023-02499,2023-02-05,2023-02-11,Standard Class,Customer 105,Corporate,United States,California,West,Furniture,Furnishings,1,25.87,0.0,25.87,0.96
ORD-2023-00147,2023-02-08,2023-02-08,Same Day,Customer 168,Corporate,United States,Pennsylvania,East,Technology,Machines,5,1110.95,0.0,5554.75,1584.98
ORD-2023-00663,2023-02-08,2023-02-15,Standard Class,Customer 091,Consumer,United States,California,West,Technology,Phones,7,620.61,0.0,4344.27,928.35
ORD-2023-02322,2023-02-08,2023-02-12,Standard Class,Customer 272,Corporate,United States,California,West,Technology,Phones,4,624.28,0.2,1997.7,-65.2
ORD-2023-01683,2023-02-08,2023-02-13,Standard Class,Customer 038,Consumer,United States,Texas,Central,Technology,Machines,6,1599.84,0.1,8639.14,1412.92
ORD-2023-00844,2023-02-09,2023-02-09,Same Day,Customer 063,Consumer,United States,Virginia,East,Furniture,Bookcases,4,241.32,0.1,868.75,-20.37
ORD-2023-01446,2023-02-09,2023-02-14,Standard Class,Customer 102,Consumer,United States,Florida,South,Furniture,Bookcases,2,281.08,0.2,449.73,-37.03
ORD-2023-00970,2023-02-09,2023-02-14,Standard Class,Customer 135,Consumer,United States,Illinois,Central,Office Supplies,Storage,4,76.95,0.0,307.8,83.6
ORD-2023-01266,2023-02-10,2023-02-16,Standard Class,Customer 211,Consumer,United States,Oregon,West,Furniture,Bookcases,5,277.16,0.4,831.48,-201.86
ORD-2023-01909,2023-02-10,2023-02-16,Standard Class,Customer 230,Home Office,United States,Michigan,Central,Office Supplies,Labels,8,13.67,0.0,109.36,33.4
ORD-2023-00117,2023-02-10,2023-02-14,Second Class,Customer 227,Consumer,United States,Florida,South,Office Supplies,Binders,1,7.96,0.3,5.57,-0.49
ORD-2023-00328,2023-02-11,2023-02-15,Second Class,Customer 058,Consumer,United States,Washington,West,Technology,Phones,1,248.14,0.3,173.7,-33.16
ORD-2023-02203,2023-02-12,2023-02-18,Standard Class,Customer 143,Home Office,United States,California,West,Technology,Accessories,9,53.13,0.0,478.17,90.61
ORD-2023-02038,2023-02-14,2023-02-18,Standard Class,Customer 230,Corporate,United States,Michigan,Central,Office Supplies,Appliances,5,149.16,0.3,522.06,-6.11
ORD-2023-01240,2023-02-14,2023-02-16,First Class,Customer 135,Consumer,United States,Georgia,South,Technology,Accessories,9,11.52,0.0,103.68,21.3
ORD-2023-00870,2023-02-14,2023-02-19,Standard Class,Customer 067,Consumer,United States,Georgia,South,Office Supplies,Binders,1,66.5,0.1,59.85,5.39
ORD-2023-01452,2023-02-15,2023-02-19,Standard Class,Customer 103,Consumer,United States,Texas,Central,Office Supplies,Labels,9,10.52,0.0,94.68,16.05
ORD-2023-01099,2023-02-15,2023-02-17,First Class,Customer 056,Consumer,United States,California,West,Office Supplies,Paper,7,17.67,0.3,86.58,0.41
ORD-2023-01019,2023-02-15,2023-02-19,Standard Class,Customer 276,Consumer,United States,Michigan,Central,Technology,Machines,2,850.55,0.1,1530.99,136.81
ORD-2023-00250,2023-02-15,2023-02-18,First Class,Customer 172,Consumer,United States,Pennsylvania,East,Office Supplies,Paper,3,49.9,0.3,104.79,-4.9
ORD-2023-00902,2023-02-16,2023-02-21,Standard Class,Customer 148,Home Office,United States,California,West,Technology,Phones,1,898.98,0.0,898.98,254.45
ORD-2023-02339,2023-02-17,2023-02-19,First Class,Customer 211,Consumer,United States,North Carolina,South,Furniture,Furnishings,9,17.67,0.3,111.32,-19.04
ORD-2023-01871,2023-02-17,2023-02-23,Standard Class,Customer 078,Home Office,United States,Georgia,South,Technology,Machines,1,931.78,0.1,838.6,187.17
ORD-2023-00817,2023-02-17,2023-02-24,Standard Class,Customer 172,Corporate,United States,Florida,South,Technology,Phones,2,206.7,0.3,289.38,-18.67
ORD-2023-00562,2023-02-17,2023-02-23,Standard Class,Customer 070,Consumer,United States,Virginia,East,Technology,Phones,1,647.32,0.1,582.59,50.18
ORD-2023-01110,2023-02-18,2023-02-25,Standard Class,Customer 107,Consumer,United States,Illinois,Central,Office Supplies,Storage,3,159.39,0.0,478.17,68.64
ORD-2023-00056,2023-02-18,2023-02-20,Second Class,Customer 267,Corporate,United States,Washington,West,Furniture,Tables,9,700.32,0.1,5672.59,482.99
ORD-2023-00811,2023-02-18,2023-02-23,Standard Class,Customer 261,Consumer,United States,North Carolina,South,Technology,Phones,8,635.69,0.3,3559.86,-383.99
ORD-2023-02371,2023-02-18,2023-02-24,Standard Class,Customer 136,Consumer,United States,Washington,West,Technology,Machines,3,2072.42,0.0,6217.26,1371.76
ORD-2023-00397,2023-02-19,2023-02-26,Standard Class,Customer 273,Corporate,United States,Florida,South,Office Supplies,Art,9,29.35,0.0,264.15,53.51
ORD-2023-00352,2023-02-19,2023-02-25,Standard Class,Customer 069,Corporate,United States,New York,East,Technology,Machines,3,232.14,0.0,696.42,137.45
ORD-2023-01806,2023-02-19,2023-02-23,Second Class,Customer 054,Consumer,United States,Illinois,Central,Technology,Phones,3,703.77,0.3,1477.92,-141.14
ORD-2023-01781,2023-02-21,2023-02-26,Standard Class,Customer 217,Consumer,United States,North Carolina,South,Office Supplies,Appliances,8,289.87,0.0,2318.96,623.46
ORD-2023-01526,2023-02-21,2023-02-26,Standard Class,Customer 046,Consumer,United States,Virginia,East,Office Supplies,Labels,8,13.86,0.0,110.88,26.27
ORD-2023-01463,2023-02-22,2023-02-24,Second Class,Customer 051,Corporate,United States,New York,East,Technology,Phones,9,652.58,0.0,5873.22,1600.4
ORD-2023-00574,2023-02-23,2023-02-27,Standard Class,Customer 141,Consumer,United States,Florida,South,Office Supplies,Art,4,28.1,0.3,78.68,-6.48
ORD-2023-01518,2023-02-23,2023-03-02,Standard Class,Customer 234,Consumer,United States,Texas,Central,Furniture,Bookcases,4,304.22,0.0,1216.88,117.0
ORD-2023-01286,2023-02-23,2023-02-28,Standard Class,Customer 129,Corporate,United States,Texas,Central,Furniture,Furnishings,1,72.33,0.0,72.33,2.81
ORD-2023-01270,2023-02-23,2023-02-26,Second Class,Customer 161,Corporate,United States,Virginia,East,Furniture,Furnishings,7,42.05,0.1,264.91,-3.94
ORD-2023-01976,2023-02-24,2023-03-01,Standard Class,Customer 132,Corporate,United States,North Carolina,South,Technology,Machines,7,1337.3,0.4,5616.66,-1095.67
ORD-2023-02412,2023-02-24,2023-02-28,Second Class,Customer 067,Consumer,United States,Washington,West,Furniture,Bookcases,1,106.46,0.4,63.88,-14.71
ORD-2023-00699,2023-02-24,2023-03-02,Standard Class,Customer 205,Home Office,United States,Michigan,Central,Furniture,Bookcases,7,110.34,0.0,772.38,64.85
ORD-2023-01642,2023-02-25,2023-02-27,First Class,Customer 231,Consumer,United States,North Carolina,South,Furniture,Chairs,6,491.71,0.2,2360.21,-203.86
ORD-2023-01464,2023-02-25,2023-03-01,Second Class,Customer 025,Corporate,United States,Oregon,West,Technology,Accessories,6,108.53,0.2,520.94,-28.32
ORD-2023-01453,2023-02-26,2023-03-01,Second Class,Customer 029,Home Office,United States,New York,East,Office Supplies,Paper,9,53.74,0.4,290.2,-8.29
ORD-2023-02278,2023-02-26,2023-02-27,First Class,Customer 044,Consumer,United States,Texas,Central,Office Supplies,Storage,5,156.45,0.4,469.35,-54.06
ORD-2023-01653,2023-02-26,2023-02-27,First Class,Customer 267,Home Office,United States,Illinois,Central,Technology,Phones,9,175.76,0.0,1581.84,493.07
ORD-2023-00584,2023-02-26,2023-03-01,Second Class,Customer 064,Consumer,United States,Washington,West,Furniture,Bookcases,2,128.43,0.3,179.8,-30.72
ORD-2023-00848,2023-02-26,2023-03-02,Standard Class,Customer 036,Consumer,United States,Michigan,Central,Technology,Copiers,3,608.18,0.3,1277.18,-0.21
ORD-2023-02314,2023-02-27,2023-03-01,First Class,Customer 027,Consumer,United States,Washington,West,Office Supplies,Storage,8,187.41,0.3,1049.5,-12.92
ORD-2023-00887,2023-02-28,2023-03-05,Standard Class,Customer 110,Corporate,United States,Georgia,South,Office Supplies,Appliances,9,135.78,0.1,1099.82,145.72
ORD-2023-00546,2023-02-28,2023-03-04,Standard Class,Customer 213,Consumer,United States,Georgia,South,Furniture,Tables,4,885.17,0.0,3540.68,299.01
ORD-2023-01983,2023-03-01,2023-03-04,First Class,Customer 210,Corporate,United States,Virginia,East,Technology,Machines,9,1421.53,0.0,12793.77,2827.69
ORD-2023-00898,2023-03-01,2023-03-04,Second Class,Customer 120,Home Office,United States,New York,East,Office Supplies,Binders,8,9.04,0.0,72.32,18.06
ORD-2023-00542,2023-03-02,2023-03-06,Standard Class,Customer 057,Consumer,United States,Texas,Central,Furniture,Chairs,8,204.85,0.0,1638.8,206.67
ORD-2023-02488,2023-03-02,2023-03-09,Standard Class,Customer 174,Corporate,United States,Illinois,Central,Office Supplies,Appliances,5,245.95,0.0,1229.75,378.55
ORD-2023-01026,2023-03-02,2023-03-05,Second Class,Customer 016,Consumer,United States,Georgia,South,Technology,Copiers,3,3106.43,0.0,9319.29,2131.55
ORD-2023-01267,2023-03-02,2023-03-08,Standard Class,Customer 043,Corporate,United States,Virginia,East,Technology,Accessories,6,19.5,0.2,93.6,5.84
ORD-2023-01021,2023-03-03,2023-03-09,Standard Class,Customer 159,Consumer,United States,New York,East,Technology,Accessories,7,76.61,0.4,321.76,-54.11
ORD-2023-01979,2023-03-04,2023-03-09,Standard Class,Customer 197,Consumer,United States,California,West,Office Supplies,Storage,8,105.0,0.0,840.0,198.22
ORD-2023-00858,2023-03-04,2023-03-07,First Class,Customer 225,Consumer,United States,Pennsylvania,East,Technology,Machines,8,1637.75,0.1,11791.8,1862.84
ORD-2023-01801,2023-03-04,2023-03-09,Standard Class,Customer 277,Corporate,United States,California,West,Technology,Machines,9,1891.54,0.3,11916.7,-1132.89
ORD-2023-01136,2023-03-05,2023-03-11,Standard Class,Customer 009,Consumer,United States,Oregon,West,Technology,Machines,9,2395.86,0.4,12937.64,-3342.19
ORD-2023-00150,2023-03-05,2023-03-10,Standard Class,Customer 283,Home Office,United States,Michigan,Central,Office Supplies,Appliances,8,269.71,0.0,2157.68,380.84
ORD-2023-02460,2023-03-07,2023-03-13,Standard Class,Customer 295,Consumer,United States,Illinois,Central,Technology,Phones,3,153.39,0.0,460.17,86.05
ORD-2023-01411,2023-03-08,2023-03-13,Standard Class,Customer 130,Consumer,United States,North Carolina,South,Technology,Accessories,1,107.52,0.0,107.52,17.8
ORD-2023-02373,2023-03-08,2023-03-14,Standard Class,Customer 226,Consumer,United States,Virginia,East,Furniture,Bookcases,8,122.95,0.3,688.52,-167.43
ORD-2023-01351,2023-03-08,2023-03-15,Standard Class,Customer 205,Home Office,United States,Virginia,East,Furniture,Furnishings,2,63.16,0.0,126.32,18.93
ORD-2023-01615,2023-03-08,2023-03-10,Second Class,Customer 292,Consumer,United States,Georgia,South,Technology,Copiers,4,565.62,0.0,2262.48,366.61
ORD-2023-01470,2023-03-08,2023-03-12,Second Class,Customer 232,Consumer,United States,North Carolina,South,Furniture,Furnishings,5,21.34,0.4,64.02,-24.08
ORD-2023-00619,2023-03-09,2023-03-11,Second Class,Customer 293,Consumer,United States,Georgia,South,Technology,Phones,7,786.22,0.2,4402.83,521.05
ORD-2023-01889,2023-03-09,2023-03-12,First Class,Customer 260,Consumer,United States,Pennsylvania,East,Office Supplies,Appliances,8,167.54,0.3,938.22,28.28
ORD-2023-02002,2023-03-10,2023-03-14,Second Class,Customer 027,Home Office,United States,Texas,Central,Technology,Copiers,7,3440.03,0.0,24080.21,5832.17
ORD-2023-00036,2023-03-11,2023-03-16,Standard Class,Customer 166,Home Office,United States,Pennsylvania,East,Office Supplies,Storage,7,30.01,0.0,210.07,23.79
ORD-2023-02129,2023-03-12,2023-03-16,Second Class,Customer 229,Corporate,United States,New York,East,Furniture,Furnishings,8,62.13,0.0,497.04,11.99
ORD-2023-00279,2023-03-13,2023-03-18,Standard Class,Customer 018,Corporate,United States,New York,East,Furniture,Chairs,3,468.25,0.0,1404.75,-23.36
ORD-2023-02331,2023-03-13,2023-03-20,Standard Class,Customer 103,Home Office,United States,New York,East,Office Supplies,Storage,4,45.6,0.0,182.4,42.96
ORD-2023-01456,2023-03-13,2023-03-16,First Class,Customer 167,Consumer,United States,Washington,West,Office Supplies,Paper,5,14.28,0.1,64.26,8.95
ORD-2023-02440,2023-03-14,2023-03-15,First Class,Customer 128,Consumer,United States,Illinois,Central,Technology,Machines,4,1036.48,0.4,2487.55,-164.67
ORD-2023-01035,2023-03-14,2023-03-17,Second Class,Customer 153,Consumer,United States,Texas,Central,Office Supplies,Labels,4,20.02,0.0,80.08,18.18
ORD-2023-00518,2023-03-14,2023-03-20,Standard Class,Customer 003,Corporate,United States,North Carolina,South,Office Supplies,Binders,6,49.59,0.3,208.28,-13.31
ORD-2023-01362,2023-03-15,2023-03-17,Second Class,Customer 061,Home Office,United States,Georgia,South,Technology,Phones,5,683.46,0.0,3417.3,405.82
ORD-2023-00045,2023-03-16,2023-03-20,Standard Class,Customer 041,Home Office,United States,Texas,Central,Furniture,Chairs,2,410.27,0.4,492.32,-147.3
ORD-2023-00387,2023-03-16,2023-03-21,Standard Class,Customer 192,Consumer,United States,North Carolina,South,Furniture,Chairs,8,164.14,0.4,787.87,-113.01
ORD-2023-01769,2023-03-16,2023-03-22,Standard Class,Customer 269,Consumer,United States,Texas,Central,Furniture,Furnishings,3,107.55,0.0,322.65,30.72
ORD-2023-02312,2023-03-16,2023-03-18,Second Class,Customer 246,Consumer,United States,Oregon,West,Furniture,Furnishings,3,22.34,0.3,46.91,-10.59
ORD-2023-02232,2023-03-18,2023-03-25,Standard Class,Customer 113,Consumer,United States,Illinois,Central,Furniture,Bookcases,9,202.05,0.4,1091.07,-247.26
ORD-2023-00899,2023-03-18,2023-03-22,Second Class,Customer 094,Home Office,United States,Illinois,Central,Technology,Machines,1,252.31,0.3,176.62,-13.28
ORD-2023-01834,2023-03-20,2023-03-26,Standard Class,Customer 042,Corporate,United States,North Carolina,South,Office Supplies,Storage,5,48.93,0.3,171.25,2.18
ORD-2023-01022,2023-03-20,2023-03-22,Second Class,Customer 259,Consumer,United States,California,West,Technology,Accessories,9,97.63,0.4,527.2,-72.22
ORD-2023-01953,2023-03-20,2023-03-22,Second Class,Customer 034,Consumer,United States,New York,East,Furniture,Furnishings,3,104.09,0.3,218.59,-41.81
ORD-2023-02025,2023-03-21,2023-03-28,Standard Class,Customer 047,Home Office,United States,Florida,South,Furniture,Chairs,9,208.71,0.0,1878.39,22.31
ORD-2023-00659,2023-03-21,2023-03-25,Standard Class,Customer 239,Home Office,United States,New York,East,Office Supplies,Binders,6,17.22,0.2,82.66,1.68
ORD-2023-01911,2023-03-23,2023-03-30,Standard Class,Customer 046,Consumer,United States,Oregon,West,Office Supplies,Storage,9,141.2,0.3,889.56,39.7
ORD-2023-01215,2023-03-23,2023-03-26,Second Class,Customer 273,Consumer,United States,Michigan,Central,Office Supplies,Paper,6,19.09,0.1,103.09,12.96
ORD-2023-01253,2023-03-23,2023-03-28,Standard Class,Customer 255,Consumer,United States,Illinois,Central,Furniture,Tables,2,371.77,0.1,669.19,20.83
ORD-2023-00069,2023-03-25,2023-03-30,Standard Class,Customer 250,Consumer,United States,Virginia,East,Furniture,Furnishings,4,67.95,0.2,217.44,-44.66
ORD-2023-01055,2023-03-25,2023-04-01,Standard Class,Customer 065,Home Office,United States,Virginia,East,Office Supplies,Storage,7,170.34,0.1,1073.14,110.2
ORD-2023-01027,2023-03-27,2023-04-02,Standard Class,Customer 165,Corporate,United States,Florida,South,Technology,Machines,5,1982.73,0.3,6939.55,-981.58
ORD-2023-01588,2023-03-27,2023-03-30,Second Class,Customer 109,Consumer,United States,Michigan,Central,Office Supplies,Appliances,4,254.61,0.4,611.06,-45.08
ORD-2023-02479,2023-03-27,2023-03-31,Standard Class,Customer 254,Home Office,United States,Virginia,East,Furniture,Chairs,7,185.15,0.2,1036.84,-115.84
ORD-2023-00127,2023-03-28,2023-04-04,Standard Class,Customer 227,Consumer,United States,Virginia,East,Furniture,Bookcases,2,285.81,0.4,342.97,-81.72
ORD-2023-00217,2023-03-28,2023-03-30,First Class,Customer 279,Consumer,United States,Virginia,East,Office Supplies,Paper,6,13.49,0.4,48.56,-6.9
ORD-2023-01571,2023-03-29,2023-03-31,Second Class,Customer 043,Consumer,United States,Oregon,West,Furniture,Chairs,1,124.29,0.4,74.57,-25.3
ORD-2023-01096,2023-03-29,2023-03-31,Second Class,Customer 085,Consumer,United States,California,West,Furniture,Furnishings,2,44.67,0.0,89.34,10.13
ORD-2023-00439,2023-03-30,2023-04-06,Standard Class,Customer 279,Consumer,United States,New York,East,Technology,Accessories,8,34.1,0.0,272.8,41.14
ORD-2023-01851,2023-03-31,2023-04-04,Second Class,Customer 103,Corporate,United States,Texas,Central,Office Supplies,Labels,3,14.62,0.0,43.86,9.4
ORD-2023-00280,2023-04-01,2023-04-01,Same Day,Customer 246,Corporate,United States,Michigan,Central,Technology,Machines,3,975.07,0.2,2340.17,62.81
ORD-2023-01361,2023-04-01,2023-04-03,First Class,Customer 068,Consumer,United States,Illinois,Central,Furniture,Chairs,1,105.22,0.0,105.22,3.36
ORD-2023-00431,2023-04-03,2023-04-08,Standard Class,Customer 151,Consumer,United States,Texas,Central,Technology,Copiers,2,3429.74,0.0,6859.48,1639.74
ORD-2023-00246,2023-04-03,2023-04-09,Standard Class,Customer 238,Corporate,United States,New York,East,Furniture,Bookcases,3,293.8,0.1,793.26,-34.46
ORD-2023-01256,2023-04-03,2023-04-04,First Class,Customer 075,Corporate,United States,Oregon,West,Furniture,Chairs,4,214.81,0.4,515.54,-96.5
ORD-2023-01122,2023-04-03,2023-04-08,Standard Class,Customer 277,Consumer,United States,Michigan,Central,Furniture,Bookcases,8,108.94,0.3,610.06,-88.01
ORD-2023-01328,2023-04-03,2023-04-07,Standard Class,Customer 192,Corporate,United States,California,West,Office Supplies,Art,8,23.96,0.2,153.34,10.79
ORD-2023-00678,2023-04-03,2023-04-04,First Class,Customer 028,Consumer,United States,Michigan,Central,Furniture,Chairs,6,348.6,0.1,1882.44,4.92
ORD-2023-00007,2023-04-05,2023-04-06,First Class,Customer 278,Corporate,United States,Florida,South,Office Supplies,Labels,2,23.41,0.2,37.46,2.61
ORD-2023-02366,2023-04-05,2023-04-09,Standard Class,Customer 009,Corporate,United States,Washington,West,Office Supplies,Art,9,33.84,0.1,274.1,18.66
ORD-2023-00881,2023-04-05,2023-04-09,Standard Class,Customer 157,Consumer,United States,Pennsylvania,East,Furniture,Furnishings,7,92.07,0.2,515.59,-50.03
ORD-2023-00753,2023-04-05,2023-04-09,Standard Class,Customer 052,Consumer,United States,Washington,West,Technology,Accessories,7,10.15,0.4,42.63,-7.23
ORD-2023-02317,2023-04-06,2023-04-10,Standard Class,Customer 252,Home Office,United States,Florida,South,Furniture,Bookcases,6,326.04,0.0,1956.24,81.61
ORD-2023-00196,2023-04-07,2023-04-09,First Class,Customer 210,Consumer,United States,New York,East,Office Supplies,Art,3,7.99,0.0,23.97,5.3
ORD-2023-00728,2023-04-07,2023-04-14,Standard Class,Customer 096,Corporate,United States,Michigan,Central,Furniture,Furnishings,8,13.37,0.0,106.96,10.32
ORD-2023-01931,2023-04-08,2023-04-09,First Class,Customer 166,Home Office,United States,Florida,South,Furniture,Tables,7,639.08,0.0,4473.56,359.97
ORD-2023-01543,2023-04-08,2023-04-12,Standard Class,Customer 110,Consumer,United States,Florida,South,Furniture,Chairs,3,215.65,0.2,517.56,-55.29
ORD-2023-01721,2023-04-08,2023-04-10,First Class,Customer 044,Consumer,United States,Michigan,Central,Furniture,Bookcases,9,265.12,0.0,2386.08,232.15
ORD-2023-00001,2023-04-08,2023-04-09,First Class,Customer 246,Corporate,United States,New York,East,Technology,Phones,1,168.07,0.0,168.07,14.71
ORD-2023-01531,2023-04-09,2023-04-13,Standard Class,Customer 261,Corporate,United States,Georgia,South,Furniture,Tables,4,884.35,0.3,2476.18,-621.78
ORD-2023-01809,2023-04-09,2023-04-13,Standard Class,Customer 041,Corporate,United States,Pennsylvania,East,Technology,Copiers,5,3138.69,0.2,12554.76,1190.24
ORD-2023-00172,2023-04-09,2023-04-11,First Class,Customer 189,Consumer,United States,Oregon,West,Office Supplies,Storage,7,169.63,0.0,1187.41,191.79
ORD-2023-00695,2023-04-09,2023-04-12,First Class,Customer 109,Consumer,United States,Georgia,South,Technology,Machines,7,336.53,0.2,1884.57,145.75
ORD-2023-00133,2023-04-10,2023-04-15,Standard Class,Customer 172,Consumer,United States,California,West,Office Supplies,Storage,4,154.88,0.4,371.71,-38.92
ORD-2023-00826,2023-04-10,2023-04-14,Standard Class,Customer 108,Consumer,United States,Oregon,West,Technology,Machines,2,951.26,0.0,1902.52,347.2
ORD-2023-01633,2023-04-10,2023-04-15,Standard Class,Customer 188,Consumer,United States,Oregon,West,Furniture,Bookcases,5,246.32,0.0,1231.6,63.42
ORD-2023-00359,2023-04-10,2023-04-11,First Class,Customer 233,Consumer,United States,Texas,Central,Office Supplies,Appliances,8,197.2,0.2,1262.08,20.67
ORD-2023-02033,2023-04-10,2023-04-17,Standard Class,Customer 135,Consumer,United States,Texas,Central,Technology,Phones,5,305.36,0.0,1526.8,189.37
ORD-2023-00910,2023-04-11,2023-04-12,First Class,Customer 160,Consumer,United States,New York,East,Technology,Machines,4,769.0,0.0,3076.0,687.38
ORD-2023-02082,2023-04-11,2023-04-16,Standard Class,Customer 081,Corporate,United States,Florida,South,Furniture,Chairs,9,129.69,0.2,933.77,-110.42
ORD-2023-00033,2023-04-11,2023-04-15,Standard Class,Customer 118,Consumer,United States,Pennsylvania,East,Furniture,Furnishings,4,59.31,0.3,166.07,-36.74
ORD-2023-02340,2023-04-12,2023-04-15,Second Class,Customer 204,Corporate,United States,Florida,South,Office Supplies,Art,7,16.23,0.4,68.17,-13.81
ORD-2023-00581,2023-04-13,2023-04-13,Same Day,Customer 200,Home Office,United States,New York,East,Furniture,Furnishings,9,107.74,0.0,969.66,53.19
ORD-2023-00951,2023-04-13,2023-04-19,Standard Class,Customer 116,Consumer,United States,North Carolina,South,Technology,Phones,1,407.63,0.4,244.58,-19.63
ORD-2023-00010,2023-04-14,2023-04-21,Standard Class,Customer 264,Consumer,United States,North Carolina,South,Furniture,Chairs,3,296.05,0.4,532.89,-191.19
ORD-2023-00243,2023-04-14,2023-04-19,Standard Class,Customer 003,Corporate,United States,Washington,West,Furniture,Tables,5,887.99,0.0,4439.95,634.88
ORD-2023-00376,2023-04-14,2023-04-16,Second Class,Customer 067,Consumer,United States,Georgia,South,Office Supplies,Binders,7,25.35,0.2,141.96,0.68
ORD-2023-01690,2023-04-14,2023-04-19,Standard Class,Customer 014,Corporate,United States,Illinois,Central,Furniture,Furnishings,4,114.17,0.2,365.34,-12.86
ORD-2023-00791,2023-04-15,2023-04-19,Standard Class,Customer 033,Consumer,United States,Pennsylvania,East,Office Supplies,Art,2,30.03,0.3,42.04,-2.44
ORD-2023-00977,2023-04-15,2023-04-22,Standard Class,Customer 221,Home Office,United States,New York,East,Office Supplies,Paper,8,42.97,0.0,343.76,52.92
ORD-2023-00674,2023-04-15,2023-04-19,Standard Class,Customer 128,Consumer,United States,Oregon,West,Office Supplies,Storage,8,187.09,0.3,1047.7,-22.71
ORD-2023-00700,2023-04-15,2023-04-19,Standard Class,Customer 132,Consumer,United States,North Carolina,South,Furniture,Chairs,6,201.49,0.3,846.26,-169.46
ORD-2023-02453,2023-04-15,2023-04-20,Standard Class,Customer 211,Corporate,United States,Oregon,West,Furniture,Chairs,1,252.81,0.1,227.53,-4.48
ORD-2023-02266,2023-04-15,2023-04-17,First Class,Customer 045,Consumer,United States,Oregon,West,Furniture,Furnishings,2,21.9,0.4,26.28,-7.77
ORD-2023-02306,2023-04-16,2023-04-20,Second Class,Customer 246,Consumer,United States,Texas,Central,Office Supplies,Paper,4,51.7,0.0,206.8,56.06
ORD-2023-00218,2023-04-16,2023-04-20,Second Class,Customer 178,Consumer,United States,Illinois,Central,Furniture,Bookcases,2,96.89,0.0,193.78,4.6
ORD-2023-00087,2023-04-17,2023-04-21,Standard Class,Customer 155,Consumer,United States,Georgia,South,Office Supplies,Storage,7,87.9,0.3,430.71,-20.87
ORD-2023-01842,2023-04-17,2023-04-24,Standard Class,Customer 180,Consumer,United States,California,West,Office Supplies,Paper,3,44.11,0.4,79.4,-15.8
ORD-2023-00588,2023-04-19,2023-04-22,First Class,Customer 048,Consumer,United States,New York,East,Furniture,Tables,9,682.86,0.0,6145.74,1129.11
ORD-2023-01788,2023-04-19,2023-04-23,Second Class,Customer 147,Home Office,United States,North Carolina,South,Technology,Machines,8,1342.28,0.0,10738.24,2546.77
ORD-2023-02472,2023-04-19,2023-04-22,Second Class,Customer 063,Home Office,United States,Michigan,Central,Furniture,Furnishings,3,104.31,0.2,250.34,-27.03
ORD-2023-02321,2023-04-19,2023-04-21,First Class,Customer 085,Consumer,United States,California,West,Furniture,Tables,2,866.81,0.1,1560.26,-135.4
ORD-2023-00891,2023-04-20,2023-04-20,Same Day,Customer 054,Consumer,United States,Michigan,Central,Technology,Copiers,4,639.21,0.0,2556.84,627.03
ORD-2023-01738,2023-04-20,2023-04-24,Second Class,Customer 289,Consumer,United States,Virginia,East,Furniture,Bookcases,5,124.46,0.2,497.84,-74.33
ORD-2023-01880,2023-04-21,2023-04-23,First Class,Customer 019,Consumer,United States,Georgia,South,Office Supplies,Binders,9,28.19,0.0,253.71,53.81
ORD-2023-01436,2023-04-22,2023-04-26,Standard Class,Customer 281,Corporate,United States,Virginia,East,Furniture,Furnishings,5,89.26,0.4,267.78,-69.65
ORD-2023-00580,2023-04-22,2023-04-25,Second Class,Customer 261,Corporate,United States,Pennsylvania,East,Furniture,Bookcases,3,293.38,0.0,880.14,147.9
ORD-2023-01289,2023-04-22,2023-04-28,Standard Class,Customer 233,Consumer,United States,Michigan,Central,Furniture,Chairs,4,359.77,0.0,1439.08,145.12
ORD-2023-01359,2023-04-23,2023-04-27,Standard Class,Customer 200,Consumer,United States,Illinois,Central,Office Supplies,Paper,9,43.88,0.3,276.44,-21.38
ORD-2023-01450,2023-04-23,2023-04-29,Standard Class,Customer 095,Consumer,United States,Pennsylvania,East,Office Supplies,Art,9,24.82,0.2,178.7,-10.31
ORD-2023-02423,2023-04-24,2023-05-01,Standard Class,Customer 018,Consumer,United States,Texas,Central,Office Supplies,Labels,3,20.04,0.0,60.12,14.04
ORD-2023-00258,2023-04-24,2023-04-28,Standard Class,Customer 134,Consumer,United States,Oregon,West,Technology,Copiers,6,1948.72,0.3,8184.62,-464.26
ORD-2023-02475,2023-04-25,2023-04-27,First Class,Customer 030,Consumer,United States,Florida,South,Office Supplies,Appliances,1,341.64,0.3,239.15,-20.08
ORD-2023-01730,2023-04-25,2023-04-29,Standard Class,Customer 239,Consumer,United States,Illinois,Central,Office Supplies,Paper,4,13.81,0.0,55.24,13.42
ORD-2023-01827,2023-04-26,2023-04-26,Same Day,Customer 121,Consumer,United States,Oregon,West,Office Supplies,Binders,5,25.39,0.2,101.56,-8.54
ORD-2023-01166,2023-04-26,2023-05-03,Standard Class,Customer 021,Consumer,United States,Washington,West,Technology,Machines,3,2406.78,0.0,7220.34,1568.22
ORD-2023-02177,2023-04-26,2023-05-03,Standard Class,Customer 203,Corporate,United States,Georgia,South,Technology,Copiers,1,587.52,0.2,470.02,40.01
ORD-2023-00516,2023-04-26,2023-05-02,Standard Class,Customer 240,Consumer,United States,Oregon,West,Furniture,Bookcases,5,307.01,0.1,1381.55,-54.97
ORD-2023-00583,2023-04-27,2023-05-03,Standard Class,Customer 173,Corporate,United States,North Carolina,South,Furniture,Tables,9,804.42,0.3,5067.85,-1176.72
ORD-2023-01855,2023-04-27,2023-05-04,Standard Class,Customer 229,Corporate,United States,Michigan,Central,Office Supplies,Appliances,7,250.57,0.4,1052.39,-73.02
ORD-2023-00460,2023-04-27,2023-05-02,Standard Class,Customer 098,Corporate,United States,Washington,West,Furniture,Tables,8,422.39,0.4,2027.47,-770.78
ORD-2023-02265,2023-04-27,2023-05-03,Standard Class,Customer 248,Consumer,United States,Texas,Central,Furniture,Chairs,9,442.32,0.3,2786.62,-381.35
ORD-2023-00171,2023-04-27,2023-05-01,Second Class,Customer 162,Home Office,United States,New York,East,Office Supplies,Paper,1,10.68,0.2,8.54,0.89
ORD-2023-00818,2023-04-27,2023-04-30,Second Class,Customer 015,Consumer,United States,California,West,Technology,Phones,1,675.8,0.4,405.48,-71.02
ORD-2023-01227,2023-04-28,2023-04-29,First Class,Customer 057,Consumer,United States,Illinois,Central,Furniture,Chairs,1,200.65,0.3,140.45,-23.46
ORD-2023-00310,2023-04-29,2023-05-05,Standard Class,Customer 145,Consumer,United States,Michigan,Central,Technology,Copiers,1,1636.53,0.3,1145.57,-193.03
ORD-2023-00322,2023-04-29,2023-05-04,Standard Class,Customer 132,Consumer,United States,Washington,West,Office Supplies,Binders,1,7.34,0.2,5.87,0.4
ORD-2023-00480,2023-04-30,2023-05-04,Standard Class,Customer 204,Home Office,United States,Florida,South,Furniture,Bookcases,7,85.06,0.1,535.88,-40.99
ORD-2023-01272,2023-04-30,2023-05-07,Standard Class,Customer 120,Consumer,United States,Florida,South,Office Supplies,Binders,4,54.24,0.1,195.26,18.89
ORD-2023-01489,2023-05-02,2023-05-09,Standard Class,Customer 217,Consumer,United States,Michigan,Central,Furniture,Chairs,4,145.88,0.1,525.17,-18.31
ORD-2023-01816,2023-05-02,2023-05-05,Second Class,Customer 248,Consumer,United States,Oregon,West,Furniture,Furnishings,6,88.08,0.0,528.48,35.62
ORD-2023-01867,2023-05-02,2023-05-09,Standard Class,Customer 190,Consumer,United States,Pennsylvania,East,Furniture,Furnishings,3,27.77,0.0,83.31,7.84
ORD-2023-01538,2023-05-02,2023-05-08,Standard Class,Customer 133,Consumer,United States,Georgia,South,Technology,Accessories,6,148.65,0.4,535.14,-102.52
ORD-2023-00808,2023-05-02,2023-05-04,First Class,Customer 070,Consumer,United States,Florida,South,Technology,Machines,6,808.85,0.2,3882.48,123.86
ORD-2023-01484,2023-05-03,2023-05-10,Standard Class,Customer 252,Corporate,United States,Illinois,Central,Furniture,Bookcases,8,285.63,0.1,2056.54,-167.75
ORD-2023-01466,2023-05-03,2023-05-10,Standard Class,Customer 098,Consumer,United States,Texas,Central,Office Supplies,Binders,9,62.55,0.2,450.36,15.86
ORD-2023-02244,2023-05-03,2023-05-10,Standard Class,Customer 277,Home Office,United States,Virginia,East,Furniture,Tables,2,682.01,0.2,1091.22,-65.98
ORD-2023-01579,2023-05-04,2023-05-05,First Class,Customer 183,Consumer,United States,California,West,Furniture,Bookcases,1,137.83,0.2,110.26,-11.11
ORD-2023-00501,2023-05-05,2023-05-12,Standard Class,Customer 106,Corporate,United States,Illinois,Central,Furniture,Bookcases,3,101.61,0.4,182.9,-91.35
ORD-2023-00873,2023-05-05,2023-05-09,Second Class,Customer 183,Home Office,United States,Washington,West,Technology,Accessories,4,70.71,0.3,197.99,-11.98
ORD-2023-01321,2023-05-06,2023-05-11,Standard Class,Customer 046,Consumer,United States,California,West,Office Supplies,Storage,5,96.67,0.4,290.01,-33.24
ORD-2023-00120,2023-05-06,2023-05-10,Standard Class,Customer 173,Consumer,United States,Virginia,East,Technology,Phones,7,410.68,0.0,2874.76,593.19
ORD-2023-01216,2023-05-06,2023-05-10,Standard Class,Customer 260,Consumer,United States,Michigan,Central,Furniture,Tables,1,441.06,0.0,441.06,32.18
ORD-2023-02214,2023-05-07,2023-05-12,Standard Class,Customer 050,Home Office,United States,Washington,West,Office Supplies,Labels,4,8.07,0.3,22.6,-0.82
ORD-2023-00538,2023-05-07,2023-05-13,Standard Class,Customer 251,Consumer,United States,Illinois,Central,Office Supplies,Paper,1,34.56,0.2,27.65,1.29
ORD-2023-02215,2023-05-07,2023-05-12,Standard Class,Customer 067,Consumer,United States,Texas,Central,Furniture,Furnishings,4,18.62,0.1,67.03,0.26
ORD-2023-01020,2023-05-07,2023-05-13,Standard Class,Customer 026,Consumer,United States,Georgia,South,Furniture,Chairs,1,227.66,0.4,136.6,-46.06
ORD-2023-00365,2023-05-08,2023-05-12,Standard Class,Customer 015,Consumer,United States,Virginia,East,Technology,Accessories,2,80.44,0.0,160.88,36.43
ORD-2023-00726,2023-05-09,2023-05-11,Second Class,Customer 263,Consumer,United States,Georgia,South,Office Supplies,Labels,8,14.01,0.0,112.08,28.84
ORD-2023-00778,2023-05-10,2023-05-12,First Class,Customer 290,Home Office,United States,North Carolina,South,Office Supplies,Labels,5,15.48,0.0,77.4,19.13
ORD-2023-02269,2023-05-10,2023-05-17,Standard Class,Customer 121,Consumer,United States,North Carolina,South,Technology,Copiers,3,2944.74,0.2,7067.38,-346.77
ORD-2023-00198,2023-05-10,2023-05-15,Standard Class,Customer 020,Consumer,United States,Washington,West,Furniture,Chairs,4,122.17,0.0,488.68,86.76
ORD-2023-01946,2023-05-11,2023-05-15,Standard Class,Customer 245,Consumer,United States,Georgia,South,Technology,Accessories,5,39.38,0.0,196.9,42.66
ORD-2023-00313,2023-05-11,2023-05-18,Standard Class,Customer 195,Consumer,United States,North Carolina,South,Furniture,Bookcases,6,293.07,0.0,1758.42,290.21
ORD-2023-00946,2023-05-11,2023-05-15,Second Class,Customer 245,Consumer,United States,New York,East,Furniture,Tables,5,544.79,0.3,1906.76,-253.31
ORD-2023-02364,2023-05-11,2023-05-17,Standard Class,Customer 234,Corporate,United States,Georgia,South,Technology,Phones,1,864.15,0.0,864.15,257.13
ORD-2023-00497,2023-05-11,2023-05-12,First Class,Customer 083,Home Office,United States,Florida,South,Technology,Copiers,7,2901.35,0.4,12185.67,-1845.92
ORD-2023-01343,2023-05-11,2023-05-17,Standard Class,Customer 008,Consumer,United States,Pennsylvania,East,Furniture,Furnishings,4,71.2,0.0,284.8,10.99
ORD-2023-01050,2023-05-12,2023-05-16,Standard Class,Customer 230,Consumer,United States,Pennsylvania,East,Furniture,Furnishings,5,57.85,0.1,260.32,1.43
ORD-2023-00724,2023-05-12,2023-05-14,First Class,Customer 213,Corporate,United States,New York,East,Technology,Phones,3,861.15,0.2,2066.76,-59.16
ORD-2023-00863,2023-05-12,2023-05-18,Standard Class,Customer 101,Home Office,United States,Oregon,West,Office Supplies,Storage,2,148.72,0.1,267.7,33.62
ORD-2023-01157,2023-05-12,2023-05-19,Standard Class,Customer 136,Home Office,United States,Pennsylvania,East,Office Supplies,Paper,4,16.86,0.0,67.44,18.4
ORD-2023-01876,2023-05-13,2023-05-17,Second Class,Customer 279,Home Office,United States,Oregon,West,Technology,Phones,9,873.9,0.3,5505.57,-605.56
ORD-2023-01619,2023-05-14,2023-05-18,Standard Class,Customer 283,Consumer,United States,Texas,Central,Furniture,Chairs,6,96.78,0.4,348.41,-72.62
ORD-2023-00418,2023-05-14,2023-05-21,Standard Class,Customer 181,Consumer,United States,California,West,Office Supplies,Art,9,11.36,0.3,71.57,-6.56
ORD-2023-00784,2023-05-14,2023-05-17,First Class,Customer 129,Consumer,United States,Virginia,East,Furniture,Bookcases,9,163.24,0.0,1469.16,83.13
ORD-2023-00386,2023-05-15,2023-05-18,Second Class,Customer 095,Home Office,United States,New York,East,Technology,Machines,7,361.37,0.0,2529.59,451.26
ORD-2023-00783,2023-05-15,2023-05-19,Standard Class,Customer 269,Consumer,United States,Virginia,East,Office Supplies,Storage,8,154.18,0.0,1233.44,315.29
ORD-2023-01238,2023-05-16,2023-05-23,Standard Class,Customer 235,Home Office,United States,Georgia,South,Technology,Copiers,5,2679.0,0.1,12055.5,1761.67
ORD-2023-00436,2023-05-16,2023-05-23,Standard Class,Customer 198,Consumer,United States,Texas,Central,Technology,Phones,9,223.0,0.0,2007.0,328.07
ORD-2023-00874,2023-05-17,2023-05-19,Second Class,Customer 195,Consumer,United States,Texas,Central,Technology,Copiers,2,1546.22,0.4,1855.46,-198.36
ORD-2023-01605,2023-05-17,2023-05-21,Standard Class,Customer 226,Home Office,United States,Oregon,West,Furniture,Bookcases,1,303.39,0.1,273.05,-17.55
ORD-2023-01928,2023-05-18,2023-05-24,Standard Class,Customer 212,Consumer,United States,North Carolina,South,Technology,Copiers,5,2888.2,0.3,10108.7,-282.62
ORD-2023-02080,2023-05-18,2023-05-22,Standard Class,Customer 068,Consumer,United States,Illinois,Central,Furniture,Furnishings,4,17.8,0.1,64.08,3.56
ORD-2023-01610,2023-05-19,2023-05-24,Standard Class,Customer 142,Corporate,United States,Florida,South,Furniture,Furnishings,5,52.44,0.1,235.98,-1.0
ORD-2023-00157,2023-05-19,2023-05-24,Standard Class,Customer 119,Consumer,United States,Texas,Central,Furniture,Chairs,2,467.86,0.0,935.72,-14.68
ORD-2023-00221,2023-05-20,2023-05-26,Standard Class,Customer 270,Corporate,United States,California,West,Office Supplies,Paper,1,14.03,0.0,14.03,3.47
ORD-2023-01630,2023-05-20,2023-05-27,Standard Class,Customer 075,Corporate,United States,California,West,Technology,Machines,7,777.22,0.2,4352.43,-136.66
ORD-2023-01805,2023-05-21,2023-05-25,Second Class,Customer 056,Consumer,United States,Washington,West,Technology,Accessories,8,141.96,0.4,681.41,-123.53
ORD-2023-00759,2023-05-21,2023-05-28,Standard Class,Customer 014,Home Office,United States,Texas,Central,Furniture,Bookcases,3,204.93,0.0,614.79,8.54
ORD-2023-01005,2023-05-21,2023-05-23,Second Class,Customer 008,Consumer,United States,New York,East,Technology,Machines,4,2199.0,0.2,7036.8,194.63
ORD-2023-00018,2023-05-21,2023-05-23,First Class,Customer 250,Home Office,United States,California,West,Furniture,Chairs,5,143.32,0.0,716.6,16.95
ORD-2023-02104,2023-05-22,2023-05-28,Standard Class,Customer 194,Corporate,United States,Washington,West,Technology,Copiers,5,2837.6,0.3,9931.6,-1027.97
ORD-2023-00945,2023-05-22,2023-05-24,Second Class,Customer 113,Corporate,United States,Georgia,South,Technology,Accessories,1,73.37,0.1,66.03,7.27
ORD-2023-02006,2023-05-22,2023-05-25,Second Class,Customer 236,Consumer,United States,Virginia,East,Office Supplies,Labels,3,17.33,0.1,46.79,5.09
ORD-2023-00705,2023-05-22,2023-05-24,Second Class,Customer 097,Home Office,United States,Oregon,West,Furniture,Furnishings,4,66.39,0.2,212.45,-24.37
ORD-2023-00074,2023-05-23,2023-05-26,First Class,Customer 046,Consumer,United States,Texas,Central,Office Supplies,Paper,6,49.15,0.4,176.94,-23.38
ORD-2023-00434,2023-05-24,2023-05-24,Same Day,Customer 038,Consumer,United States,California,West,Office Supplies,Paper,5,22.86,0.2,91.44,6.92
ORD-2023-02085,2023-05-24,2023-05-28,Second Class,Customer 247,Consumer,United States,Michigan,Central,Technology,Phones,4,772.49,0.0,3089.96,573.97
ORD-2023-01776,2023-05-24,2023-05-28,Standard Class,Customer 223,Consumer,United States,California,West,Furniture,Bookcases,4,236.13,0.3,661.16,-103.48
ORD-2023-00414,2023-05-25,2023-05-27,First Class,Customer 094,Consumer,United States,Virginia,East,Office Supplies,Storage,5,101.04,0.0,505.2,94.88
ORD-2023-00443,2023-05-25,2023-05-29,Standard Class,Customer 079,Consumer,United States,New York,East,Technology,Phones,7,168.31,0.1,1060.35,159.23
ORD-2023-00670,2023-05-25,2023-05-29,Standard Class,Customer 044,Corporate,United States,Washington,West,Office Supplies,Labels,3,5.57,0.2,13.37,1.2
ORD-2023-01645,2023-05-25,2023-05-28,First Class,Customer 161,Consumer,United States,Virginia,East,Furniture,Bookcases,9,96.99,0.0,872.91,81.38
ORD-2023-01926,2023-05-25,2023-05-31,Standard Class,Customer 120,Consumer,United States,Michigan,Central,Furniture,Tables,3,529.84,0.3,1112.66,-167.15
ORD-2023-02431,2023-05-25,2023-05-26,First Class,Customer 069,Consumer,United States,Virginia,East,Furniture,Tables,2,837.55,0.0,1675.1,290.86
ORD-2023-00948,2023-05-27,2023-05-29,Second Class,Customer 087,Consumer,United States,Texas,Central,Office Supplies,Binders,3,14.06,0.0,42.18,8.76
ORD-2023-01895,2023-05-27,2023-05-29,Second Class,Customer 180,Corporate,United States,Washington,West,Furniture,Chairs,9,365.33,0.3,2301.58,-557.1
ORD-2023-02480,2023-05-28,2023-06-01,Standard Class,Customer 084,Consumer,United States,Oregon,West,Technology,Machines,7,815.76,0.4,3426.19,-326.55
ORD-2023-01358,2023-05-28,2023-05-31,Second Class,Customer 079,Consumer,United States,Georgia,South,Furniture,Furnishings,2,30.7,0.3,42.98,-9.81
ORD-2023-00604,2023-05-28,2023-06-02,Standard Class,Customer 217,Corporate,United States,California,West,Technology,Phones,8,811.75,0.3,4545.8,-109.23
ORD-2023-02207,2023-05-28,2023-05-29,First Class,Customer 073,Consumer,United States,New York,East,Furniture,Furnishings,5,35.57,0.1,160.06,-5.24
ORD-2023-01819,2023-05-29,2023-06-03,Standard Class,Customer 081,Consumer,United States,Virginia,East,Technology,Machines,3,402.93,0.3,846.15,-15.29
ORD-2023-01342,2023-05-30,2023-06-03,Second Class,Customer 220,Corporate,United States,North Carolina,South,Technology,Copiers,3,2984.7,0.3,6267.87,312.11
ORD-2023-00823,2023-05-30,2023-06-03,Standard Class,Customer 021,Consumer,United States,Virginia,East,Office Supplies,Appliances,5,53.46,0.2,213.84,2.85
ORD-2023-00682,2023-05-31,2023-06-03,Second Class,Customer 077,Consumer,United States,Michigan,Central,Technology,Copiers,5,3194.71,0.0,15973.55,2495.63
ORD-2023-02378,2023-05-31,2023-06-05,Standard Class,Customer 095,Consumer,United States,Florida,South,Office Supplies,Paper,6,45.82,0.1,247.43,28.6
ORD-2023-02210,2023-06-01,2023-06-06,Standard Class,Customer 228,Home Office,United States,Texas,Central,Office Supplies,Labels,3,15.85,0.0,47.55,10.33
ORD-2023-02108,2023-06-01,2023-06-06,Standard Class,Customer 023,Consumer,United States,Oregon,West,Furniture,Bookcases,3,152.62,0.3,320.5,-53.77
ORD-2023-01836,2023-06-01,2023-06-05,Second Class,Customer 263,Consumer,United States,California,West,Office Supplies,Binders,2,79.96,0.0,159.92,39.74
ORD-2023-02234,2023-06-01,2023-06-08,Standard Class,Customer 160,Consumer,United States,Texas,Central,Office Supplies,Binders,9,10.92,0.0,98.28,21.61
ORD-2023-01528,2023-06-01,2023-06-07,Standard Class,Customer 199,Corporate,United States,Virginia,East,Furniture,Furnishings,3,93.21,0.2,223.7,-32.96
ORD-2023-00721,2023-06-02,2023-06-03,First Class,Customer 271,Home Office,United States,Michigan,Central,Technology,Machines,8,1445.33,0.2,9250.11,376.44
ORD-2023-00769,2023-06-03,2023-06-07,Standard Class,Customer 120,Home Office,United States,North Carolina,South,Furniture,Tables,3,540.81,0.0,1622.43,123.91
ORD-2023-00306,2023-06-03,2023-06-10,Standard Class,Customer 049,Corporate,United States,Texas,Central,Furniture,Chairs,4,434.82,0.0,1739.28,97.77
ORD-2023-00118,2023-06-03,2023-06-09,Standard Class,Customer 299,Consumer,United States,Illinois,Central,Furniture,Chairs,1,251.9,0.0,251.9,24.33
ORD-2023-00462,2023-06-03,2023-06-09,Standard Class,Customer 141,Consumer,United States,Texas,Central,Technology,Phones,9,750.85,0.0,6757.65,1479.7
ORD-2023-01445,2023-06-03,2023-06-10,Standard Class,Customer 129,Consumer,United States,North Carolina,South,Office Supplies,Appliances,2,398.44,0.0,796.88,205.64
ORD-2023-00241,2023-06-03,2023-06-07,Standard Class,Customer 259,Consumer,United States,Oregon,West,Office Supplies,Paper,6,21.47,0.0,128.82,17.85
ORD-2023-00100,2023-06-03,2023-06-10,Standard Class,Customer 232,Consumer,United States,Oregon,West,Furniture,Chairs,7,397.43,0.3,1947.41,-285.22
ORD-2023-00620,2023-06-03,2023-06-07,Second Class,Customer 217,Consumer,United States,North Carolina,South,Technology,Phones,3,125.85,0.2,302.04,-7.72
ORD-2023-00329,2023-06-04,2023-06-10,Standard Class,Customer 056,Corporate,United States,Washington,West,Office Supplies,Storage,7,52.46,0.2,293.78,2.81
ORD-2023-01090,2023-06-05,2023-06-12,Standard Class,Customer 157,Consumer,United States,Michigan,Central,Technology,Copiers,2,851.9,0.4,1022.28,-210.31
ORD-2023-01187,2023-06-06,2023-06-13,Standard Class,Customer 133,Consumer,United States,Illinois,Central,Furniture,Bookcases,4,250.5,0.0,1002.0,133.97
ORD-2023-01963,2023-06-06,2023-06-12,Standard Class,Customer 103,Consumer,United States,Washington,West,Office Supplies,Appliances,8,38.49,0.2,246.34,2.21
ORD-2023-00834,2023-06-06,2023-06-06,Same Day,Customer 024,Consumer,United States,Oregon,West,Technology,Accessories,8,103.17,0.0,825.36,144.71
ORD-2023-00528,2023-06-07,2023-06-10,First Class,Customer 211,Consumer,United States,Virginia,East,Office Supplies,Paper,6,32.43,0.2,155.66,16.54
ORD-2023-00408,2023-06-07,2023-06-13,Standard Class,Customer 215,Consumer,United States,Washington,West,Office Supplies,Paper,6,20.17,0.4,72.61,-6.63
ORD-2023-01612,2023-06-07,2023-06-13,Standard Class,Customer 300,Consumer,United States,Texas,Central,Furniture,Chairs,3,68.58,0.2,164.59,-32.83
ORD-2023-01063,2023-06-07,2023-06-11,Standard Class,Customer 099,Consumer,United States,New York,East,Furniture,Tables,9,596.73,0.1,4833.51,-86.22
ORD-2023-02302,2023-06-07,2023-06-09,Second Class,Customer 066,Consumer,United States,Washington,West,Technology,Copiers,9,1919.25,0.4,10363.95,-2000.39
ORD-2023-00256,2023-06-08,2023-06-13,Standard Class,Customer 240,Consumer,United States,Pennsylvania,East,Furniture,Bookcases,5,310.03,0.4,930.09,-216.88
ORD-2023-00924,2023-06-09,2023-06-15,Standard Class,Customer 214,Consumer,United States,Oregon,West,Furniture,Tables,1,160.71,0.1,144.64,-4.02
ORD-2023-01935,2023-06-10,2023-06-15,Standard Class,Customer 129,Corporate,United States,North Carolina,South,Office Supplies,Storage,4,92.4,0.1,332.64,47.36
ORD-2023-00522,2023-06-10,2023-06-13,Second Class,Customer 023,Corporate,United States,Illinois,Central,Technology,Accessories,5,73.8,0.1,332.1,29.67
ORD-2023-02330,2023-06-10,2023-06-11,First Class,Customer 078,Consumer,United States,Pennsylvania,East,Furniture,Tables,9,877.98,0.3,5531.27,-1129.06
ORD-2023-00752,2023-06-11,2023-06-15,Standard Class,Customer 110,Corporate,United States,Virginia,East,Office Supplies,Binders,7,41.53,0.0,290.71,71.99
ORD-2023-00975,2023-06-12,2023-06-17,Standard Class,Customer 005,Consumer,United States,Georgia,South,Technology,Phones,5,899.56,0.4,2698.68,-384.79
ORD-2023-01575,2023-06-12,2023-06-17,Standard Class,Customer 199,Home Office,United States,Virginia,East,Office Supplies,Appliances,5,154.08,0.1,693.36,43.18
ORD-2023-00457,2023-06-12,2023-06-14,First Class,Customer 044,Home Office,United States,Virginia,East,Technology,Copiers,4,3153.49,0.4,7568.38,-1475.37
ORD-2023-00938,2023-06-12,2023-06-17,Standard Class,Customer 227,Home Office,United States,California,West,Furniture,Bookcases,6,97.5,0.0,585.0,69.55
ORD-2023-01607,2023-06-12,2023-06-18,Standard Class,Customer 161,Corporate,United States,Texas,Central,Technology,Copiers,7,2895.95,0.0,20271.65,3494.21
ORD-2023-01698,2023-06-13,2023-06-13,Same Day,Customer 048,Consumer,United States,Georgia,South,Office Supplies,Paper,1,46.51,0.0,46.51,11.43
ORD-2023-02063,2023-06-13,2023-06-18,Standard Class,Customer 153,Home Office,United States,Michigan,Central,Office Supplies,Binders,6,20.0,0.3,84.0,-4.19
ORD-2023-01524,2023-06-14,2023-06-16,First Class,Customer 055,Consumer,United States,Oregon,West,Technology,Copiers,1,3083.88,0.0,3083.88,372.36
ORD-2023-01677,2023-06-14,2023-06-18,Second Class,Customer 195,Corporate,United States,Pennsylvania,East,Technology,Accessories,4,80.08,0.0,320.32,56.16
ORD-2023-01104,2023-06-15,2023-06-22,Standard Class,Customer 054,Consumer,United States,North Carolina,South,Furniture,Bookcases,5,127.1,0.0,635.5,113.84
ORD-2023-00273,2023-06-16,2023-06-23,Standard Class,Customer 261,Corporate,United States,Oregon,West,Technology,Machines,1,339.91,0.0,339.91,63.47
ORD-2023-02008,2023-06-16,2023-06-18,Second Class,Customer 028,Home Office,United States,Michigan,Central,Technology,Phones,3,721.78,0.2,1732.27,119.62
ORD-2023-00357,2023-06-16,2023-06-21,Standard Class,Customer 298,Consumer,United States,Florida,South,Office Supplies,Storage,2,75.53,0.4,90.64,-11.09
ORD-2023-00182,2023-06-16,2023-06-21,Standard Class,Customer 283,Consumer,United States,Pennsylvania,East,Furniture,Bookcases,3,105.26,0.1,284.2,7.86
ORD-2023-01481,2023-06-16,2023-06-19,First Class,Customer 255,Consumer,United States,Pennsylvania,East,Office Supplies,Art,9,30.71,0.3,193.47,4.46
ORD-2023-00390,2023-06-17,2023-06-23,Standard Class,Customer 198,Corporate,United States,Georgia,South,Technology,Copiers,8,2004.99,0.1,14435.93,984.98
ORD-2023-01970,2023-06-17,2023-06-19,First Class,Customer 199,Consumer,United States,Florida,South,Technology,Accessories,7,96.51,0.0,675.57,111.73
ORD-2023-02013,2023-06-17,2023-06-21,Standard Class,Customer 260,Corporate,United States,North Carolina,South,Furniture,Furnishings,2,69.27,0.1,124.69,5.68
ORD-2023-01046,2023-06-18,2023-06-24,Standard Class,Customer 250,Corporate,United States,Texas,Central,Office Supplies,Appliances,2,240.35,0.1,432.63,56.26
ORD-2023-01229,2023-06-18,2023-06-24,Standard Class,Customer 081,Corporate,United States,Florida,South,Technology,Accessories,9,65.59,0.0,590.31,134.95
ORD-2023-00536,2023-06-18,2023-06-25,Standard Class,Customer 241,Consumer,United States,Washington,West,Technology,Phones,1,782.05,0.0,782.05,166.0
ORD-2023-00961,2023-06-18,2023-06-21,First Class,Customer 099,Consumer,United States,Illinois,Central,Technology,Copiers,8,1456.6,0.4,6991.68,-639.87
ORD-2023-02308,2023-06-18,2023-06-20,First Class,Customer 047,Consumer,United States,Washington,West,Office Supplies,Binders,5,33.61,0.0,168.05,52.98
ORD-2023-01537,2023-06-18,2023-06-25,Standard Class,Customer 255,Consumer,United States,Pennsylvania,East,Office Supplies,Labels,7,3.54,0.0,24.78,5.96
ORD-2023-02222,2023-06-18,2023-06-23,Standard Class,Customer 190,Corporate,United States,Washington,West,Office Supplies,Art,4,13.53,0.1,48.71,6.44
ORD-2023-00058,2023-06-19,2023-06-25,Standard Class,Customer 175,Corporate,United States,California,West,Furniture,Bookcases,4,112.43,0.0,449.72,79.22
ORD-2023-00884,2023-06-20,2023-06-20,Same Day,Customer 049,Home Office,United States,North Carolina,South,Technology,Phones,2,169.54,0.0,339.08,48.39
ORD-2023-01406,2023-06-20,2023-06-26,Standard Class,Customer 212,Corporate,United States,Washington,West,Office Supplies,Art,7,19.47,0.4,81.77,-12.53
ORD-2023-02249,2023-06-20,2023-06-25,Standard Class,Customer 114,Consumer,United States,Georgia,South,Furniture,Furnishings,2,37.44,0.2,59.9,-11.65
ORD-2023-00533,2023-06-20,2023-06-26,Standard Class,Customer 243,Home Office,United States,New York,East,Furniture,Tables,7,782.27,0.0,5475.89,493.75
ORD-2023-01655,2023-06-21,2023-06-25,Standard Class,Customer 223,Corporate,United States,Illinois,Central,Office Supplies,Binders,9,75.02,0.3,472.63,9.28
ORD-2023-00847,2023-06-21,2023-06-28,Standard Class,Customer 015,Corporate,United States,California,West,Office Supplies,Storage,3,148.55,0.4,267.39,-39.02
ORD-2023-02427,2023-06-22,2023-06-28,Standard Class,Customer 037,Consumer,United States,Pennsylvania,East,Furniture,Bookcases,5,114.09,0.3,399.31,-41.88
ORD-2023-01947,2023-06-22,2023-06-28,Standard Class,Customer 273,Corporate,United States,Virginia,East,Technology,Copiers,5,2231.75,0.3,7811.12,-596.05
ORD-2023-00750,2023-06-22,2023-06-26,Second Class,Customer 109,Consumer,United States,Virginia,East,Office Supplies,Art,4,33.35,0.3,93.38,-17.51
ORD-2023-00937,2023-06-23,2023-06-30,Standard Class,Customer 128,Consumer,United States,Georgia,South,Furniture,Chairs,4,141.71,0.3,396.79,-62.42
ORD-2023-01854,2023-06-25,2023-06-27,Second Class,Customer 264,Home Office,United States,Oregon,West,Technology,Copiers,3,2151.93,0.0,6455.79,1471.23
ORD-2023-01695,2023-06-25,2023-06-29,Standard Class,Customer 123,Home Office,United States,Virginia,East,Furniture,Bookcases,7,234.87,0.0,1644.09,217.37
ORD-2023-01908,2023-06-26,2023-07-02,Standard Class,Customer 091,Consumer,United States,Georgia,South,Technology,Copiers,5,2744.34,0.0,13721.7,2370.11
ORD-2023-00178,2023-06-26,2023-06-29,Second Class,Customer 115,Consumer,United States,Texas,Central,Technology,Phones,4,251.73,0.2,805.54,59.05
ORD-2023-00287,2023-06-26,2023-06-30,Standard Class,Customer 206,Consumer,United States,Illinois,Central,Office Supplies,Art,4,21.13,0.2,67.62,1.47
ORD-2023-00083,2023-06-26,2023-07-01,Standard Class,Customer 227,Consumer,United States,Georgia,South,Office Supplies,Appliances,5,81.47,0.0,407.35,74.3
ORD-2023-02369,2023-06-27,2023-07-03,Standard Class,Customer 181,Corporate,United States,Washington,West,Technology,Accessories,2,131.24,0.3,183.74,-1.6
ORD-2023-01487,2023-06-28,2023-07-03,Standard Class,Customer 076,Corporate,United States,North Carolina,South,Technology,Accessories,8,95.63,0.0,765.04,115.37
ORD-2023-01778,2023-06-28,2023-07-01,Second Class,Customer 159,Corporate,United States,Georgia,South,Furniture,Furnishings,1,10.62,0.4,6.37,-1.48
ORD-2023-01556,2023-06-28,2023-07-01,First Class,Customer 243,Consumer,United States,Oregon,West,Furniture,Tables,8,604.02,0.4,2899.3,-946.66
ORD-2023-02433,2023-06-28,2023-07-04,Standard Class,Customer 071,Consumer,United States,Florida,South,Furniture,Chairs,8,272.03,0.0,2176.24,264.64
ORD-2023-02095,2023-06-28,2023-06-29,First Class,Customer 120,Home Office,United States,Texas,Central,Technology,Phones,4,683.91,0.2,2188.51,-47.88
ORD-2023-01936,2023-06-29,2023-07-06,Standard Class,Customer 179,Home Office,United States,Pennsylvania,East,Technology,Phones,7,810.21,0.3,3970.03,88.64
ORD-2023-01076,2023-06-29,2023-07-03,Standard Class,Customer 282,Consumer,United States,Pennsylvania,East,Office Supplies,Appliances,6,384.92,0.4,1385.71,-236.42
ORD-2023-01941,2023-06-30,2023-07-04,Standard Class,Customer 006,Corporate,United States,New York,East,Technology,Phones,3,607.45,0.1,1640.12,201.16
ORD-2023-00350,2023-06-30,2023-07-07,Standard Class,Customer 179,Home Office,United States,Texas,Central,Office Supplies,Paper,7,47.81,0.3,234.27,7.94
ORD-2023-00623,2023-06-30,2023-07-05,Standard Class,Customer 170,Corporate,United States,Pennsylvania,East,Office Supplies,Paper,5,22.86,0.1,102.87,7.78
ORD-2023-01850,2023-07-01,2023-07-06,Standard Class,Customer 195,Consumer,United States,New York,East,Furniture,Chairs,1,239.08,0.0,239.08,35.89
ORD-2023-01078,2023-07-01,2023-07-03,First Class,Customer 122,Corporate,United States,Illinois,Central,Technology,Copiers,8,2567.58,0.1,18486.58,1971.85
ORD-2023-00467,2023-07-01,2023-07-05,Standard Class,Customer 206,Consumer,United States,Washington,West,Technology,Phones,6,843.96,0.1,4557.38,589.64
ORD-2023-00532,2023-07-01,2023-07-06,Standard Class,Customer 151,Consumer,United States,Georgia,South,Office Supplies,Storage,7,16.04,0.3,78.6,-4.57
ORD-2023-00041,2023-07-01,2023-07-07,Standard Class,Customer 172,Home Office,United States,Michigan,Central,Technology,Accessories,6,118.61,0.3,498.16,-35.19
ORD-2023-01596,2023-07-01,2023-07-06,Standard Class,Customer 104,Consumer,United States,Washington,West,Technology,Copiers,1,2661.21,0.0,2661.21,431.6
ORD-2023-01637,2023-07-01,2023-07-07,Standard Class,Customer 069,Corporate,United States,Illinois,Central,Technology,Copiers,9,1234.88,0.1,10002.53,1614.82
ORD-2023-00187,2023-07-02,2023-07-08,Standard Class,Customer 169,Home Office,United States,Virginia,East,Furniture,Tables,4,653.52,0.2,2091.26,110.79
ORD-2023-00703,2023-07-03,2023-07-06,Second Class,Customer 112,Home Office,United States,Michigan,Central,Technology,Copiers,9,2163.38,0.0,19470.42,4073.35
ORD-2023-00168,2023-07-03,2023-07-06,Second Class,Customer 196,Home Office,United States,Michigan,Central,Furniture,Bookcases,4,318.16,0.3,890.85,-106.94
ORD-2023-02200,2023-07-03,2023-07-07,Standard Class,Customer 286,Consumer,United States,North Carolina,South,Technology,Accessories,8,135.55,0.4,650.64,-100.97
ORD-2023-02297,2023-07-03,2023-07-07,Standard Class,Customer 054,Consumer,United States,Georgia,South,Office Supplies,Binders,5,6.3,0.1,28.35,2.96
ORD-2023-02328,2023-07-04,2023-07-11,Standard Class,Customer 209,Corporate,United States,New York,East,Office Supplies,Paper,6,17.22,0.3,72.32,-3.31
ORD-2023-00685,2023-07-05,2023-07-05,Same Day,Customer 180,Home Office,United States,New York,East,Office Supplies,Binders,7,26.21,0.1,165.12,12.21
ORD-2023-01193,2023-07-06,2023-07-06,Same Day,Customer 077,Consumer,United States,Florida,South,Office Supplies,Labels,9,16.58,0.1,134.3,9.32
ORD-2023-00262,2023-07-06,2023-07-11,Standard Class,Customer 099,Corporate,United States,Texas,Central,Office Supplies,Appliances,5,26.5,0.0,132.5,18.65
ORD-2023-00704,2023-07-07,2023-07-10,Second Class,Customer 180,Home Office,United States,Texas,Central,Technology,Copiers,2,2933.56,0.2,4693.7,150.41
ORD-2023-01433,2023-07-07,2023-07-11,Second Class,Customer 080,Corporate,United States,Washington,West,Technology,Phones,9,380.94,0.1,3085.61,328.85
ORD-2023-02103,2023-07-08,2023-07-11,Second Class,Customer 261,Home Office,United States,Texas,Central,Technology,Copiers,3,2665.04,0.3,5596.58,-597.39
ORD-2023-02450,2023-07-08,2023-07-10,Second Class,Customer 056,Consumer,United States,Florida,South,Technology,Copiers,4,896.59,0.4,2151.82,-297.29
ORD-2023-02051,2023-07-08,2023-07-10,Second Class,Customer 222,Consumer,United States,California,West,Office Supplies,Binders,5,52.73,0.2,210.92,20.01
ORD-2023-01616,2023-07-09,2023-07-11,Second Class,Customer 156,Corporate,United States,North Carolina,South,Office Supplies,Labels,3,13.58,0.0,40.74,8.36
ORD-2023-01032,2023-07-09,2023-07-13,Standard Class,Customer 276,Consumer,United States,Oregon,West,Furniture,Tables,7,535.59,0.4,2249.48,-678.19
ORD-2023-00908,2023-07-09,2023-07-12,Second Class,Customer 084,Corporate,United States,Illinois,Central,Office Supplies,Appliances,7,211.13,0.0,1477.91,219.97
ORD-2023-00544,2023-07-11,2023-07-17,Standard Class,Customer 002,Home Office,United States,California,West,Furniture,Tables,9,399.6,0.0,3596.4,361.61
ORD-2023-00411,2023-07-11,2023-07-11,Same Day,Customer 072,Home Office,United States,Texas,Central,Technology,Machines,6,1789.6,0.0,10737.6,1441.17
ORD-2023-02370,2023-07-12,2023-07-16,Standard Class,Customer 132,Consumer,United States,Florida,South,Office Supplies,Paper,8,12.54,0.0,100.32,22.33
ORD-2023-00761,2023-07-12,2023-07-18,Standard Class,Customer 284,Corporate,United States,Pennsylvania,East,Office Supplies,Paper,9,19.3,0.3,121.59,-12.76
ORD-2023-00259,2023-07-12,2023-07-16,Second Class,Customer 121,Corporate,United States,California,West,Office Supplies,Storage,4,166.72,0.0,666.88,180.17
ORD-2023-00661,2023-07-13,2023-07-20,Standard Class,Customer 198,Corporate,United States,Pennsylvania,East,Technology,Accessories,1,86.13,0.0,86.13,16.45
ORD-2023-02478,2023-07-13,2023-07-19,Standard Class,Customer 179,Consumer,United States,Pennsylvania,East,Furniture,Chairs,3,433.97,0.1,1171.72,-78.3
ORD-2023-02368,2023-07-13,2023-07-19,Standard Class,Customer 192,Consumer,United States,Michigan,Central,Office Supplies,Art,9,13.09,0.1,106.03,19.65
ORD-2023-02248,2023-07-13,2023-07-19,Standard Class,Customer 230,Corporate,United States,Georgia,South,Technology,Copiers,8,1872.93,0.4,8990.06,-1188.69
ORD-2023-00230,2023-07-13,2023-07-18,Standard Class,Customer 131,Corporate,United States,California,West,Office Supplies,Binders,2,9.8,0.3,13.72,0.08
ORD-2023-02147,2023-07-13,2023-07-14,First Class,Customer 149,Consumer,United States,Pennsylvania,East,Furniture,Chairs,5,182.32,0.0,911.6,-5.04
ORD-2023-02032,2023-07-14,2023-07-21,Standard Class,Customer 065,Consumer,United States,Pennsylvania,East,Furniture,Tables,1,796.48,0.0,796.48,91.12
ORD-2023-01174,2023-07-14,2023-07-18,Standard Class,Customer 081,Home Office,United States,Florida,South,Technology,Phones,6,282.2,0.0,1693.2,340.2
ORD-2023-01883,2023-07-14,2023-07-17,Second Class,Customer 209,Corporate,United States,Oregon,West,Technology,Phones,8,669.16,0.0,5353.28,712.49
ORD-2023-01405,2023-07-14,2023-07-20,Standard Class,Customer 286,Corporate,United States,Florida,South,Furniture,Furnishings,9,21.27,0.4,114.86,-31.88
ORD-2023-02275,2023-07-14,2023-07-19,Standard Class,Customer 104,Consumer,United States,Virginia,East,Office Supplies,Labels,6,11.9,0.0,71.4,13.88
ORD-2023-01702,2023-07-15,2023-07-21,Standard Class,Customer 039,Consumer,United States,Virginia,East,Office Supplies,Storage,9,75.95,0.0,683.55,170.48
ORD-2023-00251,2023-07-16,2023-07-18,Second Class,Customer 288,Corporate,United States,Virginia,East,Office Supplies,Art,1,29.85,0.1,26.87,7.27
ORD-2023-02381,2023-07-16,2023-07-22,Standard Class,Customer 281,Consumer,United States,North Carolina,South,Furniture,Chairs,3,372.09,0.0,1116.27,20.43
ORD-2023-00392,2023-07-16,2023-07-18,First Class,Customer 291,Home Office,United States,Michigan,Central,Office Supplies,Paper,7,20.16,0.2,112.9,0.59
ORD-2023-01886,2023-07-16,2023-07-20,Second Class,Customer 182,Consumer,United States,Oregon,West,Furniture,Chairs,3,276.01,0.1,745.23,33.72
ORD-2023-02483,2023-07-17,2023-07-17,Same Day,Customer 080,Consumer,United States,New York,East,Technology,Copiers,2,567.16,0.1,1020.89,126.11
ORD-2023-00349,2023-07-18,2023-07-24,Standard Class,Customer 055,Corporate,United States,Washington,West,Furniture,Tables,2,276.79,0.3,387.51,-65.61
ORD-2023-01106,2023-07-18,2023-07-21,Second Class,Customer 195,Consumer,United States,Pennsylvania,East,Furniture,Bookcases,4,104.72,0.4,251.33,-69.75
ORD-2023-00564,2023-07-18,2023-07-24,Standard Class,Customer 046,Corporate,United States,Georgia,South,Furniture,Furnishings,5,66.01,0.1,297.05,-19.08
ORD-2023-00469,2023-07-18,2023-07-22,Standard Class,Customer 172,Home Office,United States,California,West,Office Supplies,Paper,8,56.95,0.0,455.6,111.72
ORD-2023-01639,2023-07-19,2023-07-23,Standard Class,Customer 250,Consumer,United States,Georgia,South,Technology,Copiers,3,3483.32,0.3,7314.97,224.62
ORD-2023-00023,2023-07-20,2023-07-21,First Class,Customer 028,Consumer,United States,Michigan,Central,Office Supplies,Art,5,11.27,0.3,39.44,2.43
ORD-2023-01929,2023-07-20,2023-07-24,Standard Class,Customer 235,Home Office,United States,New York,East,Furniture,Tables,2,425.53,0.0,851.06,53.56
ORD-2023-00635,2023-07-20,2023-07-26,Standard Class,Customer 060,Corporate,United States,Pennsylvania,East,Technology,Copiers,7,1584.71,0.0,11092.97,1953.91
ORD-2023-00912,2023-07-21,2023-07-23,Second Class,Customer 006,Consumer,United States,Texas,Central,Furniture,Bookcases,8,134.35,0.2,859.84,-58.91
ORD-2023-02385,2023-07-21,2023-07-26,Standard Class,Customer 199,Corporate,United States,Virginia,East,Technology,Machines,3,1146.98,0.3,2408.66,-231.13
ORD-2023-01432,2023-07-22,2023-07-28,Standard Class,Customer 255,Corporate,United States,North Carolina,South,Technology,Copiers,7,2731.44,0.3,13384.06,351.29
ORD-2023-01891,2023-07-23,2023-07-26,Second Class,Customer 082,Consumer,United States,Virginia,East,Technology,Machines,3,497.05,0.0,1491.15,298.84
ORD-2023-01798,2023-07-23,2023-07-27,Standard Class,Customer 064,Home Office,United States,Texas,Central,Technology,Copiers,8,1194.12,0.2,7642.37,-55.2
ORD-2023-01663,2023-07-23,2023-07-28,Standard Class,Customer 022,Consumer,United States,New York,East,Furniture,Tables,6,806.9,0.4,2904.84,-826.29
ORD-2023-01345,2023-07-24,2023-07-28,Second Class,Customer 260,Consumer,United States,Florida,South,Technology,Phones,4,635.44,0.4,1525.06,-259.73
ORD-2023-01960,2023-07-25,2023-07-26,First Class,Customer 180,Corporate,United States,Washington,West,Office Supplies,Binders,1,74.84,0.2,59.87,2.35
ORD-2023-01326,2023-07-25,2023-07-31,Standard Class,Customer 161,Home Office,United States,Pennsylvania,East,Furniture,Bookcases,7,224.08,0.0,1568.56,157.89
ORD-2023-00253,2023-07-26,2023-08-02,Standard Class,Customer 252,Consumer,United States,Georgia,South,Office Supplies,Appliances,6,66.12,0.0,396.72,88.55
ORD-2023-01534,2023-07-26,2023-08-01,Standard Class,Customer 098,Corporate,United States,Texas,Central,Office Supplies,Art,7,24.28,0.3,118.97,-5.85
ORD-2023-02071,2023-07-27,2023-07-31,Standard Class,Customer 041,Corporate,United States,Michigan,Central,Office Supplies,Art,9,24.06,0.2,173.23,12.18
ORD-2023-00072,2023-07-27,2023-07-31,Standard Class,Customer 197,Consumer,United States,California,West,Technology,Accessories,1,41.9,0.3,29.33,-3.69
ORD-2023-01651,2023-07-27,2023-08-01,Standard Class,Customer 284,Corporate,United States,Oregon,West,Technology,Accessories,6,37.9,0.0,227.4,63.07
ORD-2023-01523,2023-07-29,2023-08-02,Second Class,Customer 193,Home Office,United States,New York,East,Technology,Accessories,2,89.24,0.4,107.09,-20.45
ORD-2023-01178,2023-07-29,2023-08-05,Standard Class,Customer 012,Corporate,United States,Michigan,Central,Technology,Copiers,7,1598.16,0.2,8949.7,413.91
ORD-2023-02392,2023-07-30,2023-08-03,Standard Class,Customer 141,Consumer,United States,Virginia,East,Furniture,Tables,3,471.18,0.4,848.12,-192.65
ORD-2023-00523,2023-07-30,2023-08-01,Second Class,Customer 232,Consumer,United States,California,West,Furniture,Chairs,1,66.35,0.0,66.35,-0.96
ORD-2023-00888,2023-07-31,2023-08-02,First Class,Customer 162,Home Office,United States,North Carolina,South,Furniture,Furnishings,1,36.58,0.0,36.58,1.89
ORD-2023-01113,2023-07-31,2023-08-06,Standard Class,Customer 259,Consumer,United States,Pennsylvania,East,Office Supplies,Paper,8,27.41,0.0,219.28,61.09
ORD-2023-02220,2023-07-31,2023-08-04,Standard Class,Customer 026,Consumer,United States,New York,East,Technology,Accessories,8,56.38,0.4,270.62,-57.28
ORD-2023-00543,2023-08-02,2023-08-08,Standard Class,Customer 220,Corporate,United States,Virginia,East,Technology,Phones,3,604.94,0.2,1451.86,45.38
ORD-2023-00052,2023-08-02,2023-08-06,Standard Class,Customer 102,Corporate,United States,Virginia,East,Furniture,Chairs,6,406.63,0.0,2439.78,0.24
ORD-2023-01115,2023-08-02,2023-08-07,Standard Class,Customer 288,Home Office,United States,Pennsylvania,East,Office Supplies,Appliances,7,298.48,0.4,1253.62,-253.32
ORD-2023-02466,2023-08-03,2023-08-07,Standard Class,Customer 072,Consumer,United States,Virginia,East,Furniture,Bookcases,6,321.92,0.0,1931.52,189.15
ORD-2023-00993,2023-08-04,2023-08-08,Second Class,Customer 127,Consumer,United States,Oregon,West,Office Supplies,Appliances,4,62.16,0.2,198.91,7.09
ORD-2023-01770,2023-08-04,2023-08-06,First Class,Customer 152,Consumer,United States,Illinois,Central,Furniture,Furnishings,4,90.13,0.3,252.36,-59.06
ORD-2023-00398,2023-08-04,2023-08-09,Standard Class,Customer 037,Consumer,United States,Michigan,Central,Furniture,Chairs,6,360.21,0.3,1512.88,-221.74
ORD-2023-02094,2023-08-05,2023-08-11,Standard Class,Customer 171,Corporate,United States,Georgia,South,Furniture,Bookcases,6,81.64,0.0,489.84,67.25
ORD-2023-00838,2023-08-06,2023-08-11,Standard Class,Customer 165,Consumer,United States,Texas,Central,Furniture,Bookcases,2,190.39,0.0,380.78,27.14
ORD-2023-01787,2023-08-06,2023-08-08,Second Class,Customer 142,Consumer,United States,California,West,Technology,Phones,1,713.33,0.0,713.33,158.79
ORD-2023-01704,2023-08-07,2023-08-11,Second Class,Customer 209,Consumer,United States,Michigan,Central,Office Supplies,Art,3,16.92,0.3,35.53,-1.91
ORD-2023-00426,2023-08-07,2023-08-10,First Class,Customer 124,Corporate,United States,Georgia,South,Office Supplies,Paper,1,56.32,0.0,56.32,12.74
ORD-2023-01085,2023-08-08,2023-08-13,Standard Class,Customer 299,Corporate,United States,Oregon,West,Office Supplies,Labels,9,3.45,0.3,21.73,-0.34
ORD-2023-00102,2023-08-08,2023-08-11,First Class,Customer 269,Consumer,United States,Georgia,South,Technology,Phones,5,447.54,0.0,2237.7,502.29
ORD-2023-00009,2023-08-09,2023-08-13,Standard Class,Customer 049,Corporate,United States,Georgia,South,Office Supplies,Paper,9,48.27,0.0,434.43,95.07
ORD-2023-02349,2023-08-09,2023-08-13,Standard Class,Customer 125,Consumer,United States,Texas,Central,Furniture,Furnishings,5,85.5,0.1,384.75,4.96
ORD-2023-00653,2023-08-10,2023-08-12,Second Class,Customer 127,Corporate,United States,New York,East,Technology,Accessories,5,53.32,0.2,213.28,2.23
ORD-2023-00224,2023-08-10,2023-08-15,Standard Class,Customer 230,Home Office,United States,Georgia,South,Furniture,Bookcases,3,267.95,0.0,803.85,49.95
ORD-2023-01364,2023-08-10,2023-08-15,Standard Class,Customer 047,Corporate,United States,Florida,South,Furniture,Chairs,6,102.5,0.3,430.5,-121.36
ORD-2023-00664,2023-08-10,2023-08-13,Second Class,Customer 254,Corporate,United States,Georgia,South,Technology,Phones,7,386.56,0.2,2164.74,-18.87
ORD-2023-00872,2023-08-10,2023-08-16,Standard Class,Customer 110,Consumer,United States,Virginia,East,Office Supplies,Labels,4,19.04,0.0,76.16,20.14
ORD-2023-01796,2023-08-10,2023-08-16,Standard Class,Customer 006,Home Office,United States,Pennsylvania,East,Technology,Copiers,4,1730.87,0.0,6923.48,1604.0
ORD-2023-02116,2023-08-10,2023-08-16,Standard Class,Customer 115,Corporate,United States,Florida,South,Furniture,Chairs,1,107.93,0.2,86.34,-8.83
ORD-2023-00339,2023-08-11,2023-08-17,Standard Class,Customer 038,Corporate,United States,Oregon,West,Technology,Machines,8,1782.54,0.1,12834.29,1758.69
ORD-2023-01740,2023-08-13,2023-08-18,Standard Class,Customer 282,Home Office,United States,Washington,West,Furniture,Tables,6,783.82,0.0,4702.92,54.54
ORD-2023-02496,2023-08-14,2023-08-17,First Class,Customer 083,Consumer,United States,Florida,South,Office Supplies,Art,8,15.85,0.2,101.44,3.19
ORD-2023-01872,2023-08-15,2023-08-15,Same Day,Customer 091,Home Office,United States,Washington,West,Furniture,Tables,3,558.42,0.0,1675.26,196.17
ORD-2023-01474,2023-08-15,2023-08-19,Second Class,Customer 181,Home Office,United States,North Carolina,South,Furniture,Tables,6,400.5,0.4,1441.8,-455.77
ORD-2023-02474,2023-08-15,2023-08-20,Standard Class,Customer 021,Consumer,United States,New York,East,Furniture,Furnishings,1,51.42,0.0,51.42,5.42
ORD-2023-01940,2023-08-16,2023-08-20,Standard Class,Customer 276,Consumer,United States,Pennsylvania,East,Office Supplies,Appliances,6,178.38,0.0,1070.28,144.43
ORD-2023-00735,2023-08-17,2023-08-21,Second Class,Customer 292,Home Office,United States,Florida,South,Technology,Phones,8,294.27,0.0,2354.16,383.01
ORD-2023-02360,2023-08-17,2023-08-19,Second Class,Customer 231,Home Office,United States,Pennsylvania,East,Furniture,Furnishings,7,92.93,0.0,650.51,32.7
ORD-2023-01072,2023-08-18,2023-08-22,Second Class,Customer 290,Consumer,United States,Pennsylvania,East,Technology,Copiers,3,3287.46,0.2,7889.9,918.41
ORD-2023-02277,2023-08-19,2023-08-26,Standard Class,Customer 283,Corporate,United States,Florida,South,Office Supplies,Art,2,31.92,0.3,44.69,-5.41
ORD-2023-01745,2023-08-19,2023-08-25,Standard Class,Customer 217,Consumer,United States,California,West,Furniture,Bookcases,4,95.92,0.2,306.94,-4.82
ORD-2023-01989,2023-08-19,2023-08-26,Standard Class,Customer 251,Home Office,United States,Oregon,West,Office Supplies,Appliances,7,319.21,0.2,1787.58,126.87
ORD-2023-02444,2023-08-21,2023-08-25,Standard Class,Customer 142,Home Office,United States,Virginia,East,Office Supplies,Labels,4,20.45,0.0,81.8,21.99
ORD-2023-01988,2023-08-21,2023-08-26,Standard Class,Customer 264,Corporate,United States,Georgia,South,Technology,Phones,5,699.23,0.0,3496.15,999.79
ORD-2023-01710,2023-08-21,2023-08-26,Standard Class,Customer 156,Home Office,United States,Oregon,West,Office Supplies,Art,7,21.78,0.1,137.21,10.09
ORD-2023-02470,2023-08-23,2023-08-27,Second Class,Customer 133,Corporate,United States,Illinois,Central,Office Supplies,Storage,3,176.78,0.0,530.34,185.4
ORD-2023-00142,2023-08-24,2023-08-27,First Class,Customer 275,Home Office,United States,Georgia,South,Technology,Phones,4,213.83,0.1,769.79,110.15
ORD-2023-02462,2023-08-24,2023-08-31,Standard Class,Customer 097,Home Office,United States,North Carolina,South,Furniture,Furnishings,2,33.89,0.0,67.78,1.21
ORD-2023-01395,2023-08-25,2023-08-28,Second Class,Customer 003,Consumer,United States,Washington,West,Technology,Accessories,2,128.46,0.0,256.92,46.92
ORD-2023-01582,2023-08-26,2023-08-26,Same Day,Customer 049,Consumer,United States,Georgia,South,Office Supplies,Labels,5,5.41,0.0,27.05,4.44
ORD-2023-00964,2023-08-27,2023-08-31,Second Class,Customer 069,Corporate,United States,Michigan,Central,Furniture,Furnishings,2,42.05,0.0,84.1,8.22
ORD-2023-02194,2023-08-28,2023-09-03,Standard Class,Customer 263,Consumer,United States,Illinois,Central,Technology,Phones,2,576.5,0.3,807.1,-27.78
ORD-2023-02358,2023-08-29,2023-09-05,Standard Class,Customer 048,Home Office,United States,Pennsylvania,East,Technology,Copiers,9,1968.77,0.0,17718.93,3494.72
ORD-2023-00903,2023-08-29,2023-09-03,Standard Class,Customer 254,Corporate,United States,California,West,Furniture,Chairs,8,286.44,0.4,1374.91,-419.87
ORD-2023-01355,2023-08-29,2023-08-31,Second Class,Customer 074,Corporate,United States,Florida,South,Office Supplies,Art,3,13.56,0.2,32.54,3.05
ORD-2023-02394,2023-08-30,2023-09-03,Second Class,Customer 251,Corporate,United States,Michigan,Central,Technology,Copiers,5,2521.77,0.2,10087.08,546.34
ORD-2023-02299,2023-09-01,2023-09-08,Standard Class,Customer 042,Corporate,United States,New York,East,Furniture,Chairs,5,235.95,0.4,707.85,-211.13
ORD-2023-01257,2023-09-01,2023-09-05,Standard Class,Customer 182,Corporate,United States,Washington,West,Office Supplies,Storage,2,93.13,0.4,111.76,-17.66
ORD-2023-01839,2023-09-01,2023-09-07,Standard Class,Customer 148,Corporate,United States,North Carolina,South,Furniture,Bookcases,8,220.24,0.0,1761.92,146.32
ORD-2023-00363,2023-09-02,2023-09-08,Standard Class,Customer 233,Home Office,United States,Florida,South,Furniture,Chairs,8,249.73,0.0,1997.84,143.36
ORD-2023-02241,2023-09-03,2023-09-04,First Class,Customer 060,Corporate,United States,Washington,West,Furniture,Tables,7,192.04,0.0,1344.28,129.93
ORD-2023-00976,2023-09-05,2023-09-12,Standard Class,Customer 212,Consumer,United States,Illinois,Central,Office Supplies,Art,1,27.71,0.0,27.71,3.75
ORD-2023-02315,2023-09-06,2023-09-07,First Class,Customer 127,Consumer,United States,North Carolina,South,Office Supplies,Binders,3,11.24,0.0,33.72,10.46
ORD-2023-00078,2023-09-06,2023-09-11,Standard Class,Customer 286,Consumer,United States,Michigan,Central,Furniture,Bookcases,6,302.59,0.4,1089.32,-246.66
ORD-2023-00032,2023-09-07,2023-09-12,Standard Class,Customer 235,Corporate,United States,North Carolina,South,Office Supplies,Binders,4,28.12,0.0,112.48,21.24
ORD-2023-00567,2023-09-07,2023-09-14,Standard Class,Customer 108,Consumer,United States,Georgia,South,Furniture,Tables,6,488.2,0.0,2929.2,255.6
ORD-2023-01512,2023-09-08,2023-09-12,Standard Class,Customer 235,Corporate,United States,Virginia,East,Office Supplies,Storage,7,33.37,0.3,163.51,-7.45
ORD-2023-01503,2023-09-09,2023-09-11,Second Class,Customer 021,Corporate,United States,New York,East,Technology,Accessories,2,26.51,0.3,37.11,-6.45
ORD-2023-00412,2023-09-09,2023-09-15,Standard Class,Customer 071,Consumer,United States,Texas,Central,Office Supplies,Binders,7,32.07,0.3,157.14,-4.69
ORD-2023-01479,2023-09-10,2023-09-15,Standard Class,Customer 086,Corporate,United States,Virginia,East,Technology,Copiers,3,1469.87,0.1,3968.65,352.52
ORD-2023-01545,2023-09-10,2023-09-15,Standard Class,Customer 241,Corporate,United States,Washington,West,Technology,Phones,9,812.5,0.0,7312.5,1646.0
ORD-2023-00326,2023-09-10,2023-09-17,Standard Class,Customer 021,Consumer,United States,North Carolina,South,Technology,Phones,4,653.53,0.1,2352.71,206.88
ORD-2023-01656,2023-09-11,2023-09-18,Standard Class,Customer 009,Consumer,United States,Oregon,West,Furniture,Tables,2,342.44,0.4,410.93,-104.16
ORD-2023-00626,2023-09-12,2023-09-16,Standard Class,Customer 278,Consumer,United States,Florida,South,Office Supplies,Art,5,26.4,0.0,132.0,25.18
ORD-2023-00486,2023-09-12,2023-09-16,Standard Class,Customer 054,Consumer,United States,California,West,Technology,Phones,4,578.31,0.3,1619.27,-84.82
ORD-2023-01112,2023-09-13,2023-09-18,Standard Class,Customer 106,Consumer,United States,Oregon,West,Furniture,Bookcases,3,130.1,0.0,390.3,39.38
ORD-2023-02175,2023-09-13,2023-09-13,Same Day,Customer 064,Consumer,United States,California,West,Office Supplies,Paper,9,19.84,0.0,178.56,37.66
ORD-2023-01877,2023-09-13,2023-09-16,First Class,Customer 091,Consumer,United States,North Carolina,South,Furniture,Chairs,1,73.62,0.0,73.62,-0.3
ORD-2023-01817,2023-09-14,2023-09-14,Same Day,Customer 225,Home Office,United States,New York,East,Office Supplies,Appliances,2,399.83,0.2,639.73,55.44
ORD-2023-00148,2023-09-14,2023-09-18,Standard Class,Customer 008,Home Office,United States,North Carolina,South,Office Supplies,Labels,2,14.99,0.2,23.98,0.7
ORD-2023-01291,2023-09-14,2023-09-21,Standard Class,Customer 249,Consumer,United States,North Carolina,South,Office Supplies,Appliances,1,343.39,0.0,343.39,98.56
ORD-2023-02293,2023-09-15,2023-09-22,Standard Class,Customer 074,Consumer,United States,Illinois,Central,Office Supplies,Storage,9,56.43,0.1,457.08,80.55
ORD-2023-01386,2023-09-15,2023-09-18,First Class,Customer 051,Corporate,United States,North Carolina,South,Office Supplies,Art,9,26.68,0.2,192.1,2.99
ORD-2023-01288,2023-09-15,2023-09-19,Standard Class,Customer 185,Home Office,United States,North Carolina,South,Furniture,Bookcases,2,292.07,0.1,525.73,23.4
ORD-2023-02209,2023-09-15,2023-09-16,First Class,Customer 244,Consumer,United States,Texas,Central,Technology,Accessories,9,126.34,0.0,1137.06,224.32
ORD-2023-00719,2023-09-16,2023-09-22,Standard Class,Customer 247,Consumer,United States,Georgia,South,Office Supplies,Binders,4,50.0,0.0,200.0,39.97
ORD-2023-01609,2023-09-16,2023-09-21,Standard Class,Customer 082,Consumer,United States,Texas,Central,Furniture,Chairs,6,297.07,0.1,1604.18,-29.31
ORD-2023-00637,2023-09-16,2023-09-23,Standard Class,Customer 252,Corporate,United States,North Carolina,South,Furniture,Bookcases,9,95.6,0.0,860.4,74.6
ORD-2023-00566,2023-09-17,2023-09-24,Standard Class,Customer 099,Home Office,United States,Pennsylvania,East,Technology,Machines,6,1976.84,0.4,7116.62,-1188.09
ORD-2023-00327,2023-09-17,2023-09-24,Standard Class,Customer 266,Consumer,United States,Florida,South,Furniture,Bookcases,9,275.39,0.1,2230.66,68.9
ORD-2023-00510,2023-09-17,2023-09-23,Standard Class,Customer 236,Home Office,United States,Michigan,Central,Office Supplies,Binders,2,47.56,0.1,85.61,11.84
ORD-2023-01308,2023-09-18,2023-09-18,Same Day,Customer 188,Corporate,United States,North Carolina,South,Office Supplies,Appliances,5,390.84,0.1,1758.78,400.12
ORD-2023-00854,2023-09-19,2023-09-22,Second Class,Customer 048,Consumer,United States,Florida,South,Furniture,Bookcases,8,286.55,0.3,1604.68,-374.55
ORD-2023-00189,2023-09-19,2023-09-19,Same Day,Customer 047,Corporate,United States,Michigan,Central,Technology,Phones,7,312.55,0.0,2187.85,535.34
ORD-2023-01265,2023-09-19,2023-09-24,Standard Class,Customer 081,Consumer,United States,Michigan,Central,Technology,Accessories,9,36.92,0.0,332.28,69.51
ORD-2023-00097,2023-09-20,2023-09-25,Standard Class,Customer 010,Consumer,United States,Florida,South,Office Supplies,Paper,6,56.02,0.0,336.12,68.2
ORD-2023-01047,2023-09-20,2023-09-25,Standard Class,Customer 263,Consumer,United States,Michigan,Central,Technology,Copiers,6,2593.62,0.1,14005.55,1974.79
ORD-2023-00593,2023-09-20,2023-09-25,Standard Class,Customer 119,Consumer,United States,Florida,South,Office Supplies,Storage,9,163.62,0.4,883.55,-196.31
ORD-2023-02182,2023-09-21,2023-09-23,First Class,Customer 141,Corporate,United States,Virginia,East,Furniture,Tables,6,480.98,0.0,2885.88,297.6
ORD-2023-00832,2023-09-21,2023-09-27,Standard Class,Customer 125,Corporate,United States,Oregon,West,Technology,Machines,7,1123.41,0.2,6291.1,-147.58
ORD-2023-01402,2023-09-22,2023-09-24,First Class,Customer 267,Consumer,United States,Florida,South,Furniture,Tables,5,892.93,0.4,2678.79,-826.85
ORD-2023-00384,2023-09-22,2023-09-24,Second Class,Customer 184,Home Office,United States,Washington,West,Technology,Accessories,5,22.1,0.0,110.5,20.48
ORD-2023-01542,2023-09-22,2023-09-24,First Class,Customer 180,Corporate,United States,Virginia,East,Office Supplies,Appliances,5,141.81,0.4,425.43,-38.91
ORD-2023-01506,2023-09-23,2023-09-27,Standard Class,Customer 128,Corporate,United States,California,West,Office Supplies,Appliances,4,205.02,0.3,574.06,27.14
ORD-2023-01251,2023-09-23,2023-09-25,Second Class,Customer 197,Consumer,United States,California,West,Technology,Machines,7,2358.87,0.0,16512.09,2874.69
ORD-2023-01786,2023-09-24,2023-09-25,First Class,Customer 013,Consumer,United States,Washington,West,Technology,Machines,9,2497.53,0.2,17982.22,739.58
ORD-2023-01107,2023-09-25,2023-09-29,Second Class,Customer 019,Home Office,United States,North Carolina,South,Technology,Accessories,4,23.51,0.0,94.04,17.69
ORD-2023-02253,2023-09-25,2023-09-29,Standard Class,Customer 078,Corporate,United States,Georgia,South,Furniture,Tables,3,655.29,0.2,1572.7,-42.51
ORD-2023-02162,2023-09-25,2023-09-29,Standard Class,Customer 182,Consumer,United States,Michigan,Central,Office Supplies,Binders,9,57.11,0.3,359.79,-7.24
ORD-2023-00315,2023-09-25,2023-09-27,Second Class,Customer 054,Consumer,United States,Pennsylvania,East,Furniture,Tables,5,361.53,0.1,1626.88,-100.39
ORD-2023-01709,2023-09-25,2023-09-29,Standard Class,Customer 035,Corporate,United States,New York,East,Technology,Machines,2,1204.96,0.0,2409.92,620.33
ORD-2023-01124,2023-09-25,2023-09-30,Standard Class,Customer 161,Consumer,United States,Pennsylvania,East,Furniture,Furnishings,2,43.08,0.2,68.93,-8.63
ORD-2023-02487,2023-09-25,2023-09-27,Second Class,Customer 289,Consumer,United States,Georgia,South,Furniture,Bookcases,6,136.21,0.4,490.36,-136.64
ORD-2023-01892,2023-09-26,2023-10-01,Standard Class,Customer 007,Home Office,United States,California,West,Technology,Phones,2,307.15,0.0,614.3,179.99
ORD-2023-01906,2023-09-26,2023-10-03,Standard Class,Customer 249,Consumer,United States,California,West,Technology,Copiers,7,1147.88,0.0,8035.16,1295.79
ORD-2023-00857,2023-09-26,2023-10-03,Standard Class,Customer 010,Home Office,United States,Florida,South,Technology,Machines,8,2191.72,0.0,17533.76,4463.4
ORD-2023-01811,2023-09-26,2023-10-02,Standard Class,Customer 257,Consumer,United States,Washington,West,Furniture,Chairs,1,145.17,0.4,87.1,-22.63
ORD-2023-00119,2023-09-27,2023-09-30,Second Class,Customer 276,Consumer,United States,New York,East,Office Supplies,Storage,7,48.43,0.0,339.01,87.96
ORD-2023-01013,2023-09-27,2023-09-30,Second Class,Customer 007,Corporate,United States,Texas,Central,Technology,Copiers,4,2196.47,0.0,8785.88,1809.73
ORD-2023-00989,2023-09-27,2023-10-04,Standard Class,Customer 272,Home Office,United States,Illinois,Central,Technology,Machines,1,536.87,0.1,483.18,53.16
ORD-2023-01454,2023-09-27,2023-10-04,Standard Class,Customer 291,Corporate,United States,Pennsylvania,East,Office Supplies,Labels,5,6.2,0.4,18.6,-2.59
ORD-2023-00831,2023-09-27,2023-10-03,Standard Class,Customer 052,Corporate,United States,Georgia,South,Furniture,Chairs,7,296.49,0.0,2075.43,196.07
ORD-2023-01515,2023-09-28,2023-09-30,Second Class,Customer 123,Corporate,United States,Washington,West,Technology,Accessories,7,100.09,0.2,560.5,65.87
ORD-2023-02100,2023-09-28,2023-10-02,Standard Class,Customer 121,Consumer,United States,Washington,West,Furniture,Chairs,7,209.56,0.2,1173.54,-128.25
ORD-2023-00508,2023-09-29,2023-10-03,Second Class,Customer 090,Consumer,United States,Pennsylvania,East,Office Supplies,Storage,5,44.31,0.2,177.24,23.14
ORD-2023-01904,2023-09-30,2023-10-02,Second Class,Customer 282,Home Office,United States,Pennsylvania,East,Furniture,Bookcases,3,327.68,0.0,983.04,49.68
ORD-2023-00925,2023-09-30,2023-10-07,Standard Class,Customer 042,Corporate,United States,California,West,Technology,Phones,9,756.28,0.3,4764.56,-28.84
ORD-2023-01563,2023-09-30,2023-09-30,Same Day,Customer 050,Consumer,United States,California,West,Furniture,Tables,1,279.83,0.4,167.9,-58.03
ORD-2023-02237,2023-10-01,2023-10-04,First Class,Customer 029,Corporate,United States,Florida,South,Furniture,Bookcases,7,289.22,0.0,2024.54,326.37
ORD-2023-00568,2023-10-01,2023-10-01,Same Day,Customer 086,Consumer,United States,New York,East,Furniture,Bookcases,2,229.42,0.2,367.07,-38.95
ORD-2023-00617,2023-10-01,2023-10-07,Standard Class,Customer 058,Corporate,United States,Washington,West,Technology,Accessories,7,120.33,0.0,842.31,144.58
ORD-2023-01413,2023-10-02,2023-10-06,Standard Class,Customer 001,Corporate,United States,North Carolina,South,Furniture,Furnishings,5,51.5,0.0,257.5,-3.48
ORD-2023-00483,2023-10-02,2023-10-04,First Class,Customer 165,Corporate,United States,New York,East,Furniture,Chairs,5,312.77,0.1,1407.46,12.09
ORD-2023-01818,2023-10-04,2023-10-08,Standard Class,Customer 240,Consumer,United States,Pennsylvania,East,Furniture,Tables,7,812.44,0.0,5687.08,640.1
ORD-2023-02399,2023-10-04,2023-10-09,Standard Class,Customer 190,Consumer,United States,Pennsylvania,East,Technology,Phones,7,133.14,0.3,652.39,-82.57
ORD-2023-01852,2023-10-05,2023-10-11,Standard Class,Customer 069,Corporate,United States,Florida,South,Furniture,Bookcases,5,317.72,0.4,953.16,-265.93
ORD-2023-01942,2023-10-05,2023-10-09,Second Class,Customer 143,Consumer,United States,Oregon,West,Furniture,Chairs,1,247.81,0.1,223.03,5.86
ORD-2023-00696,2023-10-05,2023-10-11,Standard Class,Customer 232,Consumer,United States,New York,East,Technology,Phones,1,368.47,0.1,331.62,28.44
ORD-2023-01562,2023-10-06,2023-10-11,Standard Class,Customer 070,Consumer,United States,Virginia,East,Technology,Phones,9,553.43,0.0,4980.87,1257.84
ORD-2023-00919,2023-10-06,2023-10-10,Standard Class,Customer 107,Home Office,United States,Virginia,East,Office Supplies,Labels,4,8.77,0.1,31.57,4.4
ORD-2023-01660,2023-10-06,2023-10-09,Second Class,Customer 072,Consumer,United States,Georgia,South,Office Supplies,Paper,8,43.88,0.2,280.83,13.73
ORD-2023-01307,2023-10-07,2023-10-11,Second Class,Customer 187,Consumer,United States,Texas,Central,Office Supplies,Paper,7,24.31,0.0,170.17,37.13
ORD-2023-02126,2023-10-07,2023-10-09,Second Class,Customer 090,Home Office,United States,Oregon,West,Office Supplies,Binders,3,65.94,0.2,158.26,0.61
ORD-2023-01425,2023-10-08,2023-10-15,Standard Class,Customer 159,Consumer,United States,Virginia,East,Office Supplies,Appliances,5,270.84,0.0,1354.2,295.56
ORD-2023-00346,2023-10-08,2023-10-13,Standard Class,Customer 130,Consumer,United States,Pennsylvania,East,Technology,Machines,9,1716.77,0.4,9270.56,-1699.66
ORD-2023-02188,2023-10-10,2023-10-12,Second Class,Customer 152,Consumer,United States,Washington,West,Furniture,Tables,4,794.64,0.1,2860.7,168.61
ORD-2023-00933,2023-10-10,2023-10-16,Standard Class,Customer 228,Consumer,United States,Michigan,Central,Furniture,Furnishings,1,100.17,0.0,100.17,4.09
ORD-2023-02346,2023-10-10,2023-10-14,Standard Class,Customer 243,Home Office,United States,Pennsylvania,East,Furniture,Furnishings,3,94.86,0.2,227.66,-21.55
ORD-2023-02421,2023-10-11,2023-10-17,Standard Class,Customer 122,Consumer,United States,Michigan,Central,Technology,Phones,1,390.61,0.4,234.37,-22.12
ORD-2023-02079,2023-10-11,2023-10-17,Standard Class,Customer 192,Corporate,United States,California,West,Furniture,Tables,9,230.18,0.3,1450.13,-304.14
ORD-2023-01804,2023-10-12,2023-10-19,Standard Class,Customer 131,Home Office,United States,Georgia,South,Office Supplies,Art,3,4.3,0.0,12.9,3.1
ORD-2023-01179,2023-10-12,2023-10-16,Standard Class,Customer 187,Corporate,United States,North Carolina,South,Office Supplies,Labels,6,3.07,0.1,16.58,2.14
ORD-2023-02418,2023-10-13,2023-10-14,First Class,Customer 060,Corporate,United States,Washington,West,Furniture,Chairs,6,116.19,0.3,488.0,-90.28
ORD-2023-01502,2023-10-13,2023-10-15,First Class,Customer 125,Corporate,United States,Oregon,West,Furniture,Furnishings,4,64.82,0.1,233.35,-3.91
ORD-2023-00211,2023-10-14,2023-10-16,First Class,Customer 001,Corporate,United States,Oregon,West,Furniture,Bookcases,4,303.29,0.2,970.53,-173.29
ORD-2023-00380,2023-10-15,2023-10-17,Second Class,Customer 034,Consumer,United States,Florida,South,Technology,Accessories,5,32.05,0.0,160.25,34.6
ORD-2023-01297,2023-10-16,2023-10-18,First Class,Customer 143,Consumer,United States,Washington,West,Office Supplies,Labels,3,10.66,0.2,25.58,0.69
ORD-2023-00209,2023-10-16,2023-10-20,Standard Class,Customer 030,Consumer,United States,Michigan,Central,Technology,Phones,3,524.23,0.0,1572.69,279.06
ORD-2023-01882,2023-10-17,2023-10-21,Standard Class,Customer 016,Consumer,United States,Michigan,Central,Office Supplies,Binders,8,55.39,0.3,310.18,-13.45
ORD-2023-01459,2023-10-17,2023-10-20,First Class,Customer 190,Consumer,United States,Oregon,West,Furniture,Bookcases,8,155.65,0.4,747.12,-148.0
ORD-2023-01621,2023-10-18,2023-10-23,Standard Class,Customer 015,Consumer,United States,Georgia,South,Furniture,Chairs,2,447.89,0.0,895.78,28.43
ORD-2023-01701,2023-10-18,2023-10-20,Second Class,Customer 068,Consumer,United States,North Carolina,South,Furniture,Tables,2,899.29,0.3,1259.01,-234.6
ORD-2023-02492,2023-10-18,2023-10-25,Standard Class,Customer 062,Corporate,United States,Florida,South,Technology,Copiers,1,1104.03,0.2,883.22,2.81
ORD-2023-01261,2023-10-19,2023-10-26,Standard Class,Customer 083,Home Office,United States,North Carolina,South,Technology,Phones,7,183.73,0.2,1028.89,49.27
ORD-2023-00206,2023-10-19,2023-10-22,Second Class,Customer 203,Consumer,United States,Oregon,West,Office Supplies,Binders,9,17.75,0.4,95.85,-19.93
ORD-2023-00618,2023-10-20,2023-10-25,Standard Class,Customer 173,Corporate,United States,North Carolina,South,Office Supplies,Binders,1,14.26,0.4,8.56,-1.4
ORD-2023-00292,2023-10-20,2023-10-25,Standard Class,Customer 275,Corporate,United States,California,West,Office Supplies,Appliances,2,179.62,0.0,359.24,111.03
ORD-2023-01429,2023-10-20,2023-10-24,Standard Class,Customer 145,Corporate,United States,Oregon,West,Office Supplies,Appliances,4,133.84,0.4,321.22,-36.12
ORD-2023-02301,2023-10-21,2023-10-26,Standard Class,Customer 186,Corporate,United States,California,West,Technology,Machines,3,1166.03,0.1,3148.28,-2.14
ORD-2023-01673,2023-10-21,2023-10-28,Standard Class,Customer 268,Consumer,United States,North Carolina,South,Furniture,Chairs,3,327.09,0.4,588.76,-152.3
ORD-2023-00509,2023-10-22,2023-10-26,Standard Class,Customer 114,Consumer,United States,Georgia,South,Office Supplies,Art,3,23.78,0.0,71.34,9.11
ORD-2023-01011,2023-10-22,2023-10-29,Standard Class,Customer 024,Consumer,United States,Illinois,Central,Furniture,Tables,9,645.83,0.2,4649.98,-225.87
ORD-2023-01123,2023-10-22,2023-10-27,Standard Class,Customer 019,Consumer,United States,Illinois,Central,Furniture,Furnishings,6,79.47,0.3,333.77,-42.37
ORD-2023-02333,2023-10-22,2023-10-28,Standard Class,Customer 089,Consumer,United States,North Carolina,South,Office Supplies,Paper,6,7.01,0.4,25.24,-4.57
ORD-2023-00890,2023-10-24,2023-10-27,First Class,Customer 181,Consumer,United States,Michigan,Central,Technology,Copiers,3,3222.36,0.4,5800.25,-1141.33
ORD-2023-02430,2023-10-24,2023-10-31,Standard Class,Customer 229,Consumer,United States,North Carolina,South,Technology,Accessories,4,60.49,0.2,193.57,3.88
ORD-2023-02238,2023-10-24,2023-10-28,Standard Class,Customer 077,Consumer,United States,Virginia,East,Furniture,Furnishings,5,22.05,0.0,110.25,10.32
ORD-2023-00779,2023-10-24,2023-10-24,Same Day,Customer 081,Consumer,United States,New York,East,Technology,Phones,8,679.59,0.0,5436.72,711.66
ORD-2023-00744,2023-10-24,2023-10-29,Standard Class,Customer 283,Consumer,United States,Pennsylvania,East,Furniture,Furnishings,6,16.44,0.3,69.05,-11.47
ORD-2023-00216,2023-10-26,2023-10-29,Second Class,Customer 117,Corporate,United States,Washington,West,Furniture,Bookcases,3,157.85,0.0,473.55,34.26
ORD-2023-01640,2023-10-27,2023-10-31,Standard Class,Customer 289,Consumer,United States,New York,East,Technology,Accessories,5,46.49,0.3,162.72,-6.28
ORD-2023-00505,2023-10-28,2023-10-31,Second Class,Customer 153,Corporate,United States,Georgia,South,Office Supplies,Appliances,6,272.35,0.0,1634.1,382.89
ORD-2023-01491,2023-10-29,2023-11-05,Standard Class,Customer 211,Consumer,United States,North Carolina,South,Furniture,Furnishings,5,105.95,0.4,317.85,-65.82
ORD-2023-02106,2023-10-29,2023-11-04,Standard Class,Customer 145,Home Office,United States,Washington,West,Technology,Machines,7,1871.61,0.0,13101.27,1990.04
ORD-2023-01322,2023-10-29,2023-10-29,Same Day,Customer 255,Consumer,United States,Texas,Central,Furniture,Tables,5,263.71,0.0,1318.55,-34.81
ORD-2023-00281,2023-10-30,2023-11-04,Standard Class,Customer 280,Consumer,United States,Oregon,West,Office Supplies,Storage,6,145.32,0.0,871.92,188.09
ORD-2023-00039,2023-10-31,2023-11-04,Standard Class,Customer 080,Home Office,United States,Texas,Central,Office Supplies,Appliances,1,176.08,0.3,123.26,-10.04
ORD-2023-00111,2023-10-31,2023-11-06,Standard Class,Customer 189,Consumer,United States,Illinois,Central,Office Supplies,Binders,5,9.55,0.0,47.75,10.59
ORD-2023-00143,2023-10-31,2023-11-04,Standard Class,Customer 176,Corporate,United States,Michigan,Central,Technology,Copiers,5,2393.86,0.2,9575.44,292.87
ORD-2023-00950,2023-11-01,2023-11-06,Standard Class,Customer 053,Consumer,United States,Illinois,Central,Furniture,Chairs,8,397.81,0.0,3182.48,245.14
ORD-2023-01794,2023-11-01,2023-11-08,Standard Class,Customer 100,Consumer,United States,New York,East,Furniture,Chairs,4,69.08,0.2,221.06,-18.02
ORD-2023-02045,2023-11-01,2023-11-06,Standard Class,Customer 002,Consumer,United States,Virginia,East,Furniture,Tables,1,844.22,0.2,675.38,-68.18
ORD-2023-01192,2023-11-01,2023-11-06,Standard Class,Customer 018,Consumer,United States,Illinois,Central,Technology,Machines,7,2318.54,0.0,16229.78,2063.09
ORD-2023-00413,2023-11-03,2023-11-07,Standard Class,Customer 262,Corporate,United States,Illinois,Central,Furniture,Chairs,6,200.03,0.0,1200.18,51.75
ORD-2023-02109,2023-11-04,2023-11-08,Standard Class,Customer 056,Consumer,United States,Virginia,East,Office Supplies,Labels,2,18.64,0.0,37.28,6.35
ORD-2023-02311,2023-11-04,2023-11-07,Second Class,Customer 086,Home Office,United States,Illinois,Central,Furniture,Furnishings,1,81.75,0.4,49.05,-10.0
ORD-2023-01028,2023-11-04,2023-11-07,Second Class,Customer 286,Home Office,United States,Texas,Central,Furniture,Bookcases,5,190.0,0.4,570.0,-174.77
ORD-2023-02000,2023-11-04,2023-11-11,Standard Class,Customer 179,Consumer,United States,New York,East,Technology,Copiers,4,2567.79,0.1,9244.04,1201.2
ORD-2023-00399,2023-11-04,2023-11-10,Standard Class,Customer 197,Consumer,United States,Pennsylvania,East,Furniture,Furnishings,6,56.75,0.0,340.5,46.47
ORD-2023-01999,2023-11-04,2023-11-11,Standard Class,Customer 087,Consumer,United States,Illinois,Central,Technology,Phones,3,412.41,0.1,1113.51,103.15
ORD-2023-01551,2023-11-04,2023-11-11,Standard Class,Customer 274,Corporate,United States,California,West,Technology,Phones,4,712.63,0.2,2280.42,33.15
ORD-2023-02111,2023-11-05,2023-11-11,Standard Class,Customer 076,Consumer,United States,Illinois,Central,Technology,Copiers,4,1695.99,0.3,4748.77,-320.49
ORD-2023-00152,2023-11-05,2023-11-09,Standard Class,Customer 060,Home Office,United States,Virginia,East,Furniture,Chairs,9,450.12,0.3,2835.76,-834.43
ORD-2023-00314,2023-11-05,2023-11-12,Standard Class,Customer 111,Consumer,United States,Pennsylvania,East,Technology,Phones,8,103.84,0.0,830.72,151.29
ORD-2023-00573,2023-11-06,2023-11-10,Standard Class,Customer 208,Consumer,United States,Washington,West,Office Supplies,Storage,5,190.16,0.1,855.72,120.63
ORD-2023-01917,2023-11-06,2023-11-10,Second Class,Customer 163,Corporate,United States,North Carolina,South,Furniture,Chairs,7,415.91,0.2,2329.1,-58.81
ORD-2023-02110,2023-11-07,2023-11-10,Second Class,Customer 251,Corporate,United States,Texas,Central,Furniture,Furnishings,1,16.75,0.1,15.08,-0.83
ORD-2023-01410,2023-11-07,2023-11-09,First Class,Customer 253,Home Office,United States,Texas,Central,Furniture,Chairs,9,390.83,0.0,3517.47,151.68
ORD-2023-00299,2023-11-08,2023-11-10,Second Class,Customer 265,Consumer,United States,Florida,South,Office Supplies,Storage,4,32.25,0.0,129.0,32.19
ORD-2023-00814,2023-11-08,2023-11-14,Standard Class,Customer 192,Corporate,United States,New York,East,Furniture,Tables,5,121.46,0.3,425.11,-122.43
ORD-2023-01382,2023-11-08,2023-11-15,Standard Class,Customer 294,Consumer,United States,Texas,Central,Furniture,Furnishings,6,16.77,0.1,90.56,1.58
ORD-2023-00534,2023-11-09,2023-11-12,First Class,Customer 068,Consumer,United States,Florida,South,Technology,Machines,3,1127.23,0.0,3381.69,635.34
ORD-2023-01209,2023-11-09,2023-11-11,Second Class,Customer 163,Consumer,United States,Washington,West,Technology,Copiers,9,955.28,0.0,8597.52,2103.34
ORD-2023-00450,2023-11-10,2023-11-15,Standard Class,Customer 300,Consumer,United States,Illinois,Central,Technology,Phones,1,534.3,0.2,427.44,-5.68
ORD-2023-02219,2023-11-10,2023-11-17,Standard Class,Customer 094,Home Office,United States,Georgia,South,Furniture,Tables,4,412.09,0.0,1648.36,42.81
ORD-2023-02193,2023-11-10,2023-11-11,First Class,Customer 234,Corporate,United States,Michigan,Central,Office Supplies,Labels,2,15.21,0.3,21.29,-3.26
ORD-2023-01993,2023-11-11,2023-11-17,Standard Class,Customer 032,Corporate,United States,California,West,Technology,Accessories,3,94.37,0.0,283.11,69.8
ORD-2023-01230,2023-11-12,2023-11-18,Standard Class,Customer 187,Consumer,United States,California,West,Office Supplies,Labels,1,9.63,0.0,9.63,1.23
ORD-2023-00855,2023-11-12,2023-11-15,Second Class,Customer 001,Corporate,United States,Illinois,Central,Furniture,Tables,2,377.13,0.4,452.56,-144.39
ORD-2023-00660,2023-11-12,2023-11-19,Standard Class,Customer 295,Corporate,United States,Washington,West,Office Supplies,Paper,3,53.62,0.2,128.69,1.28
ORD-2023-00481,2023-11-12,2023-11-16,Second Class,Customer 171,Consumer,United States,North Carolina,South,Technology,Copiers,5,2594.73,0.0,12973.65,2465.21
ORD-2023-02419,2023-11-13,2023-11-16,First Class,Customer 120,Consumer,United States,North Carolina,South,Furniture,Chairs,4,174.47,0.0,697.88,57.92
ORD-2023-00841,2023-11-13,2023-11-19,Standard Class,Customer 028,Corporate,United States,Michigan,Central,Office Supplies,Appliances,5,295.5,0.4,886.5,-132.43
ORD-2023-00096,2023-11-13,2023-11-20,Standard Class,Customer 054,Corporate,United States,Texas,Central,Furniture,Tables,7,676.6,0.4,2841.72,-550.96
ORD-2023-02398,2023-11-13,2023-11-17,Standard Class,Customer 024,Corporate,United States,North Carolina,South,Office Supplies,Paper,4,59.58,0.1,214.49,41.8
ORD-2023-02041,2023-11-14,2023-11-18,Standard Class,Customer 267,Consumer,United States,Pennsylvania,East,Furniture,Tables,8,646.92,0.2,4140.29,-458.12
ORD-2023-02229,2023-11-14,2023-11-19,Standard Class,Customer 209,Consumer,United States,California,West,Furniture,Bookcases,9,239.29,0.2,1722.89,-102.87
ORD-2023-01483,2023-11-14,2023-11-18,Standard Class,Customer 225,Home Office,United States,Washington,West,Furniture,Chairs,5,373.14,0.0,1865.7,185.52
ORD-2023-00495,2023-11-14,2023-11-17,Second Class,Customer 295,Corporate,United States,Illinois,Central,Furniture,Chairs,5,457.7,0.3,1601.95,-254.61
ORD-2023-02186,2023-11-14,2023-11-19,Standard Class,Customer 285,Consumer,United States,Georgia,South,Office Supplies,Paper,3,45.22,0.2,108.53,-2.16
ORD-2023-02197,2023-11-15,2023-11-22,Standard Class,Customer 191,Home Office,United States,Florida,South,Technology,Accessories,9,89.78,0.0,808.02,183.9
ORD-2023-00342,2023-11-15,2023-11-21,Standard Class,Customer 021,Consumer,United States,Oregon,West,Technology,Machines,1,335.24,0.3,234.67,-24.27
ORD-2023-01561,2023-11-16,2023-11-23,Standard Class,Customer 095,Consumer,United States,New York,East,Technology,Accessories,9,23.33,0.3,146.98,-18.49
ORD-2023-01114,2023-11-17,2023-11-24,Standard Class,Customer 166,Consumer,United States,Virginia,East,Office Supplies,Appliances,9,374.33,0.1,3032.07,608.04
ORD-2023-00154,2023-11-18,2023-11-21,First Class,Customer 157,Consumer,United States,Illinois,Central,Office Supplies,Storage,7,68.38,0.0,478.66,120.62
ORD-2023-01451,2023-11-18,2023-11-25,Standard Class,Customer 037,Consumer,United States,Florida,South,Technology,Copiers,5,1084.19,0.0,5420.95,1725.93
ORD-2023-02255,2023-11-20,2023-11-25,Standard Class,Customer 120,Consumer,United States,Virginia,East,Furniture,Bookcases,5,178.87,0.1,804.92,-49.87
ORD-2023-01646,2023-11-20,2023-11-27,Standard Class,Customer 285,Consumer,United States,North Carolina,South,Technology,Phones,1,610.65,0.0,610.65,122.09
ORD-2023-00796,2023-11-20,2023-11-26,Standard Class,Customer 071,Home Office,United States,Washington,West,Furniture,Chairs,5,430.85,0.2,1723.4,-250.21
ORD-2023-01820,2023-11-20,2023-11-24,Standard Class,Customer 139,Consumer,United States,New York,East,Technology,Accessories,6,38.07,0.0,228.42,29.97
ORD-2023-00271,2023-11-20,2023-11-24,Standard Class,Customer 028,Corporate,United States,Pennsylvania,East,Technology,Phones,4,365.37,0.4,876.89,-76.37
ORD-2023-01581,2023-11-21,2023-11-21,Same Day,Customer 239,Home Office,United States,Pennsylvania,East,Office Supplies,Storage,8,43.92,0.2,281.09,-6.2
ORD-2023-01862,2023-11-21,2023-11-23,First Class,Customer 030,Corporate,United States,New York,East,Office Supplies,Art,7,7.39,0.4,31.04,-2.92
ORD-2023-01338,2023-11-21,2023-11-25,Standard Class,Customer 097,Consumer,United States,Michigan,Central,Office Supplies,Binders,5,48.02,0.2,192.08,8.88
ORD-2023-01907,2023-11-21,2023-11-24,First Class,Customer 253,Home Office,United States,California,West,Furniture,Chairs,4,90.14,0.1,324.5,-22.39
ORD-2023-00419,2023-11-22,2023-11-25,Second Class,Customer 097,Corporate,United States,Pennsylvania,East,Office Supplies,Appliances,5,339.98,0.4,1019.94,-141.48
ORD-2023-00638,2023-11-22,2023-11-26,Standard Class,Customer 268,Consumer,United States,Oregon,West,Office Supplies,Storage,5,174.81,0.3,611.83,-108.83
ORD-2023-02273,2023-11-22,2023-11-29,Standard Class,Customer 011,Corporate,United States,North Carolina,South,Office Supplies,Art,3,32.4,0.2,77.76,4.06
ORD-2023-01239,2023-11-23,2023-11-25,Second Class,Customer 089,Consumer,United States,Florida,South,Technology,Copiers,9,2390.56,0.4,12909.02,-1973.77
ORD-2023-01316,2023-11-24,2023-11-28,Standard Class,Customer 162,Corporate,United States,Virginia,East,Office Supplies,Paper,9,7.89,0.0,71.01,18.61
ORD-2023-00971,2023-11-24,2023-11-29,Standard Class,Customer 092,Consumer,United States,Oregon,West,Technology,Phones,4,386.2,0.1,1390.32,22.01
ORD-2023-00353,2023-11-24,2023-12-01,Standard Class,Customer 250,Consumer,United States,New York,East,Furniture,Chairs,6,142.17,0.0,853.02,28.44
ORD-2023-01400,2023-11-25,2023-11-27,First Class,Customer 158,Consumer,United States,Pennsylvania,East,Office Supplies,Labels,8,5.98,0.4,28.7,-6.37
ORD-2023-01403,2023-11-25,2023-12-01,Standard Class,Customer 207,Corporate,United States,Georgia,South,Furniture,Bookcases,5,283.69,0.0,1418.45,243.68
ORD-2023-00263,2023-11-25,2023-11-30,Standard Class,Customer 187,Consumer,United States,New York,East,Furniture,Furnishings,6,76.28,0.2,366.14,-12.69
ORD-2023-00442,2023-11-26,2023-12-01,Standard Class,Customer 214,Corporate,United States,Oregon,West,Furniture,Bookcases,1,132.1,0.0,132.1,8.06
ORD-2023-01367,2023-11-27,2023-11-28,First Class,Customer 296,Home Office,United States,Pennsylvania,East,Furniture,Chairs,4,87.57,0.4,210.17,-53.86
ORD-2023-00802,2023-11-27,2023-11-30,First Class,Customer 053,Home Office,United States,California,West,Furniture,Chairs,5,161.97,0.3,566.89,-75.65
ORD-2023-00928,2023-11-27,2023-12-01,Standard Class,Customer 004,Consumer,United States,New York,East,Furniture,Chairs,3,474.93,0.2,1139.83,-106.51
ORD-2023-00190,2023-11-27,2023-12-02,Standard Class,Customer 275,Corporate,United States,Texas,Central,Furniture,Bookcases,8,326.61,0.1,2351.59,-119.64
ORD-2023-02467,2023-11-27,2023-12-03,Standard Class,Customer 233,Corporate,United States,California,West,Furniture,Chairs,9,361.47,0.0,3253.23,116.49
ORD-2023-01823,2023-11-27,2023-11-27,Same Day,Customer 147,Home Office,United States,New York,East,Office Supplies,Binders,7,65.11,0.0,455.77,98.68
ORD-2023-01601,2023-11-27,2023-12-04,Standard Class,Customer 091,Consumer,United States,California,West,Office Supplies,Art,5,18.74,0.0,93.7,23.19
ORD-2023-01476,2023-11-28,2023-12-04,Standard Class,Customer 156,Home Office,United States,Virginia,East,Technology,Copiers,7,2341.49,0.2,13112.34,489.36
ORD-2023-02052,2023-11-28,2023-12-01,Second Class,Customer 232,Corporate,United States,New York,East,Furniture,Furnishings,2,55.51,0.2,88.82,-20.51
ORD-2023-02021,2023-11-28,2023-12-04,Standard Class,Customer 025,Home Office,United States,California,West,Office Supplies,Binders,6,69.53,0.2,333.74,13.2
ORD-2023-00307,2023-11-28,2023-12-04,Standard Class,Customer 136,Consumer,United States,Pennsylvania,East,Furniture,Chairs,2,135.84,0.4,163.01,-48.22
ORD-2023-00136,2023-11-30,2023-12-07,Standard Class,Customer 217,Consumer,United States,Pennsylvania,East,Furniture,Tables,4,765.4,0.2,2449.28,-336.16
ORD-2023-00952,2023-11-30,2023-12-06,Standard Class,Customer 214,Home Office,United States,Virginia,East,Technology,Copiers,8,1988.53,0.1,14317.42,1652.39
ORD-2023-01838,2023-11-30,2023-12-04,Standard Class,Customer 121,Corporate,United States,California,West,Office Supplies,Storage,2,172.02,0.1,309.64,46.02
ORD-2023-02187,2023-12-01,2023-12-04,Second Class,Customer 239,Home Office,United States,Texas,Central,Technology,Accessories,6,62.61,0.4,225.4,-29.27
ORD-2023-01155,2023-12-01,2023-12-05,Standard Class,Customer 117,Corporate,United States,North Carolina,South,Technology,Accessories,6,101.7,0.0,610.2,79.75
ORD-2023-02089,2023-12-01,2023-12-05,Standard Class,Customer 087,Consumer,United States,California,West,Furniture,Furnishings,4,92.23,0.1,332.03,-4.54
ORD-2023-00226,2023-12-02,2023-12-06,Standard Class,Customer 192,Corporate,United States,California,West,Furniture,Chairs,6,106.31,0.2,510.29,-38.79
ORD-2023-01105,2023-12-02,2023-12-06,Second Class,Customer 094,Consumer,United States,Florida,South,Office Supplies,Paper,9,32.96,0.2,237.31,-13.5
ORD-2023-01391,2023-12-02,2023-12-03,First Class,Customer 192,Consumer,United States,Georgia,South,Technology,Machines,3,743.1,0.0,2229.3,441.88
ORD-2023-02309,2023-12-04,2023-12-09,Standard Class,Customer 182,Home Office,United States,North Carolina,South,Office Supplies,Storage,8,36.98,0.2,236.67,25.62
ORD-2023-01186,2023-12-04,2023-12-10,Standard Class,Customer 072,Consumer,United States,North Carolina,South,Office Supplies,Art,8,36.24,0.4,173.95,-35.76
ORD-2023-02127,2023-12-04,2023-12-07,Second Class,Customer 007,Home Office,United States,North Carolina,South,Office Supplies,Art,7,36.04,0.0,252.28,54.99
ORD-2023-01779,2023-12-04,2023-12-09,Standard Class,Customer 083,Consumer,United States,Oregon,West,Technology,Phones,1,895.29,0.0,895.29,175.5
ORD-2023-00239,2023-12-05,2023-12-11,Standard Class,Customer 158,Home Office,United States,Pennsylvania,East,Technology,Copiers,7,724.34,0.0,5070.38,934.69
ORD-2023-02355,2023-12-05,2023-12-11,Standard Class,Customer 182,Home Office,United States,Oregon,West,Technology,Phones,6,564.52,0.3,2370.98,-187.61
ORD-2023-00333,2023-12-06,2023-12-07,First Class,Customer 045,Consumer,United States,Florida,South,Office Supplies,Labels,5,8.79,0.3,30.76,-2.15
ORD-2023-00400,2023-12-07,2023-12-11,Standard Class,Customer 139,Corporate,United States,New York,East,Technology,Copiers,4,1105.06,0.3,3094.17,-276.67
ORD-2023-01060,2023-12-07,2023-12-11,Standard Class,Customer 088,Consumer,United States,Pennsylvania,East,Furniture,Bookcases,1,147.38,0.2,117.9,-8.58
ORD-2023-00526,2023-12-07,2023-12-11,Second Class,Customer 273,Corporate,United States,Texas,Central,Office Supplies,Paper,5,25.79,0.4,77.37,-6.68
ORD-2023-01462,2023-12-09,2023-12-11,First Class,Customer 014,Corporate,United States,Michigan,Central,Office Supplies,Paper,3,26.92,0.2,64.61,-0.6
ORD-2023-00088,2023-12-09,2023-12-13,Second Class,Customer 086,Corporate,United States,New York,East,Technology,Accessories,1,24.04,0.3,16.83,-0.72
ORD-2023-01821,2023-12-09,2023-12-11,Second Class,Customer 255,Corporate,United States,Florida,South,Office Supplies,Art,4,25.19,0.1,90.68,12.78
ORD-2023-00749,2023-12-10,2023-12-15,Standard Class,Customer 233,Corporate,United States,Oregon,West,Office Supplies,Storage,6,57.97,0.4,208.69,-42.37
ORD-2023-00447,2023-12-10,2023-12-12,Second Class,Customer 220,Home Office,United States,Georgia,South,Office Supplies,Labels,4,21.91,0.0,87.64,19.49
ORD-2023-01034,2023-12-11,2023-12-17,Standard Class,Customer 121,Corporate,United States,Pennsylvania,East,Technology,Phones,9,761.78,0.0,6856.02,964.82
ORD-2023-01014,2023-12-11,2023-12-17,Standard Class,Customer 281,Corporate,United States,Texas,Central,Office Supplies,Labels,1,9.78,0.2,7.82,1.34
ORD-2023-00748,2023-12-11,2023-12-12,First Class,Customer 102,Consumer,United States,New York,East,Technology,Machines,2,2171.74,0.1,3909.13,254.4
ORD-2023-02434,2023-12-11,2023-12-15,Standard Class,Customer 285,Home Office,United States,Washington,West,Technology,Machines,6,543.22,0.1,2933.39,480.92
ORD-2023-00309,2023-12-12,2023-12-19,Standard Class,Customer 118,Consumer,United States,Georgia,South,Office Supplies,Storage,4,182.46,0.1,656.86,134.01
ORD-2023-00799,2023-12-12,2023-12-17,Standard Class,Customer 060,Consumer,United States,Texas,Central,Office Supplies,Labels,3,5.43,0.3,11.4,-1.22
ORD-2023-00988,2023-12-13,2023-12-18,Standard Class,Customer 238,Consumer,United States,Pennsylvania,East,Furniture,Chairs,3,454.92,0.0,1364.76,234.62
ORD-2023-01177,2023-12-13,2023-12-18,Standard Class,Customer 299,Home Office,United States,Pennsylvania,East,Furniture,Bookcases,8,166.29,0.0,1330.32,148.94
ORD-2023-02167,2023-12-13,2023-12-18,Standard Class,Customer 096,Consumer,United States,Michigan,Central,Furniture,Furnishings,2,93.35,0.0,186.7,31.04
ORD-2023-00368,2023-12-13,2023-12-17,Second Class,Customer 012,Corporate,United States,California,West,Office Supplies,Appliances,1,115.98,0.0,115.98,22.18
ORD-2023-00338,2023-12-14,2023-12-15,First Class,Customer 134,Corporate,United States,Georgia,South,Technology,Machines,3,393.99,0.0,1181.97,177.1
ORD-2023-00968,2023-12-14,2023-12-20,Standard Class,Customer 253,Consumer,United States,Illinois,Central,Technology,Machines,8,416.34,0.4,1998.43,-439.77
ORD-2023-01604,2023-12-14,2023-12-20,Standard Class,Customer 182,Consumer,United States,Washington,West,Furniture,Furnishings,3,43.89,0.0,131.67,18.58
ORD-2023-01586,2023-12-15,2023-12-19,Second Class,Customer 210,Consumer,United States,Georgia,South,Office Supplies,Art,7,32.89,0.0,230.23,58.45
ORD-2023-02272,2023-12-15,2023-12-21,Standard Class,Customer 145,Home Office,United States,Oregon,West,Office Supplies,Paper,6,7.5,0.4,27.0,-4.69
ORD-2023-01576,2023-12-15,2023-12-22,Standard Class,Customer 203,Corporate,United States,Pennsylvania,East,Furniture,Bookcases,7,136.67,0.4,574.01,-177.52
ORD-2023-00554,2023-12-15,2023-12-17,First Class,Customer 185,Consumer,United States,Texas,Central,Furniture,Bookcases,2,90.05,0.3,126.07,-21.03
ORD-2023-01527,2023-12-16,2023-12-19,First Class,Customer 105,Home Office,United States,Georgia,South,Office Supplies,Labels,9,20.3,0.1,164.43,19.74
ORD-2023-01439,2023-12-16,2023-12-16,Same Day,Customer 292,Consumer,United States,Virginia,East,Technology,Machines,4,231.21,0.0,924.84,250.47
ORD-2023-02016,2023-12-16,2023-12-18,First Class,Customer 193,Corporate,United States,New York,East,Technology,Copiers,1,1516.06,0.4,909.64,-107.62
ORD-2023-01756,2023-12-16,2023-12-23,Standard Class,Customer 205,Consumer,United States,Georgia,South,Office Supplies,Storage,3,188.23,0.4,338.81,-47.4
ORD-2023-00525,2023-12-16,2023-12-18,First Class,Customer 201,Consumer,United States,Washington,West,Office Supplies,Storage,1,44.65,0.2,35.72,1.41
ORD-2023-01435,2023-12-17,2023-12-24,Standard Class,Customer 251,Consumer,United States,New York,East,Office Supplies,Art,2,15.48,0.4,18.58,-2.88
ORD-2023-02271,2023-12-18,2023-12-24,Standard Class,Customer 186,Consumer,United States,North Carolina,South,Technology,Machines,9,1137.59,0.1,9214.48,1288.63
ORD-2023-02484,2023-12-18,2023-12-21,Second Class,Customer 143,Corporate,United States,New York,East,Technology,Machines,6,2179.84,0.2,10463.23,359.32
ORD-2023-00595,2023-12-18,2023-12-23,Standard Class,Customer 256,Consumer,United States,Oregon,West,Office Supplies,Labels,4,8.65,0.1,31.14,6.73
ORD-2023-00321,2023-12-18,2023-12-25,Standard Class,Customer 115,Consumer,United States,Illinois,Central,Furniture,Tables,7,787.66,0.2,4410.9,-474.03
ORD-2023-02130,2023-12-18,2023-12-24,Standard Class,Customer 217,Consumer,United States,Illinois,Central,Office Supplies,Appliances,5,316.25,0.1,1423.12,87.02
ORD-2023-00403,2023-12-18,2023-12-25,Standard Class,Customer 103,Home Office,United States,Texas,Central,Technology,Phones,3,637.95,0.0,1913.85,656.21
ORD-2023-02292,2023-12-19,2023-12-20,First Class,Customer 161,Consumer,United States,California,West,Office Supplies,Art,1,13.6,0.4,8.16,-1.16
ORD-2023-00167,2023-12-19,2023-12-26,Standard Class,Customer 218,Home Office,United States,Georgia,South,Technology,Accessories,2,119.59,0.0,239.18,49.52
ORD-2023-01950,2023-12-19,2023-12-22,Second Class,Customer 126,Consumer,United States,Georgia,South,Office Supplies,Labels,1,4.52,0.1,4.07,0.33
ORD-2023-01504,2023-12-20,2023-12-22,First Class,Customer 262,Consumer,United States,New York,East,Furniture,Tables,3,523.48,0.0,1570.44,74.9
ORD-2023-01404,2023-12-20,2023-12-27,Standard Class,Customer 203,Consumer,United States,Illinois,Central,Office Supplies,Art,1,5.94,0.4,3.56,-0.6
ORD-2023-02152,2023-12-20,2023-12-27,Standard Class,Customer 277,Home Office,United States,Texas,Central,Office Supplies,Binders,9,12.09,0.2,87.05,0.55
ORD-2023-00607,2023-12-21,2023-12-26,Standard Class,Customer 117,Consumer,United States,Pennsylvania,East,Office Supplies,Art,8,20.18,0.0,161.44,34.5
ORD-2023-02283,2023-12-21,2023-12-21,Same Day,Customer 204,Corporate,United States,North Carolina,South,Office Supplies,Art,3,34.87,0.2,83.69,12.01
ORD-2023-01388,2023-12-23,2023-12-26,Second Class,Customer 199,Consumer,United States,New York,East,Furniture,Chairs,2,260.71,0.1,469.28,0.25
ORD-2023-01249,2023-12-23,2023-12-26,First Class,Customer 002,Consumer,United States,Georgia,South,Office Supplies,Appliances,4,241.35,0.0,965.4,190.56
ORD-2023-02083,2023-12-23,2023-12-25,First Class,Customer 288,Consumer,United States,California,West,Office Supplies,Storage,8,89.7,0.0,717.6,149.56
ORD-2023-02092,2023-12-24,2023-12-24,Same Day,Customer 227,Home Office,United States,Pennsylvania,East,Office Supplies,Paper,4,27.92,0.0,111.68,31.78
ORD-2023-00066,2023-12-24,2023-12-28,Standard Class,Customer 047,Home Office,United States,Michigan,Central,Furniture,Bookcases,6,80.15,0.1,432.81,-10.84
ORD-2023-02307,2023-12-24,2023-12-26,First Class,Customer 233,Consumer,United States,Virginia,East,Office Supplies,Storage,8,60.7,0.4,291.36,-28.71
ORD-2023-00632,2023-12-25,2023-12-29,Second Class,Customer 179,Home Office,United States,North Carolina,South,Furniture,Tables,7,418.45,0.3,2050.4,-509.29
ORD-2023-02347,2023-12-25,2023-12-31,Standard Class,Customer 127,Consumer,United States,New York,East,Office Supplies,Binders,7,61.13,0.4,256.75,-32.11
ORD-2023-00646,2023-12-26,2024-01-02,Standard Class,Customer 299,Consumer,United States,Oregon,West,Furniture,Tables,8,638.97,0.0,5111.76,432.52
ORD-2023-02151,2023-12-26,2023-12-29,Second Class,Customer 147,Corporate,United States,Michigan,Central,Office Supplies,Art,7,4.83,0.0,33.81,2.45
ORD-2023-01915,2023-12-26,2023-12-30,Standard Class,Customer 121,Consumer,United States,Oregon,West,Office Supplies,Art,7,15.27,0.0,106.89,29.86
ORD-2023-01095,2023-12-27,2023-12-28,First Class,Customer 203,Consumer,United States,North Carolina,South,Furniture,Chairs,9,132.96,0.0,1196.64,116.77
ORD-2023-00254,2023-12-28,2023-12-30,Second Class,Customer 178,Consumer,United States,Michigan,Central,Office Supplies,Paper,1,5.91,0.1,5.32,0.88
ORD-2023-00077,2023-12-28,2024-01-04,Standard Class,Customer 137,Consumer,United States,Texas,Central,Furniture,Tables,8,200.18,0.1,1441.3,-96.35
ORD-2023-02069,2023-12-29,2023-12-30,First Class,Customer 246,Consumer,United States,Texas,Central,Technology,Copiers,2,1508.88,0.0,3017.76,472.38
ORD-2023-01145,2023-12-29,2023-12-29,Same Day,Customer 271,Corporate,United States,Oregon,West,Technology,Accessories,2,112.66,0.1,202.79,36.02
ORD-2023-01514,2023-12-29,2023-12-30,First Class,Customer 028,Consumer,United States,Pennsylvania,East,Office Supplies,Appliances,1,47.94,0.0,47.94,11.88
ORD-2023-00294,2023-12-30,2024-01-06,Standard Class,Customer 058,Consumer,United States,Texas,Central,Office Supplies,Art,8,22.83,0.4,109.58,-29.72
ORD-2023-01777,2023-12-31,2024-01-06,Standard Class,Customer 018,Home Office,United States,Pennsylvania,East,Furniture,Chairs,9,252.42,0.2,1817.42,-236.26
ORD-2024-01905,2024-01-01,2024-01-08,Standard Class,Customer 184,Consumer,United States,Pennsylvania,East,Office Supplies,Art,9,22.35,0.2,160.92,-3.96
ORD-2024-01494,2024-01-01,2024-01-02,First Class,Customer 217,Corporate,United States,Georgia,South,Technology,Phones,9,515.54,0.3,3247.9,-273.82
ORD-2024-01511,2024-01-01,2024-01-05,Standard Class,Customer 210,Home Office,United States,Virginia,East,Office Supplies,Art,7,14.74,0.1,92.86,8.7
ORD-2024-01069,2024-01-01,2024-01-08,Standard Class,Customer 114,Consumer,United States,Florida,South,Furniture,Furnishings,7,94.41,0.4,396.52,-101.58
ORD-2024-00738,2024-01-01,2024-01-05,Second Class,Customer 057,Corporate,United States,North Carolina,South,Technology,Copiers,4,1415.19,0.0,5660.76,1424.08
ORD-2024-01030,2024-01-02,2024-01-06,Standard Class,Customer 233,Consumer,United States,California,West,Furniture,Tables,8,170.99,0.0,1367.92,82.73
ORD-2024-00487,2024-01-02,2024-01-06,Standard Class,Customer 118,Corporate,United States,Oregon,West,Furniture,Bookcases,4,110.57,0.2,353.82,-34.07
ORD-2024-00169,2024-01-02,2024-01-06,Second Class,Customer 298,Consumer,United States,Illinois,Central,Office Supplies,Paper,1,22.37,0.0,22.37,6.25
ORD-2024-02160,2024-01-02,2024-01-07,Standard Class,Customer 205,Consumer,United States,North Carolina,South,Furniture,Chairs,8,411.15,0.0,3289.2,520.85
ORD-2024-00371,2024-01-03,2024-01-05,Second Class,Customer 064,Home Office,United States,Georgia,South,Office Supplies,Appliances,2,266.41,0.4,319.69,-55.0
ORD-2024-02204,2024-01-04,2024-01-06,First Class,Customer 097,Corporate,United States,California,West,Furniture,Furnishings,9,92.68,0.1,750.71,-31.7
ORD-2024-02367,2024-01-05,2024-01-09,Second Class,Customer 188,Consumer,United States,Pennsylvania,East,Office Supplies,Storage,7,50.4,0.0,352.8,64.51
ORD-2024-01771,2024-01-06,2024-01-11,Standard Class,Customer 215,Consumer,United States,New York,East,Furniture,Furnishings,3,19.1,0.1,51.57,-1.09
ORD-2024-02323,2024-01-06,2024-01-11,Standard Class,Customer 037,Corporate,United States,Michigan,Central,Furniture,Bookcases,3,104.98,0.3,220.46,-43.91
ORD-2024-01142,2024-01-06,2024-01-13,Standard Class,Customer 177,Consumer,United States,Michigan,Central,Office Supplies,Labels,6,21.53,0.0,129.18,27.64
ORD-2024-00627,2024-01-06,2024-01-10,Standard Class,Customer 246,Corporate,United States,Michigan,Central,Technology,Machines,4,2379.19,0.0,9516.76,1855.53
ORD-2024-00199,2024-01-07,2024-01-13,Standard Class,Customer 114,Home Office,United States,Florida,South,Office Supplies,Binders,2,78.9,0.2,126.24,17.87
ORD-2024-01900,2024-01-07,2024-01-08,First Class,Customer 030,Consumer,United States,New York,East,Furniture,Tables,5,589.24,0.0,2946.2,121.51
ORD-2024-01176,2024-01-07,2024-01-12,Standard Class,Customer 111,Home Office,United States,New York,East,Office Supplies,Storage,4,157.31,0.1,566.32,89.66
ORD-2024-01782,2024-01-08,2024-01-14,Standard Class,Customer 165,Home Office,United States,North Carolina,South,Technology,Accessories,9,145.5,0.0,1309.5,170.63
ORD-2024-02461,2024-01-08,2024-01-12,Second Class,Customer 048,Consumer,United States,Georgia,South,Office Supplies,Paper,5,24.77,0.0,123.85,30.8
ORD-2024-01160,2024-01-09,2024-01-15,Standard Class,Customer 139,Corporate,United States,Illinois,Central,Office Supplies,Labels,9,7.54,0.1,61.07,11.75
ORD-2024-01330,2024-01-10,2024-01-10,Same Day,Customer 090,Home Office,United States,New York,East,Office Supplies,Labels,4,8.19,0.0,32.76,7.16
ORD-2024-01974,2024-01-10,2024-01-14,Standard Class,Customer 102,Consumer,United States,Georgia,South,Technology,Phones,1,580.59,0.2,464.47,9.26
ORD-2024-01711,2024-01-11,2024-01-14,Second Class,Customer 187,Consumer,United States,California,West,Furniture,Furnishings,1,52.51,0.4,31.51,-8.86
ORD-2024-02491,2024-01-11,2024-01-15,Standard Class,Customer 091,Corporate,United States,Illinois,Central,Furniture,Bookcases,9,126.14,0.4,681.16,-200.4
ORD-2024-02074,2024-01-11,2024-01-17,Standard Class,Customer 209,Consumer,United States,New York,East,Furniture,Furnishings,1,89.44,0.4,53.66,-17.33
ORD-2024-02030,2024-01-11,2024-01-17,Standard Class,Customer 003,Consumer,United States,Texas,Central,Office Supplies,Binders,9,6.07,0.4,32.78,-5.85
ORD-2024-00197,2024-01-11,2024-01-16,Standard Class,Customer 143,Corporate,United States,New York,East,Technology,Machines,3,2380.74,0.0,7142.22,1698.01
ORD-2024-02327,2024-01-11,2024-01-17,Standard Class,Customer 134,Corporate,United States,Texas,Central,Furniture,Tables,8,564.78,0.0,4518.24,387.29
ORD-2024-00991,2024-01-11,2024-01-16,Standard Class,Customer 014,Consumer,United States,Pennsylvania,East,Office Supplies,Labels,6,8.9,0.2,42.72,-2.85
ORD-2024-01978,2024-01-11,2024-01-16,Standard Class,Customer 055,Consumer,United States,Illinois,Central,Office Supplies,Art,8,14.67,0.1,105.62,21.28
ORD-2024-01372,2024-01-12,2024-01-15,Second Class,Customer 236,Home Office,United States,North Carolina,South,Furniture,Bookcases,4,102.05,0.4,244.92,-70.59
ORD-2024-01647,2024-01-12,2024-01-16,Standard Class,Customer 110,Corporate,United States,North Carolina,South,Furniture,Chairs,5,95.61,0.0,478.05,66.79
ORD-2024-01793,2024-01-12,2024-01-18,Standard Class,Customer 267,Home Office,United States,Washington,West,Furniture,Furnishings,7,15.18,0.1,95.63,2.58
ORD-2024-02485,2024-01-12,2024-01-16,Standard Class,Customer 212,Corporate,United States,Florida,South,Office Supplies,Appliances,7,305.57,0.2,1711.19,126.66
ORD-2024-01357,2024-01-13,2024-01-16,First Class,Customer 045,Corporate,United States,Georgia,South,Office Supplies,Storage,8,45.17,0.0,361.36,83.22
ORD-2024-01236,2024-01-15,2024-01-20,Standard Class,Customer 017,Consumer,United States,Illinois,Central,Office Supplies,Binders,7,48.92,0.3,239.71,-12.44
ORD-2024-01383,2024-01-15,2024-01-21,Standard Class,Customer 072,Corporate,United States,Washington,West,Furniture,Tables,2,238.81,0.2,382.1,-37.51
ORD-2024-01592,2024-01-15,2024-01-17,Second Class,Customer 168,Consumer,United States,Texas,Central,Office Supplies,Storage,5,142.38,0.2,569.52,15.97
ORD-2024-00139,2024-01-16,2024-01-22,Standard Class,Customer 150,Consumer,United States,Georgia,South,Furniture,Bookcases,9,329.29,0.4,1778.17,-447.11
ORD-2024-01407,2024-01-16,2024-01-21,Standard Class,Customer 099,Corporate,United States,Michigan,Central,Office Supplies,Appliances,1,232.59,0.2,186.07,16.51
ORD-2024-00268,2024-01-16,2024-01-18,Second Class,Customer 126,Consumer,United States,Virginia,East,Technology,Copiers,2,671.87,0.0,1343.74,291.57
ORD-2024-01312,2024-01-17,2024-01-22,Standard Class,Customer 085,Corporate,United States,North Carolina,South,Technology,Copiers,7,1975.09,0.3,9677.94,296.11
ORD-2024-02425,2024-01-17,2024-01-23,Standard Class,Customer 125,Consumer,United States,Oregon,West,Furniture,Furnishings,8,49.16,0.0,393.28,73.29
ORD-2024-01757,2024-01-17,2024-01-22,Standard Class,Customer 259,Home Office,United States,Oregon,West,Office Supplies,Appliances,9,294.58,0.0,2651.22,261.59
ORD-2024-00979,2024-01-20,2024-01-26,Standard Class,Customer 168,Consumer,United States,Virginia,East,Furniture,Bookcases,6,221.69,0.4,798.08,-201.16
ORD-2024-01363,2024-01-20,2024-01-23,First Class,Customer 294,Consumer,United States,California,West,Furniture,Tables,2,477.0,0.3,667.8,-140.63
ORD-2024-02282,2024-01-23,2024-01-25,Second Class,Customer 132,Consumer,United States,Oregon,West,Furniture,Bookcases,2,274.21,0.1,493.58,-15.2
ORD-2024-00044,2024-01-24,2024-01-28,Standard Class,Customer 056,Consumer,United States,Florida,South,Furniture,Furnishings,9,37.05,0.3,233.41,-44.99
ORD-2024-01831,2024-01-24,2024-01-29,Standard Class,Customer 118,Corporate,United States,Illinois,Central,Furniture,Bookcases,1,249.76,0.1,224.78,4.0
ORD-2024-02490,2024-01-27,2024-02-02,Standard Class,Customer 280,Consumer,United States,Virginia,East,Technology,Phones,6,215.2,0.3,903.84,-99.34
ORD-2024-01685,2024-01-28,2024-02-02,Standard Class,Customer 136,Consumer,United States,Virginia,East,Office Supplies,Storage,7,69.49,0.4,291.86,-53.27
ORD-2024-00521,2024-01-28,2024-02-03,Standard Class,Customer 111,Corporate,United States,New York,East,Office Supplies,Art,4,9.32,0.3,26.1,-2.56
ORD-2024-01927,2024-01-30,2024-02-03,Second Class,Customer 011,Home Office,United States,Florida,South,Office Supplies,Storage,3,56.36,0.0,169.08,23.58
ORD-2024-01699,2024-01-30,2024-02-03,Standard Class,Customer 097,Consumer,United States,Michigan,Central,Technology,Copiers,6,662.73,0.2,3181.1,-76.93
ORD-2024-02053,2024-01-31,2024-02-05,Standard Class,Customer 004,Consumer,United States,Pennsylvania,East,Technology,Machines,7,2174.0,0.0,15218.0,2803.07
ORD-2024-00998,2024-01-31,2024-02-02,Second Class,Customer 117,Consumer,United States,California,West,Technology,Accessories,3,10.47,0.0,31.41,3.81
ORD-2024-00765,2024-01-31,2024-02-07,Standard Class,Customer 248,Consumer,United States,Illinois,Central,Furniture,Chairs,7,184.69,0.0,1292.83,11.13
ORD-2024-02486,2024-01-31,2024-02-07,Standard Class,Customer 208,Consumer,United States,Oregon,West,Office Supplies,Binders,7,21.58,0.0,151.06,24.04
ORD-2024-01572,2024-02-01,2024-02-05,Standard Class,Customer 153,Consumer,United States,New York,East,Technology,Copiers,2,1491.55,0.0,2983.1,656.07
ORD-2024-00194,2024-02-01,2024-02-08,Standard Class,Customer 142,Corporate,United States,California,West,Technology,Phones,6,580.53,0.3,2438.23,-253.12
ORD-2024-01925,2024-02-01,2024-02-04,First Class,Customer 098,Consumer,United States,Illinois,Central,Furniture,Furnishings,8,113.21,0.2,724.54,-44.94
ORD-2024-02145,2024-02-02,2024-02-06,Standard Class,Customer 280,Consumer,United States,Michigan,Central,Technology,Accessories,5,90.65,0.4,271.95,-11.35
ORD-2024-02191,2024-02-02,2024-02-08,Standard Class,Customer 091,Consumer,United States,Oregon,West,Furniture,Tables,6,708.47,0.2,3400.66,-455.2
ORD-2024-01773,2024-02-02,2024-02-06,Standard Class,Customer 034,Corporate,United States,California,West,Office Supplies,Paper,1,44.13,0.1,39.72,6.18
ORD-2024-02441,2024-02-02,2024-02-02,Same Day,Customer 256,Corporate,United States,Georgia,South,Technology,Phones,4,131.83,0.1,474.59,33.88
ORD-2024-00053,2024-02-03,2024-02-09,Standard Class,Customer 017,Consumer,United States,North Carolina,South,Furniture,Tables,9,767.08,0.0,6903.72,34.29
ORD-2024-00301,2024-02-03,2024-02-07,Standard Class,Customer 083,Consumer,United States,New York,East,Furniture,Furnishings,7,114.16,0.0,799.12,76.52
ORD-2024-01052,2024-02-04,2024-02-04,Same Day,Customer 140,Consumer,United States,Virginia,East,Furniture,Furnishings,5,108.62,0.1,488.79,-24.14
ORD-2024-00746,2024-02-04,2024-02-06,First Class,Customer 288,Home Office,United States,Oregon,West,Office Supplies,Art,5,9.4,0.1,42.3,5.1
ORD-2024-01360,2024-02-05,2024-02-08,Second Class,Customer 061,Home Office,United States,Georgia,South,Office Supplies,Labels,3,8.98,0.3,18.86,-2.14
ORD-2024-00201,2024-02-06,2024-02-08,Second Class,Customer 065,Consumer,United States,Georgia,South,Office Supplies,Paper,1,40.66,0.3,28.46,-3.3
ORD-2024-00630,2024-02-06,2024-02-11,Standard Class,Customer 173,Corporate,United States,Oregon,West,Furniture,Bookcases,5,150.34,0.4,451.02,-136.52
ORD-2024-00063,2024-02-06,2024-02-13,Standard Class,Customer 164,Corporate,United States,North Carolina,South,Furniture,Chairs,9,98.15,0.0,883.35,30.13
ORD-2024-02201,2024-02-06,2024-02-13,Standard Class,Customer 010,Home Office,United States,New York,East,Furniture,Furnishings,8,82.12,0.0,656.96,29.64
ORD-2024-01138,2024-02-06,2024-02-09,First Class,Customer 082,Home Office,United States,New York,East,Technology,Machines,3,2236.94,0.0,6710.82,880.7
ORD-2024-02056,2024-02-06,2024-02-07,First Class,Customer 211,Consumer,United States,Florida,South,Office Supplies,Storage,4,39.95,0.2,127.84,7.49
ORD-2024-00393,2024-02-07,2024-02-14,Standard Class,Customer 287,Consumer,United States,Pennsylvania,East,Furniture,Chairs,4,389.82,0.0,1559.28,89.96
ORD-2024-00628,2024-02-07,2024-02-11,Second Class,Customer 225,Home Office,United States,Washington,West,Technology,Copiers,6,3462.02,0.0,20772.12,2733.1
ORD-2024-02356,2024-02-08,2024-02-15,Standard Class,Customer 027,Corporate,United States,Illinois,Central,Technology,Copiers,8,1790.62,0.2,11459.97,-675.67
ORD-2024-01271,2024-02-09,2024-02-16,Standard Class,Customer 077,Corporate,United States,California,West,Furniture,Tables,4,642.64,0.0,2570.56,60.34
ORD-2024-02279,2024-02-09,2024-02-11,Second Class,Customer 150,Corporate,United States,New York,East,Furniture,Tables,1,690.54,0.3,483.38,-110.55
ORD-2024-01151,2024-02-10,2024-02-15,Standard Class,Customer 294,Consumer,United States,Oregon,West,Technology,Copiers,6,1536.44,0.1,8296.78,1184.27
ORD-2024-00909,2024-02-11,2024-02-16,Standard Class,Customer 085,Corporate,United States,Michigan,Central,Furniture,Tables,2,258.49,0.1,465.28,-22.58
ORD-2024-01864,2024-02-11,2024-02-12,First Class,Customer 220,Corporate,United States,Florida,South,Technology,Accessories,8,131.15,0.3,734.44,-109.31
ORD-2024-00332,2024-02-11,2024-02-15,Second Class,Customer 143,Consumer,United States,Illinois,Central,Office Supplies,Binders,8,33.82,0.4,162.34,-24.44
ORD-2024-01967,2024-02-11,2024-02-14,First Class,Customer 267,Consumer,United States,Pennsylvania,East,Technology,Machines,8,511.63,0.1,3683.74,491.83
ORD-2024-02407,2024-02-11,2024-02-17,Standard Class,Customer 164,Consumer,United States,Pennsylvania,East,Office Supplies,Storage,1,183.84,0.1,165.46,17.58
ORD-2024-00068,2024-02-11,2024-02-17,Standard Class,Customer 175,Home Office,United States,Texas,Central,Furniture,Furnishings,4,103.47,0.4,248.33,-94.04
ORD-2024-00022,2024-02-11,2024-02-15,Standard Class,Customer 274,Corporate,United States,Florida,South,Technology,Copiers,6,1209.08,0.0,7254.48,1376.88
ORD-2024-02415,2024-02-12,2024-02-18,Standard Class,Customer 192,Consumer,United States,Washington,West,Furniture,Furnishings,7,99.14,0.0,693.98,67.93
ORD-2024-01044,2024-02-12,2024-02-16,Second Class,Customer 234,Consumer,United States,Texas,Central,Technology,Machines,7,1946.46,0.1,12262.7,2080.61
ORD-2024-01937,2024-02-13,2024-02-17,Second Class,Customer 253,Consumer,United States,Oregon,West,Office Supplies,Art,2,9.67,0.0,19.34,4.79
ORD-2024-01268,2024-02-13,2024-02-19,Standard Class,Customer 095,Consumer,United States,Florida,South,Technology,Accessories,4,35.45,0.0,141.8,31.18
ORD-2024-00374,2024-02-14,2024-02-19,Standard Class,Customer 282,Corporate,United States,Illinois,Central,Technology,Accessories,6,50.15,0.0,300.9,79.32
ORD-2024-00576,2024-02-14,2024-02-18,Standard Class,Customer 208,Consumer,United States,North Carolina,South,Furniture,Tables,7,506.02,0.4,2125.28,-321.77
ORD-2024-01857,2024-02-15,2024-02-21,Standard Class,Customer 240,Home Office,United States,Virginia,East,Technology,Phones,2,147.19,0.2,235.5,22.98
ORD-2024-00498,2024-02-15,2024-02-19,Second Class,Customer 115,Corporate,United States,Georgia,South,Furniture,Tables,7,818.62,0.0,5730.34,942.59
ORD-2024-00770,2024-02-17,2024-02-19,First Class,Customer 278,Home Office,United States,Oregon,West,Technology,Accessories,5,67.85,0.2,271.4,-2.51
ORD-2024-00913,2024-02-17,2024-02-21,Second Class,Customer 108,Home Office,United States,Texas,Central,Technology,Accessories,7,146.5,0.1,922.95,103.45
ORD-2024-01772,2024-02-18,2024-02-20,First Class,Customer 224,Consumer,United States,New York,East,Office Supplies,Storage,5,115.95,0.4,347.85,-53.39
ORD-2024-01748,2024-02-18,2024-02-21,First Class,Customer 230,Consumer,United States,Washington,West,Office Supplies,Binders,8,9.34,0.0,74.72,19.8
ORD-2024-01718,2024-02-20,2024-02-27,Standard Class,Customer 031,Home Office,United States,Illinois,Central,Technology,Copiers,6,2676.9,0.2,12849.12,186.15
ORD-2024-00634,2024-02-20,2024-02-27,Standard Class,Customer 180,Corporate,United States,Georgia,South,Office Supplies,Binders,4,48.23,0.0,192.92,45.87
ORD-2024-01945,2024-02-21,2024-02-21,Same Day,Customer 107,Home Office,United States,New York,East,Furniture,Chairs,7,465.21,0.2,2605.18,-118.52
ORD-2024-00379,2024-02-21,2024-02-27,Standard Class,Customer 103,Home Office,United States,Pennsylvania,East,Furniture,Tables,4,834.82,0.1,3005.35,213.92
ORD-2024-00188,2024-02-22,2024-02-26,Standard Class,Customer 067,Corporate,United States,Florida,South,Technology,Machines,7,1285.12,0.0,8995.84,1316.26
ORD-2024-01285,2024-02-23,2024-02-28,Standard Class,Customer 087,Consumer,United States,Florida,South,Office Supplies,Storage,2,110.37,0.0,220.74,50.56
ORD-2024-01593,2024-02-25,2024-02-29,Standard Class,Customer 010,Corporate,United States,Texas,Central,Technology,Phones,9,506.64,0.0,4559.76,718.89
ORD-2024-00758,2024-02-25,2024-03-03,Standard Class,Customer 246,Home Office,United States,New York,East,Office Supplies,Appliances,6,395.9,0.0,2375.4,358.14
ORD-2024-01017,2024-02-25,2024-03-01,Standard Class,Customer 052,Consumer,United States,Texas,Central,Technology,Machines,6,912.25,0.4,3284.1,-347.87
ORD-2024-02405,2024-02-25,2024-03-01,Standard Class,Customer 174,Corporate,United States,Virginia,East,Technology,Phones,7,105.4,0.0,737.8,129.86
ORD-2024-01159,2024-02-26,2024-03-02,Standard Class,Customer 244,Consumer,United States,North Carolina,South,Furniture,Bookcases,2,151.01,0.0,302.02,10.86
ORD-2024-01761,2024-02-26,2024-02-29,First Class,Customer 081,Home Office,United States,California,West,Technology,Machines,6,1077.99,0.0,6467.94,1055.88
ORD-2024-01881,2024-02-26,2024-02-27,First Class,Customer 050,Consumer,United States,Virginia,East,Furniture,Bookcases,6,286.9,0.0,1721.4,-12.65
ORD-2024-01468,2024-02-26,2024-03-02,Standard Class,Customer 094,Consumer,United States,Virginia,East,Technology,Machines,7,2161.5,0.0,15130.5,3037.15
ORD-2024-00614,2024-02-27,2024-03-04,Standard Class,Customer 228,Home Office,United States,Washington,West,Furniture,Chairs,3,331.47,0.0,994.41,83.61
ORD-2024-02428,2024-02-27,2024-03-02,Standard Class,Customer 234,Home Office,United States,Michigan,Central,Furniture,Furnishings,7,82.36,0.1,518.87,18.32
ORD-2024-01385,2024-02-28,2024-03-04,Standard Class,Customer 191,Corporate,United States,Illinois,Central,Office Supplies,Storage,4,155.23,0.3,434.64,-0.76
ORD-2024-00094,2024-02-29,2024-03-05,Standard Class,Customer 271,Consumer,United States,Oregon,West,Office Supplies,Storage,5,147.6,0.1,664.2,40.54
ORD-2024-01629,2024-03-01,2024-03-08,Standard Class,Customer 046,Consumer,United States,Oregon,West,Office Supplies,Paper,3,57.56,0.0,172.68,37.76
ORD-2024-01066,2024-03-01,2024-03-07,Standard Class,Customer 229,Consumer,United States,North Carolina,South,Office Supplies,Appliances,3,127.35,0.2,305.64,25.44
ORD-2024-02216,2024-03-03,2024-03-10,Standard Class,Customer 021,Corporate,United States,Washington,West,Furniture,Chairs,9,266.11,0.1,2155.49,48.23
ORD-2024-00809,2024-03-04,2024-03-11,Standard Class,Customer 103,Consumer,United States,Texas,Central,Furniture,Furnishings,2,22.34,0.0,44.68,6.18
ORD-2024-01173,2024-03-05,2024-03-09,Second Class,Customer 086,Consumer,United States,Oregon,West,Technology,Phones,1,451.75,0.3,316.22,0.93
ORD-2024-02012,2024-03-06,2024-03-09,First Class,Customer 197,Home Office,United States,California,West,Furniture,Chairs,1,241.25,0.2,193.0,-16.59
ORD-2024-01094,2024-03-06,2024-03-12,Standard Class,Customer 128,Corporate,United States,Washington,West,Furniture,Furnishings,8,59.51,0.1,428.47,47.07
ORD-2024-01352,2024-03-06,2024-03-08,Second Class,Customer 120,Home Office,United States,Texas,Central,Furniture,Chairs,8,205.56,0.0,1644.48,165.54
ORD-2024-02384,2024-03-06,2024-03-11,Standard Class,Customer 108,Home Office,United States,Georgia,South,Technology,Phones,3,766.06,0.2,1838.54,-19.5
ORD-2024-01478,2024-03-07,2024-03-09,Second Class,Customer 032,Consumer,United States,California,West,Office Supplies,Binders,2,23.08,0.0,46.16,5.44
ORD-2024-01774,2024-03-07,2024-03-08,First Class,Customer 261,Home Office,United States,Washington,West,Technology,Copiers,7,1454.54,0.0,10181.78,1872.77
ORD-2024-01283,2024-03-07,2024-03-10,First Class,Customer 160,Consumer,United States,North Carolina,South,Office Supplies,Paper,8,19.61,0.0,156.88,21.98
ORD-2024-00552,2024-03-07,2024-03-12,Standard Class,Customer 273,Consumer,United States,California,West,Furniture,Bookcases,6,217.63,0.0,1305.78,238.66
ORD-2024-01921,2024-03-07,2024-03-13,Standard Class,Customer 101,Consumer,United States,Pennsylvania,East,Office Supplies,Storage,1,140.73,0.2,112.58,3.58
ORD-2024-02291,2024-03-08,2024-03-11,First Class,Customer 016,Consumer,United States,Pennsylvania,East,Furniture,Tables,1,134.47,0.2,107.58,-11.6
ORD-2024-01754,2024-03-08,2024-03-14,Standard Class,Customer 075,Consumer,United States,Texas,Central,Furniture,Furnishings,4,42.17,0.0,168.68,27.08
ORD-2024-02059,2024-03-08,2024-03-14,Standard Class,Customer 249,Consumer,United States,Oregon,West,Office Supplies,Binders,5,33.38,0.3,116.83,-14.14
ORD-2024-01694,2024-03-08,2024-03-15,Standard Class,Customer 027,Consumer,United States,Illinois,Central,Office Supplies,Appliances,3,85.76,0.3,180.1,0.45
ORD-2024-02342,2024-03-08,2024-03-15,Standard Class,Customer 124,Home Office,United States,Texas,Central,Office Supplies,Appliances,8,69.18,0.0,553.44,101.7
ORD-2024-01666,2024-03-10,2024-03-15,Standard Class,Customer 082,Consumer,United States,Oregon,West,Technology,Phones,1,750.31,0.3,525.22,-92.99
ORD-2024-01320,2024-03-11,2024-03-15,Standard Class,Customer 273,Corporate,United States,Virginia,East,Furniture,Bookcases,5,217.83,0.0,1089.15,141.2
ORD-2024-02003,2024-03-11,2024-03-17,Standard Class,Customer 093,Consumer,United States,Georgia,South,Furniture,Furnishings,1,79.13,0.1,71.22,2.27
ORD-2024-00440,2024-03-11,2024-03-17,Standard Class,Customer 113,Consumer,United States,North Carolina,South,Technology,Phones,8,449.97,0.0,3599.76,1085.39
ORD-2024-01168,2024-03-12,2024-03-16,Standard Class,Customer 014,Corporate,United States,Illinois,Central,Technology,Machines,6,720.71,0.0,4324.26,856.47
ORD-2024-02374,2024-03-12,2024-03-15,First Class,Customer 017,Home Office,United States,Pennsylvania,East,Office Supplies,Storage,9,111.22,0.3,700.69,-65.08
ORD-2024-01956,2024-03-14,2024-03-15,First Class,Customer 222,Home Office,United States,New York,East,Office Supplies,Labels,6,4.45,0.2,21.36,1.05
ORD-2024-02134,2024-03-14,2024-03-14,Same Day,Customer 036,Home Office,United States,Texas,Central,Furniture,Furnishings,5,108.65,0.3,380.27,-58.35
ORD-2024-02140,2024-03-14,2024-03-19,Standard Class,Customer 014,Corporate,United States,Washington,West,Office Supplies,Appliances,1,61.18,0.1,55.06,7.44
ORD-2024-01302,2024-03-15,2024-03-21,Standard Class,Customer 117,Consumer,United States,Texas,Central,Furniture,Tables,8,830.88,0.0,6647.04,540.98
ORD-2024-00957,2024-03-15,2024-03-17,First Class,Customer 053,Consumer,United States,Pennsylvania,East,Technology,Copiers,3,2469.91,0.0,7409.73,925.11
ORD-2024-02225,2024-03-15,2024-03-17,First Class,Customer 129,Corporate,United States,Georgia,South,Office Supplies,Appliances,3,295.49,0.0,886.47,117.36
ORD-2024-00027,2024-03-17,2024-03-23,Standard Class,Customer 247,Corporate,United States,Virginia,East,Technology,Machines,6,316.92,0.4,1140.91,-96.04
ORD-2024-02163,2024-03-17,2024-03-20,First Class,Customer 273,Consumer,United States,Texas,Central,Technology,Copiers,4,2158.65,0.0,8634.6,1924.28
ORD-2024-02073,2024-03-17,2024-03-18,First Class,Customer 173,Consumer,United States,Washington,West,Furniture,Bookcases,6,256.33,0.2,1230.38,-177.6
ORD-2024-02060,2024-03-17,2024-03-19,Second Class,Customer 242,Corporate,United States,Virginia,East,Furniture,Tables,3,883.33,0.0,2649.99,232.14
ORD-2024-01847,2024-03-17,2024-03-21,Second Class,Customer 227,Corporate,United States,Illinois,Central,Office Supplies,Binders,8,62.98,0.0,503.84,112.56
ORD-2024-00942,2024-03-18,2024-03-23,Standard Class,Customer 173,Corporate,United States,Pennsylvania,East,Office Supplies,Art,4,4.87,0.0,19.48,1.53
ORD-2024-00585,2024-03-18,2024-03-18,Same Day,Customer 008,Consumer,United States,Washington,West,Furniture,Furnishings,4,59.35,0.0,237.4,9.01
ORD-2024-01866,2024-03-19,2024-03-22,First Class,Customer 289,Corporate,United States,North Carolina,South,Furniture,Furnishings,8,58.32,0.1,419.9,12.97
ORD-2024-00164,2024-03-21,2024-03-27,Standard Class,Customer 051,Corporate,United States,North Carolina,South,Office Supplies,Appliances,4,29.55,0.1,106.38,12.87
ORD-2024-01131,2024-03-21,2024-03-26,Standard Class,Customer 077,Corporate,United States,New York,East,Furniture,Chairs,6,180.48,0.0,1082.88,39.38
ORD-2024-00687,2024-03-21,2024-03-27,Standard Class,Customer 193,Consumer,United States,Texas,Central,Office Supplies,Appliances,7,355.02,0.3,1739.6,11.43
ORD-2024-01688,2024-03-23,2024-03-25,Second Class,Customer 285,Consumer,United States,Georgia,South,Furniture,Tables,7,889.9,0.0,6229.3,587.29
ORD-2024-01340,2024-03-23,2024-03-28,Standard Class,Customer 146,Consumer,United States,Georgia,South,Office Supplies,Binders,8,9.98,0.1,71.86,9.58
ORD-2024-02076,2024-03-23,2024-03-25,Second Class,Customer 214,Consumer,United States,Illinois,Central,Technology,Copiers,3,3215.88,0.3,6753.35,-693.13
ORD-2024-01875,2024-03-23,2024-03-27,Second Class,Customer 233,Consumer,United States,Michigan,Central,Furniture,Tables,5,683.51,0.4,2050.53,-492.12
ORD-2024-00144,2024-03-23,2024-03-30,Standard Class,Customer 159,Consumer,United States,Washington,West,Furniture,Chairs,8,65.45,0.1,471.24,-2.19
ORD-2024-00163,2024-03-24,2024-03-28,Standard Class,Customer 068,Consumer,United States,New York,East,Office Supplies,Binders,8,53.21,0.4,255.41,-49.26
ORD-2024-00962,2024-03-24,2024-03-30,Standard Class,Customer 013,Consumer,United States,New York,East,Office Supplies,Art,4,18.86,0.0,75.44,15.46
ORD-2024-01762,2024-03-24,2024-03-28,Standard Class,Customer 020,Corporate,United States,North Carolina,South,Furniture,Tables,8,267.8,0.2,1713.92,-250.89
ORD-2024-01835,2024-03-25,2024-03-31,Standard Class,Customer 128,Corporate,United States,Oregon,West,Office Supplies,Art,3,37.82,0.0,113.46,29.36
ORD-2024-01495,2024-03-25,2024-03-30,Standard Class,Customer 066,Consumer,United States,North Carolina,South,Furniture,Bookcases,9,280.26,0.1,2270.11,225.78
ORD-2024-02192,2024-03-25,2024-03-30,Standard Class,Customer 159,Consumer,United States,Oregon,West,Furniture,Furnishings,2,45.64,0.0,91.28,4.52
ORD-2024-00373,2024-03-25,2024-03-26,First Class,Customer 203,Consumer,United States,Oregon,West,Technology,Accessories,9,130.0,0.0,1170.0,280.62
ORD-2024-00065,2024-03-26,2024-03-26,Same Day,Customer 055,Consumer,United States,Illinois,Central,Office Supplies,Art,5,21.34,0.4,64.02,-6.76
ORD-2024-00960,2024-03-27,2024-04-02,Standard Class,Customer 213,Corporate,United States,Michigan,Central,Office Supplies,Labels,1,23.26,0.0,23.26,3.8
ORD-2024-00907,2024-03-27,2024-03-29,Second Class,Customer 133,Corporate,United States,Pennsylvania,East,Furniture,Bookcases,4,89.26,0.1,321.34,15.2
ORD-2024-01252,2024-03-27,2024-03-27,Same Day,Customer 163,Home Office,United States,Texas,Central,Technology,Phones,2,538.3,0.0,1076.6,169.25
ORD-2024-02357,2024-03-27,2024-03-30,Second Class,Customer 289,Consumer,United States,North Carolina,South,Furniture,Chairs,3,392.51,0.1,1059.78,-65.24
ORD-2024-01719,2024-03-28,2024-03-31,Second Class,Customer 150,Consumer,United States,Pennsylvania,East,Technology,Machines,5,1477.99,0.0,7389.95,1378.01
ORD-2024-00496,2024-03-28,2024-04-03,Standard Class,Customer 020,Consumer,United States,California,West,Office Supplies,Paper,5,15.91,0.3,55.68,1.4
ORD-2024-02017,2024-03-29,2024-04-03,Standard Class,Customer 168,Consumer,United States,Georgia,South,Furniture,Bookcases,9,137.91,0.0,1241.19,85.62
ORD-2024-01888,2024-03-29,2024-04-03,Standard Class,Customer 031,Consumer,United States,Virginia,East,Office Supplies,Storage,4,58.99,0.0,235.96,48.29
ORD-2024-01584,2024-03-29,2024-03-29,Same Day,Customer 029,Home Office,United States,New York,East,Technology,Machines,1,1212.05,0.3,848.43,-53.37
ORD-2024-01485,2024-03-30,2024-03-31,First Class,Customer 217,Corporate,United States,California,West,Technology,Phones,9,609.05,0.3,3837.01,-304.71
ORD-2024-02473,2024-03-30,2024-04-03,Standard Class,Customer 096,Consumer,United States,North Carolina,South,Office Supplies,Paper,1,28.22,0.2,22.58,2.8
ORD-2024-01309,2024-03-30,2024-04-05,Standard Class,Customer 074,Consumer,United States,California,West,Technology,Copiers,1,719.36,0.0,719.36,111.29
ORD-2024-01635,2024-03-30,2024-03-30,Same Day,Customer 180,Consumer,United States,Florida,South,Technology,Machines,9,1531.55,0.0,13783.95,3608.6
ORD-2024-01191,2024-03-31,2024-04-05,Standard Class,Customer 057,Home Office,United States,New York,East,Technology,Machines,6,736.75,0.1,3978.45,218.84
ORD-2024-01043,2024-03-31,2024-04-02,First Class,Customer 101,Consumer,United States,Pennsylvania,East,Office Supplies,Labels,1,8.84,0.0,8.84,1.76
ORD-2024-00248,2024-03-31,2024-04-04,Second Class,Customer 169,Corporate,United States,Pennsylvania,East,Technology,Copiers,2,3227.15,0.4,3872.58,-459.88
ORD-2024-01480,2024-04-01,2024-04-05,Standard Class,Customer 060,Consumer,United States,Oregon,West,Furniture,Chairs,4,467.72,0.4,1122.53,-325.77
ORD-2024-00624,2024-04-01,2024-04-08,Standard Class,Customer 204,Consumer,United States,Pennsylvania,East,Office Supplies,Art,2,19.76,0.0,39.52,6.69
ORD-2024-01225,2024-04-01,2024-04-08,Standard Class,Customer 197,Corporate,United States,Oregon,West,Furniture,Furnishings,7,113.38,0.0,793.66,101.8
ORD-2024-00572,2024-04-01,2024-04-03,Second Class,Customer 006,Corporate,United States,California,West,Furniture,Tables,2,271.85,0.3,380.59,-48.42
ORD-2024-02290,2024-04-01,2024-04-06,Standard Class,Customer 047,Consumer,United States,Oregon,West,Technology,Copiers,8,881.51,0.0,7052.08,1414.24
ORD-2024-01079,2024-04-02,2024-04-09,Standard Class,Customer 160,Corporate,United States,New York,East,Furniture,Furnishings,9,110.41,0.0,993.69,33.38
ORD-2024-00425,2024-04-02,2024-04-04,Second Class,Customer 175,Consumer,United States,Washington,West,Office Supplies,Appliances,4,108.75,0.1,391.5,52.46
ORD-2024-00275,2024-04-03,2024-04-03,Same Day,Customer 213,Corporate,United States,North Carolina,South,Office Supplies,Art,2,34.64,0.1,62.35,12.27
ORD-2024-00165,2024-04-03,2024-04-07,Standard Class,Customer 101,Consumer,United States,Florida,South,Technology,Copiers,2,909.99,0.0,1819.98,339.3
ORD-2024-02495,2024-04-03,2024-04-08,Standard Class,Customer 080,Corporate,United States,North Carolina,South,Furniture,Bookcases,6,326.93,0.1,1765.42,75.44
ORD-2024-00929,2024-04-03,2024-04-07,Second Class,Customer 211,Consumer,United States,Virginia,East,Furniture,Tables,1,685.09,0.0,685.09,77.21
ORD-2024-00732,2024-04-03,2024-04-06,Second Class,Customer 252,Corporate,United States,New York,East,Technology,Phones,2,306.86,0.1,552.35,67.13
ORD-2024-02420,2024-04-03,2024-04-09,Standard Class,Customer 105,Consumer,United States,New York,East,Furniture,Furnishings,5,103.45,0.4,310.35,-58.47
ORD-2024-00972,2024-04-03,2024-04-07,Standard Class,Customer 049,Home Office,United States,Virginia,East,Office Supplies,Storage,3,196.18,0.0,588.54,81.18
ORD-2024-01678,2024-04-04,2024-04-04,Same Day,Customer 258,Consumer,United States,Washington,West,Furniture,Furnishings,4,28.17,0.0,112.68,7.18
ORD-2024-00464,2024-04-04,2024-04-11,Standard Class,Customer 129,Corporate,United States,Washington,West,Technology,Copiers,6,2952.17,0.4,10627.81,-1067.27
ORD-2024-02070,2024-04-04,2024-04-05,First Class,Customer 011,Corporate,United States,Oregon,West,Furniture,Furnishings,9,14.64,0.4,79.06,-28.22
ORD-2024-01185,2024-04-05,2024-04-11,Standard Class,Customer 191,Home Office,United States,Virginia,East,Technology,Accessories,5,114.72,0.3,401.52,-36.37
ORD-2024-01374,2024-04-05,2024-04-06,First Class,Customer 040,Corporate,United States,California,West,Technology,Phones,5,696.38,0.0,3481.9,683.01
ORD-2024-02476,2024-04-08,2024-04-13,Standard Class,Customer 060,Corporate,United States,Pennsylvania,East,Furniture,Tables,6,130.68,0.0,784.08,117.07
ORD-2024-02224,2024-04-08,2024-04-11,First Class,Customer 260,Consumer,United States,New York,East,Technology,Phones,2,762.4,0.0,1524.8,231.91
ORD-2024-00777,2024-04-09,2024-04-11,Second Class,Customer 231,Consumer,United States,Michigan,Central,Furniture,Bookcases,2,186.56,0.0,373.12,18.05
ORD-2024-02341,2024-04-09,2024-04-13,Standard Class,Customer 021,Corporate,United States,Michigan,Central,Technology,Machines,3,2220.33,0.0,6660.99,1053.93
ORD-2024-02250,2024-04-09,2024-04-16,Standard Class,Customer 284,Corporate,United States,Texas,Central,Office Supplies,Paper,1,44.87,0.0,44.87,9.3
ORD-2024-02276,2024-04-10,2024-04-13,Second Class,Customer 156,Consumer,United States,Illinois,Central,Technology,Phones,9,432.9,0.0,3896.1,777.8
ORD-2024-01333,2024-04-10,2024-04-12,Second Class,Customer 187,Home Office,United States,Washington,West,Technology,Phones,8,498.67,0.2,3191.49,174.33
ORD-2024-01059,2024-04-10,2024-04-14,Standard Class,Customer 283,Home Office,United States,Pennsylvania,East,Furniture,Furnishings,9,67.54,0.4,364.72,-106.04
ORD-2024-01841,2024-04-10,2024-04-12,Second Class,Customer 219,Corporate,United States,Texas,Central,Technology,Machines,1,1282.89,0.2,1026.31,95.13
ORD-2024-00500,2024-04-11,2024-04-13,Second Class,Customer 148,Consumer,United States,California,West,Furniture,Bookcases,3,183.26,0.3,384.85,-72.51
ORD-2024-01437,2024-04-13,2024-04-20,Standard Class,Customer 290,Consumer,United States,Oregon,West,Office Supplies,Art,9,36.97,0.4,199.64,-38.92
ORD-2024-00954,2024-04-13,2024-04-20,Standard Class,Customer 210,Consumer,United States,Pennsylvania,East,Office Supplies,Binders,9,46.48,0.3,292.82,-11.54
ORD-2024-01687,2024-04-14,2024-04-18,Standard Class,Customer 095,Corporate,United States,Virginia,East,Technology,Copiers,7,3157.24,0.0,22100.68,4507.87
ORD-2024-00547,2024-04-15,2024-04-17,Second Class,Customer 219,Corporate,United States,Virginia,East,Technology,Accessories,1,70.31,0.0,70.31,11.83
ORD-2024-01496,2024-04-17,2024-04-23,Standard Class,Customer 186,Consumer,United States,Georgia,South,Technology,Machines,3,1749.8,0.0,5249.4,506.3
ORD-2024-01741,2024-04-17,2024-04-19,First Class,Customer 255,Corporate,United States,Virginia,East,Office Supplies,Appliances,1,168.3,0.0,168.3,42.36
ORD-2024-01153,2024-04-17,2024-04-20,Second Class,Customer 055,Corporate,United States,Washington,West,Furniture,Furnishings,4,116.79,0.3,327.01,-44.43
ORD-2024-00795,2024-04-17,2024-04-18,First Class,Customer 101,Consumer,United States,Virginia,East,Furniture,Tables,6,616.84,0.0,3701.04,110.12
ORD-2024-00994,2024-04-17,2024-04-24,Standard Class,Customer 126,Consumer,United States,Florida,South,Office Supplies,Labels,1,15.51,0.1,13.96,0.32
ORD-2024-00473,2024-04-18,2024-04-24,Standard Class,Customer 034,Home Office,United States,Illinois,Central,Office Supplies,Storage,2,160.4,0.2,256.64,1.7
ORD-2024-00238,2024-04-18,2024-04-22,Second Class,Customer 009,Corporate,United States,Florida,South,Technology,Machines,5,2372.42,0.1,10675.89,1081.37
ORD-2024-01444,2024-04-19,2024-04-22,Second Class,Customer 275,Corporate,United States,Oregon,West,Technology,Phones,9,647.71,0.2,4663.51,177.61
ORD-2024-00005,2024-04-19,2024-04-22,Second Class,Customer 097,Consumer,United States,Pennsylvania,East,Technology,Accessories,3,56.1,0.1,151.47,28.15
ORD-2024-01100,2024-04-20,2024-04-27,Standard Class,Customer 266,Corporate,United States,Michigan,Central,Technology,Phones,3,670.02,0.0,2010.06,473.24
ORD-2024-02007,2024-04-20,2024-04-25,Standard Class,Customer 003,Consumer,United States,North Carolina,South,Office Supplies,Labels,4,20.84,0.0,83.36,19.96
ORD-2024-00435,2024-04-20,2024-04-26,Standard Class,Customer 188,Home Office,United States,California,West,Office Supplies,Art,5,30.41,0.0,152.05,43.88
ORD-2024-00407,2024-04-20,2024-04-24,Second Class,Customer 123,Consumer,United States,Virginia,East,Furniture,Chairs,8,474.12,0.0,3792.96,369.85
ORD-2024-00621,2024-04-20,2024-04-20,Same Day,Customer 112,Corporate,United States,Texas,Central,Furniture,Tables,6,182.22,0.0,1093.32,65.72
ORD-2024-00633,2024-04-20,2024-04-24,Standard Class,Customer 273,Consumer,United States,New York,East,Office Supplies,Paper,4,39.76,0.3,111.33,2.98
ORD-2024-00354,2024-04-21,2024-04-26,Standard Class,Customer 095,Home Office,United States,New York,East,Technology,Machines,8,1504.93,0.3,8427.61,-159.47
ORD-2024-00155,2024-04-21,2024-04-24,Second Class,Customer 259,Consumer,United States,Michigan,Central,Furniture,Chairs,3,152.08,0.3,319.37,-76.51
ORD-2024-01924,2024-04-21,2024-04-27,Standard Class,Customer 237,Corporate,United States,Georgia,South,Office Supplies,Storage,5,185.61,0.0,928.05,189.08
ORD-2024-00091,2024-04-21,2024-04-24,First Class,Customer 292,Consumer,United States,Illinois,Central,Technology,Copiers,8,1297.43,0.1,9341.5,719.16
ORD-2024-02318,2024-04-23,2024-04-30,Standard Class,Customer 203,Consumer,United States,New York,East,Office Supplies,Binders,6,68.99,0.0,413.94,122.12
ORD-2024-00140,2024-04-23,2024-04-24,First Class,Customer 160,Corporate,United States,Florida,South,Office Supplies,Labels,5,23.91,0.3,83.68,-6.42
ORD-2024-01039,2024-04-23,2024-04-27,Standard Class,Customer 288,Corporate,United States,Washington,West,Technology,Phones,2,801.41,0.0,1602.82,448.21
ORD-2024-00756,2024-04-24,2024-04-28,Standard Class,Customer 124,Consumer,United States,Virginia,East,Furniture,Tables,2,301.77,0.1,543.19,-7.05
ORD-2024-00082,2024-04-24,2024-04-28,Second Class,Customer 078,Corporate,United States,Florida,South,Furniture,Bookcases,6,312.08,0.0,1872.48,41.01
ORD-2024-01418,2024-04-25,2024-05-01,Standard Class,Customer 274,Consumer,United States,Georgia,South,Furniture,Furnishings,4,53.01,0.2,169.63,-25.13
ORD-2024-01992,2024-04-25,2024-04-25,Same Day,Customer 070,Consumer,United States,North Carolina,South,Office Supplies,Storage,1,111.74,0.4,67.04,-8.47
ORD-2024-00298,2024-04-26,2024-04-30,Standard Class,Customer 103,Corporate,United States,Texas,Central,Furniture,Furnishings,8,68.46,0.2,438.14,-45.74
ORD-2024-00121,2024-04-26,2024-04-30,Second Class,Customer 111,Corporate,United States,Illinois,Central,Technology,Machines,3,1066.49,0.3,2239.63,-125.76
ORD-2024-00004,2024-04-26,2024-05-03,Standard Class,Customer 279,Home Office,United States,Illinois,Central,Technology,Phones,1,790.24,0.2,632.19,65.86
ORD-2024-02135,2024-04-27,2024-05-03,Standard Class,Customer 004,Corporate,United States,Virginia,East,Office Supplies,Labels,7,19.42,0.0,135.94,34.95
ORD-2024-01220,2024-04-27,2024-04-30,Second Class,Customer 126,Consumer,United States,Pennsylvania,East,Furniture,Tables,3,761.61,0.4,1370.9,-294.37
ORD-2024-02078,2024-04-27,2024-04-28,First Class,Customer 159,Home Office,United States,California,West,Office Supplies,Storage,4,114.11,0.0,456.44,84.0
ORD-2024-00285,2024-04-28,2024-05-02,Standard Class,Customer 206,Home Office,United States,Pennsylvania,East,Technology,Phones,2,542.54,0.0,1085.08,251.32
ORD-2024-00800,2024-04-29,2024-05-02,Second Class,Customer 254,Corporate,United States,Oregon,West,Furniture,Furnishings,5,108.19,0.2,432.76,-30.86
ORD-2024-00935,2024-04-30,2024-05-03,Second Class,Customer 122,Corporate,United States,Washington,West,Office Supplies,Appliances,1,225.39,0.0,225.39,73.04
ORD-2024-00030,2024-04-30,2024-05-04,Standard Class,Customer 047,Consumer,United States,Texas,Central,Office Supplies,Binders,2,52.01,0.3,72.81,-4.33
ORD-2024-02157,2024-04-30,2024-05-05,Standard Class,Customer 199,Home Office,United States,Pennsylvania,East,Technology,Machines,6,1602.74,0.2,7693.15,-344.08
ORD-2024-01293,2024-05-01,2024-05-03,Second Class,Customer 007,Consumer,United States,Virginia,East,Office Supplies,Labels,8,23.99,0.0,191.92,43.93
ORD-2024-02146,2024-05-01,2024-05-08,Standard Class,Customer 188,Home Office,United States,Florida,South,Technology,Copiers,3,1993.08,0.2,4783.39,249.84
ORD-2024-00689,2024-05-02,2024-05-08,Standard Class,Customer 286,Consumer,United States,Washington,West,Office Supplies,Labels,4,5.5,0.2,17.6,0.05
ORD-2024-01263,2024-05-02,2024-05-08,Standard Class,Customer 003,Corporate,United States,Georgia,South,Furniture,Tables,6,381.12,0.3,1600.7,-240.45
ORD-2024-01729,2024-05-02,2024-05-06,Second Class,Customer 050,Consumer,United States,Florida,South,Office Supplies,Storage,4,176.49,0.0,705.96,141.4
ORD-2024-00186,2024-05-03,2024-05-10,Standard Class,Customer 203,Consumer,United States,North Carolina,South,Technology,Phones,8,780.6,0.0,6244.8,992.33
ORD-2024-00047,2024-05-03,2024-05-04,First Class,Customer 186,Corporate,United States,Texas,Central,Office Supplies,Appliances,3,344.12,0.3,722.65,21.33
ORD-2024-00923,2024-05-04,2024-05-06,Second Class,Customer 197,Consumer,United States,New York,East,Technology,Machines,5,1480.42,0.0,7402.1,1634.1
ORD-2024-00869,2024-05-04,2024-05-11,Standard Class,Customer 008,Consumer,United States,Illinois,Central,Office Supplies,Labels,9,3.67,0.0,33.03,9.66
ORD-2024-00267,2024-05-04,2024-05-11,Standard Class,Customer 048,Consumer,United States,Texas,Central,Office Supplies,Appliances,9,136.5,0.0,1228.5,300.41
ORD-2024-00219,2024-05-04,2024-05-10,Standard Class,Customer 228,Corporate,United States,California,West,Technology,Machines,6,1016.04,0.0,6096.24,1297.03
ORD-2024-01643,2024-05-05,2024-05-06,First Class,Customer 249,Consumer,United States,Illinois,Central,Technology,Machines,7,640.56,0.2,3587.14,298.97
ORD-2024-00883,2024-05-06,2024-05-10,Standard Class,Customer 284,Consumer,United States,Georgia,South,Furniture,Chairs,7,72.85,0.3,356.96,-67.69
ORD-2024-01184,2024-05-06,2024-05-10,Second Class,Customer 058,Consumer,United States,North Carolina,South,Office Supplies,Labels,6,24.63,0.1,133.0,-1.83
ORD-2024-02382,2024-05-06,2024-05-06,Same Day,Customer 080,Consumer,United States,Pennsylvania,East,Furniture,Furnishings,4,22.05,0.3,61.74,-9.35
ORD-2024-01092,2024-05-06,2024-05-11,Standard Class,Customer 245,Consumer,United States,North Carolina,South,Office Supplies,Appliances,7,245.99,0.1,1549.74,13.07
ORD-2024-01373,2024-05-07,2024-05-14,Standard Class,Customer 257,Home Office,United States,Oregon,West,Technology,Phones,8,583.92,0.3,3269.95,-397.02
ORD-2024-01057,2024-05-07,2024-05-10,Second Class,Customer 140,Corporate,United States,Washington,West,Technology,Machines,1,543.91,0.0,543.91,111.51
ORD-2024-02040,2024-05-07,2024-05-14,Standard Class,Customer 173,Home Office,United States,Florida,South,Technology,Machines,6,2213.13,0.0,13278.78,1993.85
ORD-2024-01319,2024-05-07,2024-05-10,Second Class,Customer 008,Home Office,United States,Florida,South,Furniture,Chairs,3,423.35,0.2,1016.04,-104.3
ORD-2024-01473,2024-05-07,2024-05-13,Standard Class,Customer 085,Home Office,United States,California,West,Office Supplies,Appliances,3,356.46,0.0,1069.38,262.99
ORD-2024-00214,2024-05-07,2024-05-11,Standard Class,Customer 110,Consumer,United States,Virginia,East,Furniture,Furnishings,2,83.92,0.2,134.27,-9.46
ORD-2024-00031,2024-05-08,2024-05-15,Standard Class,Customer 144,Consumer,United States,Oregon,West,Office Supplies,Binders,2,44.7,0.4,53.64,-6.62
ORD-2024-02217,2024-05-08,2024-05-15,Standard Class,Customer 238,Consumer,United States,Virginia,East,Furniture,Bookcases,8,181.37,0.1,1305.86,-21.28
ORD-2024-01331,2024-05-08,2024-05-14,Standard Class,Customer 075,Corporate,United States,Oregon,West,Furniture,Furnishings,5,35.17,0.4,105.51,-30.96
ORD-2024-00020,2024-05-08,2024-05-14,Standard Class,Customer 234,Consumer,United States,Washington,West,Technology,Accessories,8,73.9,0.0,591.2,66.45
ORD-2024-02435,2024-05-08,2024-05-09,First Class,Customer 267,Home Office,United States,Washington,West,Furniture,Chairs,8,329.14,0.1,2369.81,61.98
ORD-2024-01890,2024-05-08,2024-05-14,Standard Class,Customer 244,Consumer,United States,North Carolina,South,Furniture,Chairs,1,459.01,0.0,459.01,80.05
ORD-2024-01919,2024-05-09,2024-05-12,Second Class,Customer 220,Consumer,United States,California,West,Furniture,Furnishings,6,102.21,0.2,490.61,-12.28
ORD-2024-01368,2024-05-11,2024-05-18,Standard Class,Customer 142,Corporate,United States,Washington,West,Office Supplies,Binders,4,32.83,0.0,131.32,25.3
ORD-2024-02047,2024-05-11,2024-05-16,Standard Class,Customer 078,Home Office,United States,Washington,West,Technology,Accessories,2,127.14,0.0,254.28,49.04
ORD-2024-02243,2024-05-11,2024-05-13,Second Class,Customer 077,Corporate,United States,North Carolina,South,Office Supplies,Labels,4,5.81,0.4,13.94,-0.97
ORD-2024-00833,2024-05-11,2024-05-15,Standard Class,Customer 179,Consumer,United States,New York,East,Furniture,Furnishings,8,25.1,0.0,200.8,18.14
ORD-2024-00792,2024-05-12,2024-05-16,Standard Class,Customer 131,Consumer,United States,Illinois,Central,Office Supplies,Binders,2,33.94,0.4,40.73,-2.12
ORD-2024-00506,2024-05-12,2024-05-18,Standard Class,Customer 215,Corporate,United States,Georgia,South,Technology,Machines,4,2109.8,0.0,8439.2,1699.76
ORD-2024-01853,2024-05-12,2024-05-17,Standard Class,Customer 130,Corporate,United States,Virginia,East,Technology,Copiers,4,2819.61,0.2,9022.75,211.76
ORD-2024-02391,2024-05-13,2024-05-19,Standard Class,Customer 148,Consumer,United States,California,West,Technology,Machines,7,1719.28,0.4,7220.98,-1193.63
ORD-2024-01566,2024-05-13,2024-05-19,Standard Class,Customer 263,Consumer,United States,Illinois,Central,Furniture,Furnishings,3,85.11,0.4,153.2,-38.34
ORD-2024-01458,2024-05-13,2024-05-15,Second Class,Customer 059,Corporate,United States,Florida,South,Technology,Accessories,6,72.34,0.4,260.42,-50.84
ORD-2024-02337,2024-05-13,2024-05-16,Second Class,Customer 204,Consumer,United States,Oregon,West,Technology,Phones,2,592.46,0.4,710.95,-202.46
ORD-2024-01803,2024-05-13,2024-05-19,Standard Class,Customer 183,Consumer,United States,New York,East,Furniture,Bookcases,7,292.17,0.0,2045.19,94.17
ORD-2024-02205,2024-05-13,2024-05-13,Same Day,Customer 284,Home Office,United States,Texas,Central,Technology,Copiers,7,2069.15,0.0,14484.05,3556.96
ORD-2024-00871,2024-05-14,2024-05-21,Standard Class,Customer 145,Corporate,United States,Virginia,East,Technology,Machines,2,1261.74,0.0,2523.48,435.45
ORD-2024-01743,2024-05-14,2024-05-21,Standard Class,Customer 291,Home Office,United States,Texas,Central,Technology,Machines,4,1886.26,0.0,7545.04,1611.48
ORD-2024-00537,2024-05-14,2024-05-17,Second Class,Customer 292,Consumer,United States,California,West,Furniture,Bookcases,1,174.13,0.3,121.89,-28.57
ORD-2024-00222,2024-05-14,2024-05-15,First Class,Customer 142,Home Office,United States,Pennsylvania,East,Technology,Copiers,2,1399.77,0.0,2799.54,708.87
ORD-2024-02180,2024-05-15,2024-05-19,Standard Class,Customer 253,Consumer,United States,North Carolina,South,Technology,Machines,7,211.39,0.3,1035.81,-169.67
ORD-2024-00205,2024-05-16,2024-05-23,Standard Class,Customer 026,Consumer,United States,Virginia,East,Office Supplies,Storage,8,116.16,0.4,557.57,-135.06
ORD-2024-01555,2024-05-16,2024-05-23,Standard Class,Customer 226,Consumer,United States,Florida,South,Office Supplies,Binders,4,6.42,0.0,25.68,7.51
ORD-2024-02004,2024-05-17,2024-05-18,First Class,Customer 066,Home Office,United States,New York,East,Technology,Accessories,1,91.3,0.0,91.3,24.11
ORD-2024-00798,2024-05-17,2024-05-24,Standard Class,Customer 007,Consumer,United States,California,West,Office Supplies,Appliances,7,89.56,0.3,438.84,-47.8
ORD-2024-00916,2024-05-17,2024-05-23,Standard Class,Customer 217,Consumer,United States,Georgia,South,Technology,Machines,2,1651.63,0.0,3303.26,786.9
ORD-2024-00114,2024-05-17,2024-05-21,Second Class,Customer 261,Consumer,United States,Georgia,South,Furniture,Tables,8,684.28,0.4,3284.54,-904.45
ORD-2024-00905,2024-05-17,2024-05-22,Standard Class,Customer 194,Consumer,United States,Georgia,South,Office Supplies,Art,7,20.7,0.2,115.92,-6.75
ORD-2024-01213,2024-05-19,2024-05-22,Second Class,Customer 118,Consumer,United States,Michigan,Central,Technology,Accessories,3,63.29,0.0,189.87,30.34
ORD-2024-00647,2024-05-19,2024-05-23,Second Class,Customer 224,Consumer,United States,Florida,South,Furniture,Furnishings,3,99.0,0.3,207.9,-31.61
ORD-2024-00335,2024-05-19,2024-05-20,First Class,Customer 228,Home Office,United States,Pennsylvania,East,Office Supplies,Binders,9,66.27,0.2,477.14,16.84
ORD-2024-01520,2024-05-20,2024-05-23,Second Class,Customer 052,Consumer,United States,California,West,Furniture,Chairs,6,393.71,0.2,1889.81,-168.19
ORD-2024-00939,2024-05-20,2024-05-22,Second Class,Customer 147,Consumer,United States,Oregon,West,Technology,Copiers,6,2337.85,0.3,9818.97,-505.58
ORD-2024-02020,2024-05-20,2024-05-24,Standard Class,Customer 131,Consumer,United States,California,West,Technology,Copiers,5,1229.01,0.4,3687.03,-748.91
ORD-2024-02274,2024-05-20,2024-05-24,Standard Class,Customer 076,Consumer,United States,Michigan,Central,Technology,Copiers,8,3197.83,0.1,23024.38,3159.24
ORD-2024-02189,2024-05-21,2024-05-25,Second Class,Customer 235,Home Office,United States,Georgia,South,Office Supplies,Binders,1,71.14,0.0,71.14,16.15
ORD-2024-00176,2024-05-21,2024-05-28,Standard Class,Customer 139,Home Office,United States,Michigan,Central,Technology,Machines,3,1269.99,0.0,3809.97,629.78
ORD-2024-00485,2024-05-22,2024-05-27,Standard Class,Customer 193,Corporate,United States,Florida,South,Technology,Phones,1,441.17,0.3,308.82,7.86
ORD-2024-00612,2024-05-22,2024-05-23,First Class,Customer 105,Corporate,United States,Pennsylvania,East,Technology,Machines,8,929.67,0.2,5949.89,-180.88
ORD-2024-00231,2024-05-22,2024-05-28,Standard Class,Customer 284,Consumer,United States,Oregon,West,Furniture,Furnishings,2,76.47,0.3,107.06,-19.35
ORD-2024-00073,2024-05-22,2024-05-28,Standard Class,Customer 134,Consumer,United States,Oregon,West,Technology,Phones,9,125.05,0.2,900.36,10.41
ORD-2024-02077,2024-05-23,2024-05-28,Standard Class,Customer 195,Corporate,United States,Illinois,Central,Technology,Phones,7,504.89,0.2,2827.38,28.65
ORD-2024-02465,2024-05-23,2024-05-30,Standard Class,Customer 220,Corporate,United States,Georgia,South,Furniture,Bookcases,5,318.17,0.4,954.51,-252.76
ORD-2024-02409,2024-05-23,2024-05-27,Second Class,Customer 187,Home Office,United States,Virginia,East,Office Supplies,Binders,6,34.56,0.0,207.36,51.52
ORD-2024-01954,2024-05-24,2024-05-28,Standard Class,Customer 146,Consumer,United States,Pennsylvania,East,Office Supplies,Paper,7,44.68,0.1,281.48,18.51
ORD-2024-02354,2024-05-24,2024-05-28,Second Class,Customer 187,Consumer,United States,Pennsylvania,East,Office Supplies,Storage,6,91.31,0.1,493.07,68.13
ORD-2024-01248,2024-05-24,2024-05-31,Standard Class,Customer 025,Consumer,United States,Florida,South,Technology,Machines,1,2313.85,0.1,2082.47,211.23
ORD-2024-00710,2024-05-25,2024-05-30,Standard Class,Customer 013,Consumer,United States,Michigan,Central,Office Supplies,Paper,9,26.18,0.0,235.62,42.42
ORD-2024-00277,2024-05-26,2024-05-30,Standard Class,Customer 076,Home Office,United States,Georgia,South,Technology,Accessories,5,39.57,0.0,197.85,43.01
ORD-2024-01075,2024-05-26,2024-05-30,Second Class,Customer 143,Consumer,United States,Oregon,West,Technology,Phones,6,723.81,0.2,3474.29,70.63
ORD-2024-00054,2024-05-26,2024-05-28,Second Class,Customer 260,Corporate,United States,Florida,South,Technology,Copiers,8,592.68,0.0,4741.44,1155.27
ORD-2024-01499,2024-05-27,2024-05-30,First Class,Customer 148,Consumer,United States,Texas,Central,Technology,Accessories,2,84.93,0.1,152.87,32.59
ORD-2024-00474,2024-05-27,2024-05-31,Standard Class,Customer 203,Consumer,United States,Illinois,Central,Office Supplies,Binders,4,19.46,0.0,77.84,23.37
ORD-2024-01768,2024-05-27,2024-05-29,First Class,Customer 074,Consumer,United States,Texas,Central,Office Supplies,Art,9,22.51,0.0,202.59,61.77
ORD-2024-01968,2024-05-28,2024-05-29,First Class,Customer 168,Corporate,United States,Michigan,Central,Technology,Accessories,4,101.8,0.2,325.76,9.29
ORD-2024-01802,2024-05-28,2024-06-03,Standard Class,Customer 194,Corporate,United States,California,West,Furniture,Bookcases,8,145.68,0.1,1048.9,-51.74
ORD-2024-01697,2024-05-28,2024-06-03,Standard Class,Customer 160,Consumer,United States,Oregon,West,Technology,Phones,6,472.16,0.0,2832.96,341.51
ORD-2024-01712,2024-05-29,2024-06-04,Standard Class,Customer 175,Consumer,United States,North Carolina,South,Technology,Copiers,1,3362.93,0.0,3362.93,660.95
ORD-2024-01102,2024-05-29,2024-05-30,First Class,Customer 120,Home Office,United States,Pennsylvania,East,Furniture,Furnishings,2,75.97,0.0,151.94,9.66
ORD-2024-00070,2024-05-29,2024-06-02,Standard Class,Customer 165,Corporate,United States,Michigan,Central,Technology,Accessories,5,147.99,0.4,443.97,-76.06
ORD-2024-00367,2024-05-29,2024-06-02,Second Class,Customer 008,Corporate,United States,Oregon,West,Office Supplies,Labels,5,3.04,0.2,12.16,0.49
ORD-2024-01431,2024-05-30,2024-06-04,Standard Class,Customer 016,Consumer,United States,Texas,Central,Furniture,Chairs,8,462.06,0.2,2957.18,-211.41
ORD-2024-02454,2024-05-30,2024-06-01,Second Class,Customer 128,Home Office,United States,Florida,South,Furniture,Furnishings,7,44.02,0.0,308.14,8.17
ORD-2024-00124,2024-05-31,2024-06-04,Standard Class,Customer 200,Corporate,United States,Florida,South,Furniture,Tables,4,891.49,0.0,3565.96,432.62
ORD-2024-00109,2024-05-31,2024-06-06,Standard Class,Customer 197,Consumer,United States,Virginia,East,Technology,Accessories,5,36.61,0.4,109.83,-17.29
ORD-2024-01789,2024-06-02,2024-06-06,Second Class,Customer 181,Home Office,United States,California,West,Furniture,Chairs,3,469.33,0.3,985.59,-201.41
ORD-2024-02026,2024-06-02,2024-06-03,First Class,Customer 057,Corporate,United States,Pennsylvania,East,Technology,Accessories,5,37.32,0.4,111.96,-16.71
ORD-2024-00290,2024-06-02,2024-06-09,Standard Class,Customer 104,Home Office,United States,Washington,West,Office Supplies,Labels,7,12.63,0.2,70.73,1.28
ORD-2024-02395,2024-06-02,2024-06-09,Standard Class,Customer 250,Corporate,United States,Illinois,Central,Office Supplies,Storage,2,101.37,0.1,182.47,10.99
ORD-2024-00974,2024-06-03,2024-06-06,Second Class,Customer 226,Corporate,United States,North Carolina,South,Office Supplies,Binders,2,14.69,0.4,17.63,-1.96
ORD-2024-02463,2024-06-03,2024-06-05,First Class,Customer 176,Consumer,United States,Georgia,South,Technology,Accessories,5,111.59,0.0,557.95,67.92
ORD-2024-00944,2024-06-03,2024-06-09,Standard Class,Customer 012,Corporate,United States,Florida,South,Technology,Phones,6,575.26,0.1,3106.4,28.16
ORD-2024-02459,2024-06-04,2024-06-10,Standard Class,Customer 163,Corporate,United States,North Carolina,South,Technology,Phones,1,98.95,0.1,89.06,0.57
ORD-2024-01420,2024-06-05,2024-06-05,Same Day,Customer 120,Consumer,United States,Virginia,East,Technology,Copiers,2,1790.52,0.0,3581.04,827.16
ORD-2024-02456,2024-06-05,2024-06-11,Standard Class,Customer 218,Consumer,United States,Michigan,Central,Office Supplies,Storage,7,79.5,0.4,333.9,-41.91
ORD-2024-00709,2024-06-05,2024-06-11,Standard Class,Customer 209,Consumer,United States,Michigan,Central,Technology,Copiers,5,2217.87,0.0,11089.35,2036.73
ORD-2024-02239,2024-06-05,2024-06-06,First Class,Customer 181,Corporate,United States,Michigan,Central,Furniture,Bookcases,9,250.37,0.0,2253.33,143.14
ORD-2024-00519,2024-06-05,2024-06-06,First Class,Customer 298,Consumer,United States,Michigan,Central,Technology,Accessories,5,88.61,0.0,443.05,119.06
ORD-2024-01541,2024-06-05,2024-06-10,Standard Class,Customer 032,Home Office,United States,Texas,Central,Furniture,Furnishings,6,55.35,0.1,298.89,0.67
ORD-2024-00076,2024-06-05,2024-06-08,Second Class,Customer 233,Corporate,United States,Pennsylvania,East,Technology,Phones,5,368.81,0.2,1475.24,36.99
ORD-2024-00622,2024-06-07,2024-06-11,Standard Class,Customer 066,Home Office,United States,California,West,Office Supplies,Storage,1,40.81,0.0,40.81,10.65
ORD-2024-01202,2024-06-07,2024-06-08,First Class,Customer 189,Consumer,United States,Oregon,West,Office Supplies,Storage,3,181.86,0.4,327.35,-63.54
ORD-2024-00973,2024-06-07,2024-06-14,Standard Class,Customer 094,Home Office,United States,Michigan,Central,Technology,Phones,5,600.78,0.3,2102.73,-126.45
ORD-2024-01795,2024-06-07,2024-06-13,Standard Class,Customer 187,Corporate,United States,Virginia,East,Technology,Copiers,4,1985.94,0.0,7943.76,1763.06
ORD-2024-00785,2024-06-08,2024-06-11,Second Class,Customer 241,Consumer,United States,Florida,South,Furniture,Tables,8,169.43,0.4,813.26,-172.38
ORD-2024-01799,2024-06-08,2024-06-11,Second Class,Customer 168,Corporate,United States,Illinois,Central,Office Supplies,Binders,6,52.0,0.2,249.6,6.4
ORD-2024-01508,2024-06-09,2024-06-16,Standard Class,Customer 075,Consumer,United States,California,West,Office Supplies,Storage,3,76.97,0.2,184.73,12.43
ORD-2024-01101,2024-06-09,2024-06-14,Standard Class,Customer 128,Corporate,United States,North Carolina,South,Office Supplies,Labels,4,4.58,0.2,14.66,1.0
ORD-2024-00768,2024-06-09,2024-06-13,Standard Class,Customer 269,Corporate,United States,Washington,West,Technology,Phones,8,402.14,0.4,1930.27,-367.87
ORD-2024-02178,2024-06-10,2024-06-17,Standard Class,Customer 189,Consumer,United States,Washington,West,Office Supplies,Binders,9,8.27,0.3,52.1,1.72
ORD-2024-00644,2024-06-11,2024-06-14,First Class,Customer 176,Consumer,United States,Washington,West,Furniture,Bookcases,9,179.67,0.1,1455.33,-14.48
ORD-2024-01808,2024-06-11,2024-06-12,First Class,Customer 193,Consumer,United States,Michigan,Central,Technology,Accessories,5,66.03,0.0,330.15,77.89
ORD-2024-00276,2024-06-12,2024-06-12,Same Day,Customer 218,Corporate,United States,Florida,South,Office Supplies,Appliances,5,365.09,0.2,1460.36,162.33
ORD-2024-01146,2024-06-12,2024-06-19,Standard Class,Customer 100,Consumer,United States,Illinois,Central,Technology,Phones,9,354.01,0.0,3186.09,709.89
ORD-2024-01932,2024-06-12,2024-06-14,Second Class,Customer 245,Corporate,United States,Florida,South,Furniture,Tables,8,338.26,0.2,2164.86,-58.7
ORD-2024-01517,2024-06-12,2024-06-14,First Class,Customer 125,Consumer,United States,Pennsylvania,East,Furniture,Chairs,1,164.93,0.0,164.93,18.01
ORD-2024-02416,2024-06-16,2024-06-20,Second Class,Customer 060,Consumer,United States,Michigan,Central,Furniture,Chairs,4,157.67,0.1,567.61,66.66
ORD-2024-00282,2024-06-17,2024-06-19,Second Class,Customer 098,Consumer,United States,Georgia,South,Office Supplies,Art,2,37.4,0.4,44.88,-6.4
ORD-2024-01031,2024-06-18,2024-06-25,Standard Class,Customer 177,Consumer,United States,North Carolina,South,Office Supplies,Appliances,3,372.0,0.1,1004.4,90.08
ORD-2024-00444,2024-06-19,2024-06-25,Standard Class,Customer 078,Corporate,United States,Michigan,Central,Technology,Machines,4,1371.6,0.0,5486.4,1503.75
ORD-2024-00729,2024-06-19,2024-06-24,Standard Class,Customer 297,Consumer,United States,Illinois,Central,Office Supplies,Art,7,39.02,0.1,245.83,27.27
ORD-2024-02156,2024-06-20,2024-06-22,First Class,Customer 279,Home Office,United States,Washington,West,Office Supplies,Appliances,2,274.83,0.1,494.69,70.73
ORD-2024-01492,2024-06-20,2024-06-24,Standard Class,Customer 060,Consumer,United States,Washington,West,Office Supplies,Labels,2,13.16,0.1,23.69,3.95
ORD-2024-01244,2024-06-20,2024-06-26,Standard Class,Customer 234,Consumer,United States,Florida,South,Furniture,Furnishings,1,24.63,0.3,17.24,-4.71
ORD-2024-00651,2024-06-20,2024-06-26,Standard Class,Customer 287,Home Office,United States,Pennsylvania,East,Office Supplies,Appliances,4,168.52,0.2,539.26,-32.98
ORD-2024-01116,2024-06-21,2024-06-28,Standard Class,Customer 176,Corporate,United States,Texas,Central,Furniture,Furnishings,5,73.53,0.0,367.65,29.33
ORD-2024-01918,2024-06-21,2024-06-24,Second Class,Customer 049,Corporate,United States,Oregon,West,Furniture,Tables,8,217.81,0.3,1219.74,-193.11
ORD-2024-01477,2024-06-21,2024-06-25,Standard Class,Customer 296,Home Office,United States,Washington,West,Technology,Copiers,4,2847.98,0.3,7974.34,-650.97
ORD-2024-00284,2024-06-21,2024-06-25,Second Class,Customer 240,Corporate,United States,Pennsylvania,East,Furniture,Chairs,3,138.41,0.0,415.23,42.67
ORD-2024-02298,2024-06-22,2024-06-29,Standard Class,Customer 008,Consumer,United States,Oregon,West,Furniture,Bookcases,4,171.25,0.0,685.0,40.63
ORD-2024-00718,2024-06-23,2024-06-30,Standard Class,Customer 118,Consumer,United States,New York,East,Technology,Copiers,4,1813.37,0.0,7253.48,2013.7
ORD-2024-01120,2024-06-24,2024-06-28,Standard Class,Customer 018,Consumer,United States,Virginia,East,Office Supplies,Art,1,10.52,0.0,10.52,2.09
ORD-2024-00235,2024-06-24,2024-06-30,Standard Class,Customer 209,Corporate,United States,Georgia,South,Furniture,Tables,2,368.09,0.0,736.18,96.04
ORD-2024-00563,2024-06-24,2024-06-29,Standard Class,Customer 075,Consumer,United States,North Carolina,South,Technology,Copiers,6,829.71,0.2,3982.61,17.24
ORD-2024-00252,2024-06-25,2024-06-29,Standard Class,Customer 230,Corporate,United States,Georgia,South,Furniture,Furnishings,5,116.84,0.4,350.52,-96.27
ORD-2024-01018,2024-06-25,2024-06-28,Second Class,Customer 184,Consumer,United States,New York,East,Furniture,Chairs,9,176.19,0.2,1268.57,-105.79
ORD-2024-01549,2024-06-25,2024-07-02,Standard Class,Customer 233,Consumer,United States,New York,East,Office Supplies,Labels,8,8.26,0.2,52.86,1.43
ORD-2024-01519,2024-06-26,2024-07-01,Standard Class,Customer 147,Corporate,United States,Virginia,East,Furniture,Tables,1,834.83,0.2,667.86,-95.64
ORD-2024-00203,2024-06-26,2024-06-28,First Class,Customer 102,Corporate,United States,Michigan,Central,Furniture,Chairs,5,67.15,0.4,201.45,-49.48
ORD-2024-00185,2024-06-27,2024-07-01,Standard Class,Customer 137,Consumer,United States,Florida,South,Office Supplies,Paper,4,55.76,0.1,200.74,15.6
ORD-2024-01353,2024-06-27,2024-07-01,Standard Class,Customer 190,Consumer,United States,Oregon,West,Furniture,Chairs,1,189.7,0.4,113.82,-31.97
ORD-2024-01814,2024-06-27,2024-07-02,Standard Class,Customer 182,Consumer,United States,New York,East,Furniture,Furnishings,2,23.94,0.2,38.3,-5.64
ORD-2024-02011,2024-06-28,2024-07-03,Standard Class,Customer 040,Consumer,United States,Texas,Central,Furniture,Bookcases,7,321.35,0.2,1799.56,-134.13
ORD-2024-01356,2024-06-28,2024-07-03,Standard Class,Customer 227,Home Office,United States,Pennsylvania,East,Technology,Machines,9,318.43,0.0,2865.87,688.49
ORD-2024-00183,2024-06-29,2024-06-29,Same Day,Customer 293,Consumer,United States,Illinois,Central,Technology,Phones,8,200.17,0.4,960.82,-61.28
ORD-2024-00055,2024-06-29,2024-07-04,Standard Class,Customer 288,Corporate,United States,Florida,South,Technology,Copiers,5,1147.77,0.1,5164.97,447.86
ORD-2024-01162,2024-06-30,2024-07-07,Standard Class,Customer 137,Corporate,United States,California,West,Office Supplies,Appliances,1,60.49,0.1,54.44,4.36
ORD-2024-00453,2024-07-01,2024-07-06,Standard Class,Customer 108,Corporate,United States,Virginia,East,Furniture,Furnishings,2,58.15,0.0,116.3,7.94
ORD-2024-00405,2024-07-01,2024-07-04,Second Class,Customer 087,Consumer,United States,Michigan,Central,Technology,Machines,1,1306.09,0.0,1306.09,256.55
ORD-2024-00021,2024-07-02,2024-07-02,Same Day,Customer 155,Home Office,United States,Florida,South,Furniture,Furnishings,1,77.34,0.0,77.34,7.97
ORD-2024-02254,2024-07-02,2024-07-06,Standard Class,Customer 300,Consumer,United States,California,West,Technology,Accessories,3,77.25,0.3,162.22,-11.09
ORD-2024-00406,2024-07-02,2024-07-04,Second Class,Customer 037,Consumer,United States,Texas,Central,Technology,Copiers,9,2630.5,0.2,18939.6,390.07
ORD-2024-00180,2024-07-03,2024-07-09,Standard Class,Customer 280,Consumer,United States,Florida,South,Technology,Machines,5,930.76,0.0,4653.8,870.35
ORD-2024-01053,2024-07-03,2024-07-09,Standard Class,Customer 232,Consumer,United States,North Carolina,South,Technology,Accessories,6,111.0,0.0,666.0,94.66
ORD-2024-01008,2024-07-05,2024-07-08,First Class,Customer 279,Consumer,United States,New York,East,Technology,Accessories,7,128.33,0.1,808.48,92.12
ORD-2024-01379,2024-07-05,2024-07-07,Second Class,Customer 051,Consumer,United States,California,West,Furniture,Tables,1,170.23,0.0,170.23,15.2
ORD-2024-01091,2024-07-05,2024-07-12,Standard Class,Customer 220,Corporate,United States,Michigan,Central,Technology,Copiers,9,2471.92,0.2,17797.82,-167.49
ORD-2024-00667,2024-07-05,2024-07-09,Standard Class,Customer 097,Corporate,United States,California,West,Office Supplies,Paper,5,53.62,0.3,187.67,-1.24
ORD-2024-01737,2024-07-05,2024-07-09,Standard Class,Customer 042,Consumer,United States,North Carolina,South,Furniture,Chairs,5,224.1,0.1,1008.45,-24.65
ORD-2024-02350,2024-07-06,2024-07-13,Standard Class,Customer 037,Corporate,United States,Florida,South,Technology,Copiers,3,2449.87,0.3,5144.73,-491.4
ORD-2024-01767,2024-07-06,2024-07-12,Standard Class,Customer 033,Consumer,United States,Washington,West,Office Supplies,Binders,8,67.9,0.0,543.2,125.17
ORD-2024-00876,2024-07-06,2024-07-08,Second Class,Customer 136,Consumer,United States,Texas,Central,Office Supplies,Storage,7,189.64,0.0,1327.48,226.1
ORD-2024-00556,2024-07-06,2024-07-11,Standard Class,Customer 023,Corporate,United States,Virginia,East,Technology,Phones,5,805.63,0.0,4028.15,835.01
ORD-2024-00629,2024-07-07,2024-07-10,Second Class,Customer 153,Consumer,United States,Michigan,Central,Technology,Accessories,1,101.49,0.0,101.49,23.65
ORD-2024-00159,2024-07-07,2024-07-08,First Class,Customer 103,Corporate,United States,Washington,West,Furniture,Chairs,3,267.63,0.2,642.31,-64.47
ORD-2024-01152,2024-07-07,2024-07-13,Standard Class,Customer 233,Corporate,United States,Florida,South,Office Supplies,Labels,1,17.91,0.1,16.12,0.91
ORD-2024-00115,2024-07-08,2024-07-15,Standard Class,Customer 212,Consumer,United States,Pennsylvania,East,Furniture,Tables,2,288.69,0.4,346.43,-92.2
ORD-2024-00420,2024-07-08,2024-07-10,Second Class,Customer 269,Consumer,United States,Georgia,South,Office Supplies,Paper,8,5.41,0.3,30.3,-0.76
ORD-2024-01217,2024-07-09,2024-07-12,Second Class,Customer 213,Corporate,United States,North Carolina,South,Furniture,Bookcases,5,195.67,0.0,978.35,-7.39
ORD-2024-01618,2024-07-09,2024-07-12,First Class,Customer 160,Corporate,United States,Oregon,West,Technology,Machines,8,263.43,0.3,1475.21,-111.83
ORD-2024-02251,2024-07-09,2024-07-16,Standard Class,Customer 189,Consumer,United States,Oregon,West,Furniture,Chairs,5,294.39,0.0,1471.95,76.18
ORD-2024-01241,2024-07-10,2024-07-17,Standard Class,Customer 164,Consumer,United States,Washington,West,Furniture,Furnishings,2,22.45,0.4,26.94,-6.14
ORD-2024-01490,2024-07-10,2024-07-15,Standard Class,Customer 068,Corporate,United States,Virginia,East,Technology,Machines,3,2187.75,0.3,4594.27,-1.58
ORD-2024-00940,2024-07-11,2024-07-15,Standard Class,Customer 182,Corporate,United States,North Carolina,South,Office Supplies,Paper,1,51.54,0.0,51.54,16.11
ORD-2024-02066,2024-07-11,2024-07-18,Standard Class,Customer 087,Consumer,United States,Texas,Central,Technology,Accessories,2,14.42,0.1,25.96,4.09
ORD-2024-01051,2024-07-11,2024-07-11,Same Day,Customer 216,Corporate,United States,Florida,South,Office Supplies,Art,4,10.24,0.0,40.96,8.06
ORD-2024-00445,2024-07-11,2024-07-18,Standard Class,Customer 176,Consumer,United States,Georgia,South,Office Supplies,Labels,9,22.27,0.2,160.34,2.09
ORD-2024-02313,2024-07-12,2024-07-19,Standard Class,Customer 202,Consumer,United States,Virginia,East,Furniture,Bookcases,9,295.58,0.3,1862.15,-211.54
ORD-2024-00897,2024-07-12,2024-07-15,First Class,Customer 165,Corporate,United States,Pennsylvania,East,Furniture,Tables,9,156.8,0.0,1411.2,54.93
ORD-2024-01000,2024-07-15,2024-07-22,Standard Class,Customer 128,Consumer,United States,California,West,Office Supplies,Storage,6,184.1,0.3,773.22,-59.51
ORD-2024-01442,2024-07-15,2024-07-17,Second Class,Customer 213,Consumer,United States,Washington,West,Furniture,Tables,1,575.48,0.0,575.48,45.05
ORD-2024-00017,2024-07-16,2024-07-23,Standard Class,Customer 019,Home Office,United States,Georgia,South,Furniture,Furnishings,7,27.13,0.1,170.92,-6.04
ORD-2024-01680,2024-07-17,2024-07-23,Standard Class,Customer 084,Corporate,United States,Georgia,South,Technology,Copiers,3,716.06,0.0,2148.18,421.92
ORD-2024-00608,2024-07-17,2024-07-19,First Class,Customer 030,Home Office,United States,Illinois,Central,Furniture,Chairs,1,390.84,0.2,312.67,-24.05
ORD-2024-01296,2024-07-18,2024-07-18,Same Day,Customer 098,Consumer,United States,Michigan,Central,Office Supplies,Art,4,23.85,0.2,76.32,10.18
ORD-2024-01207,2024-07-18,2024-07-19,First Class,Customer 053,Consumer,United States,Florida,South,Office Supplies,Appliances,9,332.09,0.0,2988.81,593.37
ORD-2024-01583,2024-07-18,2024-07-21,Second Class,Customer 039,Corporate,United States,Texas,Central,Furniture,Tables,4,563.79,0.0,2255.16,181.73
ORD-2024-00344,2024-07-18,2024-07-23,Standard Class,Customer 055,Consumer,United States,Virginia,East,Furniture,Bookcases,4,277.16,0.4,665.18,-178.86
ORD-2024-00803,2024-07-19,2024-07-23,Second Class,Customer 063,Home Office,United States,Florida,South,Technology,Machines,7,1979.39,0.3,9699.01,-766.15
ORD-2024-00549,2024-07-19,2024-07-24,Standard Class,Customer 056,Consumer,United States,Washington,West,Office Supplies,Labels,9,6.27,0.1,50.79,11.65
ORD-2024-01460,2024-07-19,2024-07-26,Standard Class,Customer 258,Corporate,United States,North Carolina,South,Furniture,Tables,2,391.8,0.0,783.6,109.3
ORD-2024-02264,2024-07-20,2024-07-24,Standard Class,Customer 067,Consumer,United States,Pennsylvania,East,Technology,Phones,5,552.83,0.3,1934.9,-224.35
ORD-2024-01720,2024-07-20,2024-07-26,Standard Class,Customer 278,Home Office,United States,Virginia,East,Furniture,Tables,9,480.12,0.3,3024.76,-541.77
ORD-2024-01165,2024-07-20,2024-07-26,Standard Class,Customer 171,Corporate,United States,Oregon,West,Technology,Accessories,6,31.38,0.0,188.28,38.81
ORD-2024-00717,2024-07-21,2024-07-28,Standard Class,Customer 162,Home Office,United States,New York,East,Office Supplies,Art,4,19.65,0.3,55.02,-4.2
ORD-2024-01916,2024-07-21,2024-07-27,Standard Class,Customer 099,Consumer,United States,Oregon,West,Furniture,Chairs,3,338.77,0.0,1016.31,130.15
ORD-2024-00366,2024-07-22,2024-07-26,Standard Class,Customer 086,Consumer,United States,Michigan,Central,Office Supplies,Appliances,2,210.05,0.0,420.1,99.42
ORD-2024-01015,2024-07-23,2024-07-25,First Class,Customer 279,Consumer,United States,Pennsylvania,East,Office Supplies,Art,6,27.28,0.1,147.31,28.52
ORD-2024-02133,2024-07-23,2024-07-28,Standard Class,Customer 283,Consumer,United States,New York,East,Office Supplies,Appliances,6,102.45,0.2,491.76,35.44
ORD-2024-01686,2024-07-24,2024-07-31,Standard Class,Customer 215,Corporate,United States,Texas,Central,Furniture,Bookcases,3,156.01,0.3,327.62,-96.21
ORD-2024-00296,2024-07-24,2024-07-31,Standard Class,Customer 199,Consumer,United States,California,West,Furniture,Chairs,3,440.79,0.0,1322.37,91.86
ORD-2024-01010,2024-07-24,2024-07-27,Second Class,Customer 205,Consumer,United States,Pennsylvania,East,Office Supplies,Storage,5,168.27,0.0,841.35,154.65
ORD-2024-00701,2024-07-24,2024-07-28,Second Class,Customer 023,Consumer,United States,Virginia,East,Technology,Copiers,6,609.9,0.2,2927.52,-4.95
ORD-2024-00449,2024-07-25,2024-07-30,Standard Class,Customer 073,Consumer,United States,North Carolina,South,Technology,Accessories,5,72.77,0.4,218.31,-27.0
ORD-2024-02477,2024-07-25,2024-07-30,Standard Class,Customer 062,Corporate,United States,New York,East,Technology,Phones,6,410.23,0.2,1969.1,-0.5
ORD-2024-01849,2024-07-25,2024-07-30,Standard Class,Customer 190,Corporate,United States,Georgia,South,Furniture,Furnishings,7,112.06,0.1,705.98,-44.01
ORD-2024-00712,2024-07-26,2024-08-01,Standard Class,Customer 053,Home Office,United States,Pennsylvania,East,Office Supplies,Paper,8,29.8,0.3,166.88,-0.33
ORD-2024-01800,2024-07-26,2024-07-31,Standard Class,Customer 076,Corporate,United States,Michigan,Central,Office Supplies,Storage,8,28.11,0.0,224.88,22.97
ORD-2024-00893,2024-07-26,2024-07-31,Standard Class,Customer 111,Consumer,United States,Washington,West,Furniture,Bookcases,7,185.92,0.0,1301.44,78.46
ORD-2024-02432,2024-07-26,2024-07-31,Standard Class,Customer 122,Consumer,United States,Michigan,Central,Office Supplies,Appliances,5,286.85,0.0,1434.25,316.93
ORD-2024-00679,2024-07-27,2024-07-31,Standard Class,Customer 165,Consumer,United States,Oregon,West,Technology,Copiers,9,3241.49,0.4,17504.05,-1911.74
ORD-2024-01859,2024-07-28,2024-08-02,Standard Class,Customer 163,Home Office,United States,Virginia,East,Furniture,Chairs,8,86.21,0.0,689.68,98.05
ORD-2024-00578,2024-07-28,2024-07-30,Second Class,Customer 167,Home Office,United States,Oregon,West,Furniture,Tables,1,518.14,0.2,414.51,-53.06
ORD-2024-01311,2024-07-28,2024-08-03,Standard Class,Customer 073,Consumer,United States,Washington,West,Furniture,Furnishings,2,101.01,0.0,202.02,16.1
ORD-2024-01074,2024-07-29,2024-08-02,Second Class,Customer 152,Consumer,United States,California,West,Office Supplies,Art,3,37.09,0.4,66.76,-15.91
ORD-2024-02489,2024-07-29,2024-08-05,Standard Class,Customer 037,Corporate,United States,Texas,Central,Office Supplies,Labels,5,17.38,0.0,86.9,16.4
ORD-2024-01665,2024-07-29,2024-08-04,Standard Class,Customer 084,Corporate,United States,North Carolina,South,Office Supplies,Labels,3,20.75,0.0,62.25,14.07
ORD-2024-00997,2024-07-30,2024-08-01,First Class,Customer 108,Consumer,United States,Texas,Central,Technology,Copiers,7,1504.12,0.0,10528.84,2198.57
ORD-2024-01195,2024-07-30,2024-08-05,Standard Class,Customer 007,Corporate,United States,Florida,South,Furniture,Furnishings,5,110.58,0.2,442.32,-6.27
ORD-2024-02029,2024-07-30,2024-08-03,Standard Class,Customer 051,Consumer,United States,North Carolina,South,Office Supplies,Art,7,22.54,0.1,142.0,26.72
ORD-2024-00011,2024-07-31,2024-08-03,Second Class,Customer 111,Consumer,United States,Michigan,Central,Furniture,Bookcases,5,298.96,0.1,1345.32,-30.34
ORD-2024-01957,2024-08-02,2024-08-04,First Class,Customer 247,Consumer,United States,Florida,South,Technology,Copiers,4,2251.78,0.2,7205.7,134.87
ORD-2024-01392,2024-08-03,2024-08-09,Standard Class,Customer 035,Corporate,United States,Pennsylvania,East,Office Supplies,Art,7,5.74,0.0,40.18,9.57
ORD-2024-01501,2024-08-03,2024-08-04,First Class,Customer 125,Home Office,United States,Illinois,Central,Furniture,Furnishings,8,10.61,0.1,76.39,-8.9
ORD-2024-01920,2024-08-03,2024-08-06,First Class,Customer 229,Corporate,United States,Florida,South,Furniture,Bookcases,8,242.94,0.2,1554.82,-158.04
ORD-2024-00995,2024-08-03,2024-08-07,Standard Class,Customer 241,Corporate,United States,Texas,Central,Furniture,Tables,3,669.14,0.1,1806.68,-105.66
ORD-2024-00488,2024-08-04,2024-08-11,Standard Class,Customer 055,Home Office,United States,Georgia,South,Office Supplies,Labels,3,11.26,0.2,27.02,2.84
ORD-2024-01902,2024-08-04,2024-08-11,Standard Class,Customer 031,Corporate,United States,Michigan,Central,Office Supplies,Storage,9,33.85,0.0,304.65,97.24
ORD-2024-02411,2024-08-04,2024-08-08,Second Class,Customer 011,Consumer,United States,Illinois,Central,Office Supplies,Labels,6,11.65,0.0,69.9,19.69
ORD-2024-01299,2024-08-04,2024-08-08,Second Class,Customer 231,Consumer,United States,California,West,Furniture,Chairs,8,238.89,0.4,1146.67,-375.48
ORD-2024-00507,2024-08-04,2024-08-08,Second Class,Customer 217,Consumer,United States,Pennsylvania,East,Office Supplies,Labels,4,9.61,0.0,38.44,12.1
ORD-2024-01991,2024-08-05,2024-08-05,Same Day,Customer 073,Home Office,United States,Florida,South,Technology,Accessories,2,120.16,0.0,240.32,54.74
ORD-2024-01958,2024-08-05,2024-08-05,Same Day,Customer 229,Consumer,United States,Georgia,South,Technology,Phones,2,219.48,0.1,395.06,64.4
ORD-2024-02048,2024-08-05,2024-08-10,Standard Class,Customer 072,Corporate,United States,Michigan,Central,Office Supplies,Appliances,3,385.64,0.0,1156.92,323.07
ORD-2024-01164,2024-08-05,2024-08-05,Same Day,Customer 124,Home Office,United States,Pennsylvania,East,Furniture,Furnishings,2,49.74,0.2,79.58,-11.62
ORD-2024-01147,2024-08-05,2024-08-12,Standard Class,Customer 072,Home Office,United States,Florida,South,Technology,Copiers,6,3416.63,0.3,14349.85,699.64
ORD-2024-00656,2024-08-06,2024-08-11,Standard Class,Customer 060,Corporate,United States,Oregon,West,Technology,Machines,2,1233.38,0.1,2220.08,120.74
ORD-2024-00747,2024-08-06,2024-08-08,Second Class,Customer 284,Home Office,United States,Virginia,East,Office Supplies,Storage,2,88.69,0.4,106.43,-17.32
ORD-2024-01669,2024-08-06,2024-08-12,Standard Class,Customer 211,Consumer,United States,California,West,Office Supplies,Storage,8,93.77,0.0,750.16,146.45
ORD-2024-01553,2024-08-07,2024-08-14,Standard Class,Customer 073,Consumer,United States,Oregon,West,Furniture,Furnishings,3,42.37,0.2,101.69,-14.91
ORD-2024-01335,2024-08-07,2024-08-07,Same Day,Customer 300,Corporate,United States,Oregon,West,Office Supplies,Appliances,3,115.02,0.4,207.04,-25.17
ORD-2024-00351,2024-08-07,2024-08-09,Second Class,Customer 078,Corporate,United States,Texas,Central,Office Supplies,Storage,7,176.88,0.0,1238.16,401.89
ORD-2024-01341,2024-08-08,2024-08-12,Standard Class,Customer 018,Consumer,United States,Florida,South,Technology,Phones,1,790.72,0.2,632.58,-18.48
ORD-2024-01725,2024-08-08,2024-08-14,Standard Class,Customer 109,Home Office,United States,Pennsylvania,East,Technology,Phones,8,674.37,0.0,5394.96,1257.89
ORD-2024-02310,2024-08-08,2024-08-15,Standard Class,Customer 033,Consumer,United States,Washington,West,Technology,Copiers,3,2666.78,0.0,8000.34,1543.17
ORD-2024-01901,2024-08-09,2024-08-14,Standard Class,Customer 133,Corporate,United States,Pennsylvania,East,Furniture,Bookcases,8,328.31,0.0,2626.48,291.14
ORD-2024-00648,2024-08-09,2024-08-13,Second Class,Customer 080,Consumer,United States,Michigan,Central,Furniture,Bookcases,4,168.59,0.1,606.92,-55.52
ORD-2024-00606,2024-08-10,2024-08-14,Second Class,Customer 222,Home Office,United States,Washington,West,Office Supplies,Paper,6,13.51,0.3,56.74,-4.07
ORD-2024-01636,2024-08-10,2024-08-17,Standard Class,Customer 031,Home Office,United States,Georgia,South,Technology,Machines,9,2399.93,0.0,21599.37,3851.77
ORD-2024-01922,2024-08-11,2024-08-17,Standard Class,Customer 029,Consumer,United States,New York,East,Office Supplies,Labels,9,8.09,0.4,43.69,-5.82
ORD-2024-00561,2024-08-11,2024-08-13,Second Class,Customer 254,Home Office,United States,Washington,West,Office Supplies,Labels,1,4.96,0.2,3.97,0.51
ORD-2024-00931,2024-08-12,2024-08-19,Standard Class,Customer 031,Home Office,United States,North Carolina,South,Technology,Machines,6,2059.98,0.2,9887.9,426.34
ORD-2024-02336,2024-08-13,2024-08-17,Second Class,Customer 082,Corporate,United States,Florida,South,Furniture,Chairs,8,160.32,0.3,897.79,-124.14
ORD-2024-02351,2024-08-13,2024-08-16,First Class,Customer 076,Consumer,United States,Florida,South,Technology,Phones,4,369.6,0.0,1478.4,432.54
ORD-2024-02139,2024-08-14,2024-08-19,Standard Class,Customer 145,Corporate,United States,Texas,Central,Office Supplies,Paper,3,25.41,0.4,45.74,-7.0
ORD-2024-00877,2024-08-14,2024-08-18,Standard Class,Customer 139,Consumer,United States,Oregon,West,Furniture,Bookcases,4,173.31,0.0,693.24,52.96
ORD-2024-01140,2024-08-14,2024-08-18,Standard Class,Customer 232,Corporate,United States,Oregon,West,Office Supplies,Paper,6,52.35,0.0,314.1,65.57
ORD-2024-01380,2024-08-15,2024-08-21,Standard Class,Customer 058,Consumer,United States,Michigan,Central,Technology,Accessories,2,65.02,0.0,130.04,26.64
ORD-2024-01259,2024-08-15,2024-08-18,Second Class,Customer 222,Home Office,United States,Georgia,South,Technology,Accessories,7,98.51,0.3,482.7,-63.35
ORD-2024-00539,2024-08-15,2024-08-21,Standard Class,Customer 079,Home Office,United States,Georgia,South,Technology,Copiers,1,3439.32,0.0,3439.32,1015.91
ORD-2024-00927,2024-08-16,2024-08-17,First Class,Customer 159,Home Office,United States,Florida,South,Furniture,Tables,3,272.29,0.2,653.5,-56.73
ORD-2024-00305,2024-08-17,2024-08-23,Standard Class,Customer 055,Corporate,United States,Texas,Central,Technology,Phones,1,345.33,0.0,345.33,65.08
ORD-2024-00289,2024-08-17,2024-08-24,Standard Class,Customer 182,Consumer,United States,Texas,Central,Office Supplies,Labels,1,8.2,0.0,8.2,2.12
ORD-2024-02118,2024-08-17,2024-08-23,Standard Class,Customer 085,Corporate,United States,Florida,South,Technology,Accessories,9,58.5,0.0,526.5,97.83
ORD-2024-01848,2024-08-17,2024-08-21,Standard Class,Customer 105,Consumer,United States,Georgia,South,Technology,Accessories,1,149.0,0.1,134.1,17.38
ORD-2024-00917,2024-08-18,2024-08-20,First Class,Customer 109,Consumer,United States,New York,East,Furniture,Tables,2,460.28,0.0,920.56,121.93
ORD-2024-02137,2024-08-19,2024-08-25,Standard Class,Customer 299,Corporate,United States,Virginia,East,Office Supplies,Storage,8,52.77,0.1,379.94,42.44
ORD-2024-00789,2024-08-19,2024-08-24,Standard Class,Customer 167,Home Office,United States,Michigan,Central,Technology,Phones,1,814.34,0.0,814.34,154.79
ORD-2024-02154,2024-08-19,2024-08-23,Standard Class,Customer 155,Corporate,United States,Florida,South,Office Supplies,Labels,9,23.11,0.2,166.39,-6.73
ORD-2024-00029,2024-08-20,2024-08-26,Standard Class,Customer 224,Consumer,United States,Oregon,West,Technology,Accessories,6,69.51,0.3,291.94,-19.85
ORD-2024-00295,2024-08-20,2024-08-23,First Class,Customer 246,Consumer,United States,Oregon,West,Technology,Copiers,3,2614.62,0.1,7059.47,1182.02
ORD-2024-00807,2024-08-20,2024-08-24,Standard Class,Customer 247,Corporate,United States,Pennsylvania,East,Furniture,Bookcases,3,246.72,0.0,740.16,78.77
ORD-2024-02343,2024-08-20,2024-08-24,Second Class,Customer 013,Corporate,United States,Georgia,South,Office Supplies,Storage,6,128.83,0.0,772.98,166.54
ORD-2024-02119,2024-08-21,2024-08-22,First Class,Customer 016,Home Office,United States,New York,East,Technology,Phones,6,343.89,0.4,1238.0,-220.35
ORD-2024-00229,2024-08-22,2024-08-24,First Class,Customer 164,Corporate,United States,New York,East,Office Supplies,Paper,2,8.4,0.0,16.8,4.96
ORD-2024-00331,2024-08-22,2024-08-27,Standard Class,Customer 232,Consumer,United States,Michigan,Central,Technology,Machines,9,605.85,0.1,4907.39,522.31
ORD-2024-00057,2024-08-22,2024-08-25,First Class,Customer 051,Consumer,United States,Oregon,West,Furniture,Chairs,2,314.59,0.0,629.18,18.48
ORD-2024-00983,2024-08-22,2024-08-27,Standard Class,Customer 098,Home Office,United States,Pennsylvania,East,Furniture,Chairs,2,203.83,0.4,244.6,-90.41
ORD-2024-00879,2024-08-23,2024-08-28,Standard Class,Customer 271,Home Office,United States,Virginia,East,Office Supplies,Paper,7,13.94,0.0,97.58,20.59
ORD-2024-01577,2024-08-23,2024-08-27,Standard Class,Customer 055,Consumer,United States,Michigan,Central,Technology,Copiers,2,662.5,0.3,927.5,-100.37
ORD-2024-00992,2024-08-24,2024-08-30,Standard Class,Customer 142,Consumer,United States,Oregon,West,Technology,Machines,4,1000.9,0.0,4003.6,1147.74
ORD-2024-01323,2024-08-25,2024-08-25,Same Day,Customer 279,Consumer,United States,New York,East,Office Supplies,Paper,1,11.52,0.1,10.37,2.33
ORD-2024-02404,2024-08-26,2024-08-31,Standard Class,Customer 207,Consumer,United States,Illinois,Central,Technology,Copiers,5,2576.81,0.1,11595.65,903.71
ORD-2024-01497,2024-08-27,2024-09-01,Standard Class,Customer 269,Consumer,United States,Georgia,South,Technology,Copiers,6,2134.49,0.4,7684.16,-1029.99
ORD-2024-01997,2024-08-28,2024-09-02,Standard Class,Customer 277,Home Office,United States,Georgia,South,Office Supplies,Appliances,5,110.3,0.1,496.35,41.47
ORD-2024-01840,2024-08-28,2024-09-01,Standard Class,Customer 024,Consumer,United States,North Carolina,South,Furniture,Bookcases,5,189.63,0.3,663.7,-119.24
ORD-2024-02252,2024-08-28,2024-09-04,Standard Class,Customer 222,Corporate,United States,North Carolina,South,Furniture,Bookcases,8,261.03,0.2,1670.59,-69.38
ORD-2024-00655,2024-08-29,2024-08-31,First Class,Customer 058,Consumer,United States,Oregon,West,Furniture,Tables,8,899.42,0.2,5756.29,-422.46
ORD-2024-02335,2024-08-29,2024-09-02,Second Class,Customer 194,Corporate,United States,Pennsylvania,East,Technology,Accessories,2,19.72,0.4,23.66,-2.31
ORD-2024-01664,2024-08-29,2024-09-04,Standard Class,Customer 186,Consumer,United States,New York,East,Furniture,Furnishings,7,29.05,0.2,162.68,-4.97
ORD-2024-00762,2024-08-29,2024-09-01,Second Class,Customer 174,Corporate,United States,Washington,West,Technology,Phones,3,848.92,0.2,2037.41,-129.88
ORD-2024-01625,2024-08-29,2024-09-05,Standard Class,Customer 285,Home Office,United States,California,West,Furniture,Bookcases,1,129.16,0.0,129.16,-0.21
ORD-2024-01222,2024-08-29,2024-09-02,Standard Class,Customer 051,Consumer,United States,Virginia,East,Technology,Accessories,6,75.63,0.1,408.4,63.68
ORD-2024-00132,2024-08-29,2024-09-02,Second Class,Customer 177,Corporate,United States,New York,East,Furniture,Furnishings,9,101.1,0.3,636.93,-169.83
ORD-2024-00308,2024-08-30,2024-09-03,Second Class,Customer 196,Corporate,United States,Virginia,East,Furniture,Tables,9,292.92,0.0,2636.28,71.67
ORD-2024-00034,2024-08-30,2024-09-06,Standard Class,Customer 071,Corporate,United States,Washington,West,Technology,Copiers,2,1441.54,0.0,2883.08,586.41
ORD-2024-01938,2024-08-30,2024-09-02,First Class,Customer 278,Consumer,United States,California,West,Furniture,Tables,9,669.38,0.0,6024.42,452.4
ORD-2024-00755,2024-08-31,2024-09-05,Standard Class,Customer 213,Home Office,United States,Washington,West,Office Supplies,Labels,7,23.0,0.2,128.8,-1.94
ORD-2024-01365,2024-08-31,2024-08-31,Same Day,Customer 215,Consumer,United States,Pennsylvania,East,Furniture,Bookcases,8,341.3,0.4,1638.24,-523.48
ORD-2024-00456,2024-08-31,2024-09-01,First Class,Customer 024,Consumer,United States,Illinois,Central,Technology,Copiers,6,3284.92,0.2,15767.62,-111.62
ORD-2024-00330,2024-08-31,2024-09-05,Standard Class,Customer 066,Home Office,United States,New York,East,Office Supplies,Paper,3,58.67,0.2,140.81,10.89
ORD-2024-01258,2024-08-31,2024-09-03,Second Class,Customer 262,Corporate,United States,Pennsylvania,East,Office Supplies,Art,4,15.85,0.0,63.4,16.82
ORD-2024-00113,2024-08-31,2024-09-05,Standard Class,Customer 038,Corporate,United States,Georgia,South,Office Supplies,Paper,9,28.6,0.2,205.92,18.32
ORD-2024-01084,2024-09-01,2024-09-04,First Class,Customer 231,Consumer,United States,Illinois,Central,Technology,Machines,2,1128.07,0.0,2256.14,491.96
ORD-2024-01129,2024-09-01,2024-09-06,Standard Class,Customer 266,Consumer,United States,Virginia,East,Office Supplies,Art,8,8.34,0.0,66.72,18.57
ORD-2024-02031,2024-09-01,2024-09-04,First Class,Customer 230,Home Office,United States,Oregon,West,Furniture,Bookcases,1,239.74,0.4,143.84,-38.1
ORD-2024-00158,2024-09-02,2024-09-07,Standard Class,Customer 185,Consumer,United States,Texas,Central,Office Supplies,Binders,6,41.87,0.3,175.85,-10.52
ORD-2024-01565,2024-09-02,2024-09-09,Standard Class,Customer 144,Corporate,United States,North Carolina,South,Furniture,Bookcases,9,188.23,0.0,1694.07,230.8
ORD-2024-01003,2024-09-03,2024-09-07,Standard Class,Customer 254,Consumer,United States,Texas,Central,Furniture,Bookcases,2,320.39,0.4,384.47,-130.35
ORD-2024-00134,2024-09-04,2024-09-08,Second Class,Customer 188,Corporate,United States,Michigan,Central,Office Supplies,Storage,7,122.85,0.2,687.96,12.17
ORD-2024-01975,2024-09-04,2024-09-07,Second Class,Customer 229,Home Office,United States,Washington,West,Office Supplies,Storage,2,165.21,0.1,297.38,55.95
ORD-2024-01387,2024-09-06,2024-09-08,First Class,Customer 128,Consumer,United States,Texas,Central,Technology,Machines,5,1403.77,0.4,4211.31,-313.77
ORD-2024-02426,2024-09-07,2024-09-12,Standard Class,Customer 217,Consumer,United States,Virginia,East,Technology,Accessories,9,122.22,0.3,769.99,-114.18
ORD-2024-01412,2024-09-07,2024-09-11,Standard Class,Customer 243,Corporate,United States,Virginia,East,Technology,Copiers,5,1283.29,0.4,3849.87,-907.25
ORD-2024-02062,2024-09-07,2024-09-11,Second Class,Customer 118,Home Office,United States,Michigan,Central,Technology,Accessories,2,129.0,0.2,206.4,21.9
ORD-2024-01434,2024-09-08,2024-09-13,Standard Class,Customer 147,Home Office,United States,Michigan,Central,Office Supplies,Art,3,12.18,0.1,32.89,3.8
ORD-2024-02436,2024-09-10,2024-09-14,Standard Class,Customer 079,Consumer,United States,Virginia,East,Office Supplies,Binders,9,14.21,0.4,76.73,-12.5
ORD-2024-00079,2024-09-10,2024-09-14,Standard Class,Customer 185,Corporate,United States,Washington,West,Technology,Copiers,2,3410.6,0.4,4092.72,-814.54
ORD-2024-00126,2024-09-11,2024-09-13,First Class,Customer 046,Consumer,United States,Virginia,East,Furniture,Bookcases,2,315.47,0.2,504.75,-46.2
ORD-2024-00706,2024-09-11,2024-09-13,First Class,Customer 206,Corporate,United States,Pennsylvania,East,Office Supplies,Labels,1,19.33,0.2,15.46,0.36
ORD-2024-01029,2024-09-11,2024-09-11,Same Day,Customer 033,Consumer,United States,Pennsylvania,East,Office Supplies,Labels,7,3.42,0.1,21.55,2.43
ORD-2024-00131,2024-09-11,2024-09-13,Second Class,Customer 208,Corporate,United States,Oregon,West,Technology,Phones,7,242.34,0.3,1187.47,11.45
ORD-2024-01189,2024-09-12,2024-09-19,Standard Class,Customer 100,Corporate,United States,North Carolina,South,Furniture,Furnishings,5,37.05,0.0,185.25,-2.72
ORD-2024-00980,2024-09-12,2024-09-12,Same Day,Customer 243,Corporate,United States,Texas,Central,Furniture,Tables,4,676.73,0.1,2436.23,-149.01
ORD-2024-02402,2024-09-12,2024-09-19,Standard Class,Customer 280,Consumer,United States,California,West,Furniture,Furnishings,4,90.56,0.0,362.24,36.95
ORD-2024-01672,2024-09-13,2024-09-18,Standard Class,Customer 044,Consumer,United States,Washington,West,Furniture,Tables,9,276.55,0.2,1991.16,-202.8
ORD-2024-00437,2024-09-13,2024-09-18,Standard Class,Customer 172,Corporate,United States,New York,East,Office Supplies,Paper,4,42.06,0.0,168.24,28.8
ORD-2024-01544,2024-09-15,2024-09-21,Standard Class,Customer 115,Home Office,United States,Virginia,East,Office Supplies,Binders,1,19.56,0.2,15.65,-0.51
ORD-2024-00116,2024-09-15,2024-09-15,Same Day,Customer 184,Consumer,United States,New York,East,Technology,Phones,7,808.18,0.3,3960.08,-455.91
ORD-2024-01728,2024-09-16,2024-09-19,First Class,Customer 153,Consumer,United States,Virginia,East,Technology,Machines,3,831.95,0.2,1996.68,44.59
ORD-2024-02303,2024-09-16,2024-09-20,Standard Class,Customer 288,Corporate,United States,Florida,South,Furniture,Bookcases,8,143.9,0.3,805.84,-41.25
ORD-2024-02199,2024-09-17,2024-09-24,Standard Class,Customer 078,Home Office,United States,Pennsylvania,East,Technology,Accessories,5,111.49,0.0,557.45,146.18
ORD-2024-01759,2024-09-18,2024-09-24,Standard Class,Customer 126,Consumer,United States,Michigan,Central,Office Supplies,Art,2,22.95,0.3,32.13,-3.25
ORD-2024-00288,2024-09-18,2024-09-22,Second Class,Customer 153,Corporate,United States,Illinois,Central,Technology,Copiers,4,1348.94,0.2,4316.61,37.25
ORD-2024-00570,2024-09-18,2024-09-24,Standard Class,Customer 096,Consumer,United States,New York,East,Furniture,Furnishings,2,40.33,0.0,80.66,10.06
ORD-2024-00708,2024-09-19,2024-09-24,Standard Class,Customer 001,Consumer,United States,North Carolina,South,Technology,Phones,5,767.42,0.1,3453.39,567.93
ORD-2024-00978,2024-09-19,2024-09-20,First Class,Customer 289,Consumer,United States,Pennsylvania,East,Technology,Copiers,9,1952.22,0.3,12298.99,-1074.37
ORD-2024-01455,2024-09-19,2024-09-22,First Class,Customer 103,Home Office,United States,North Carolina,South,Office Supplies,Binders,1,63.23,0.4,37.94,-4.62
ORD-2024-01631,2024-09-19,2024-09-20,First Class,Customer 196,Consumer,United States,Washington,West,Furniture,Tables,7,258.7,0.1,1629.81,-107.61
ORD-2024-00922,2024-09-19,2024-09-21,Second Class,Customer 018,Corporate,United States,Virginia,East,Furniture,Bookcases,3,178.11,0.2,427.46,-47.28
ORD-2024-01897,2024-09-21,2024-09-23,Second Class,Customer 179,Consumer,United States,Pennsylvania,East,Office Supplies,Paper,8,18.22,0.0,145.76,21.12
ORD-2024-00129,2024-09-21,2024-09-28,Standard Class,Customer 280,Corporate,United States,Illinois,Central,Technology,Copiers,4,3177.62,0.3,8897.34,-1595.49
ORD-2024-02247,2024-09-22,2024-09-24,Second Class,Customer 266,Home Office,United States,North Carolina,South,Furniture,Furnishings,6,38.83,0.1,209.68,2.93
ORD-2024-01344,2024-09-22,2024-09-25,Second Class,Customer 009,Consumer,United States,New York,East,Office Supplies,Appliances,8,167.1,0.0,1336.8,274.42
ORD-2024-01765,2024-09-23,2024-09-25,Second Class,Customer 208,Corporate,United States,Florida,South,Furniture,Bookcases,9,273.79,0.2,1971.29,-76.22
ORD-2024-00535,2024-09-24,2024-09-27,First Class,Customer 188,Consumer,United States,California,West,Office Supplies,Paper,1,55.52,0.0,55.52,12.69
ORD-2024-00930,2024-09-25,2024-10-01,Standard Class,Customer 194,Consumer,United States,Michigan,Central,Furniture,Chairs,5,477.68,0.2,1910.72,-247.09
ORD-2024-01627,2024-09-25,2024-09-27,First Class,Customer 223,Consumer,United States,Florida,South,Furniture,Furnishings,3,16.51,0.3,34.67,-9.86
ORD-2024-00228,2024-09-26,2024-10-01,Standard Class,Customer 300,Corporate,United States,Oregon,West,Office Supplies,Labels,8,13.93,0.1,100.3,14.32
ORD-2024-00597,2024-09-26,2024-09-30,Standard Class,Customer 079,Consumer,United States,Michigan,Central,Office Supplies,Binders,6,57.5,0.2,276.0,21.47
ORD-2024-00677,2024-09-28,2024-10-05,Standard Class,Customer 213,Consumer,United States,Illinois,Central,Furniture,Bookcases,6,89.95,0.0,539.7,84.84
ORD-2024-00266,2024-09-28,2024-10-01,Second Class,Customer 117,Consumer,United States,New York,East,Office Supplies,Binders,2,7.27,0.3,10.18,-0.93
ORD-2024-01760,2024-09-28,2024-09-28,Same Day,Customer 285,Consumer,United States,Washington,West,Technology,Copiers,7,2841.65,0.0,19891.55,4365.0
ORD-2024-00424,2024-09-28,2024-10-03,Standard Class,Customer 136,Consumer,United States,Washington,West,Furniture,Tables,1,606.39,0.0,606.39,59.26
ORD-2024-02123,2024-09-30,2024-10-02,Second Class,Customer 072,Consumer,United States,Texas,Central,Technology,Phones,6,877.51,0.0,5265.06,1150.49
ORD-2024-01161,2024-09-30,2024-10-02,First Class,Customer 216,Corporate,United States,Michigan,Central,Furniture,Tables,9,162.4,0.0,1461.6,25.14
ORD-2024-02037,2024-10-01,2024-10-06,Standard Class,Customer 016,Corporate,United States,Michigan,Central,Furniture,Bookcases,9,271.81,0.2,1957.03,-377.43
ORD-2024-01858,2024-10-02,2024-10-08,Standard Class,Customer 229,Home Office,United States,Washington,West,Technology,Accessories,6,131.15,0.3,550.83,-19.12
ORD-2024-01791,2024-10-02,2024-10-06,Standard Class,Customer 074,Consumer,United States,Florida,South,Office Supplies,Paper,4,51.58,0.3,144.42,5.76
ORD-2024-01628,2024-10-02,2024-10-07,Standard Class,Customer 191,Consumer,United States,North Carolina,South,Furniture,Tables,4,604.3,0.4,1450.32,-343.97
ORD-2024-00242,2024-10-02,2024-10-04,First Class,Customer 247,Corporate,United States,Texas,Central,Furniture,Tables,4,434.04,0.0,1736.16,185.71
ORD-2024-01415,2024-10-03,2024-10-03,Same Day,Customer 191,Home Office,United States,Virginia,East,Furniture,Tables,3,308.75,0.0,926.25,172.88
ORD-2024-02190,2024-10-04,2024-10-06,Second Class,Customer 087,Home Office,United States,Virginia,East,Office Supplies,Binders,9,32.13,0.3,202.42,-13.84
ORD-2024-01118,2024-10-04,2024-10-09,Standard Class,Customer 289,Corporate,United States,Oregon,West,Technology,Machines,6,2177.54,0.0,13065.24,2048.75
ORD-2024-02464,2024-10-04,2024-10-08,Standard Class,Customer 088,Home Office,United States,Florida,South,Office Supplies,Binders,1,79.36,0.4,47.62,-6.92
ORD-2024-00985,2024-10-05,2024-10-10,Standard Class,Customer 264,Consumer,United States,Oregon,West,Furniture,Bookcases,3,124.15,0.0,372.45,31.23
ORD-2024-01156,2024-10-05,2024-10-09,Standard Class,Customer 143,Corporate,United States,Michigan,Central,Technology,Machines,6,1814.81,0.4,6533.32,-1381.66
ORD-2024-02345,2024-10-05,2024-10-11,Standard Class,Customer 191,Consumer,United States,Washington,West,Office Supplies,Labels,2,20.78,0.2,33.25,1.07
ORD-2024-00260,2024-10-06,2024-10-11,Standard Class,Customer 099,Corporate,United States,Michigan,Central,Office Supplies,Appliances,9,325.27,0.0,2927.43,885.27
ORD-2024-00966,2024-10-06,2024-10-10,Standard Class,Customer 101,Consumer,United States,Oregon,West,Office Supplies,Labels,3,13.7,0.2,32.88,0.43
ORD-2024-00786,2024-10-06,2024-10-10,Second Class,Customer 033,Consumer,United States,California,West,Furniture,Bookcases,9,252.76,0.0,2274.84,72.6
ORD-2024-02235,2024-10-07,2024-10-14,Standard Class,Customer 234,Corporate,United States,Georgia,South,Technology,Phones,8,118.91,0.1,856.15,60.61
ORD-2024-01423,2024-10-07,2024-10-13,Standard Class,Customer 033,Consumer,United States,Illinois,Central,Technology,Accessories,9,65.29,0.0,587.61,171.93
ORD-2024-01833,2024-10-07,2024-10-11,Standard Class,Customer 148,Consumer,United States,Virginia,East,Furniture,Chairs,5,89.66,0.0,448.3,52.62
ORD-2024-00981,2024-10-08,2024-10-14,Standard Class,Customer 261,Corporate,United States,Florida,South,Technology,Copiers,2,987.47,0.1,1777.45,236.08
ORD-2024-02065,2024-10-08,2024-10-10,Second Class,Customer 194,Consumer,United States,North Carolina,South,Furniture,Furnishings,1,36.41,0.0,36.41,6.55
ORD-2024-01318,2024-10-08,2024-10-14,Standard Class,Customer 033,Consumer,United States,Georgia,South,Technology,Phones,5,616.29,0.3,2157.01,-349.08
ORD-2024-00698,2024-10-08,2024-10-08,Same Day,Customer 092,Corporate,United States,Washington,West,Furniture,Bookcases,5,152.38,0.4,457.14,-124.63
ORD-2024-01546,2024-10-08,2024-10-15,Standard Class,Customer 022,Consumer,United States,North Carolina,South,Technology,Machines,6,2449.11,0.1,13225.19,1081.45
ORD-2024-01396,2024-10-09,2024-10-10,First Class,Customer 152,Consumer,United States,Virginia,East,Technology,Phones,8,430.36,0.3,2410.02,-81.13
ORD-2024-00548,2024-10-09,2024-10-15,Standard Class,Customer 014,Consumer,United States,California,West,Furniture,Chairs,8,334.06,0.2,2137.98,-130.78
ORD-2024-00270,2024-10-09,2024-10-16,Standard Class,Customer 147,Consumer,United States,Oregon,West,Office Supplies,Binders,3,47.86,0.0,143.58,28.88
ORD-2024-00915,2024-10-10,2024-10-17,Standard Class,Customer 064,Corporate,United States,Florida,South,Furniture,Furnishings,7,74.94,0.0,524.58,37.45
ORD-2024-00688,2024-10-12,2024-10-16,Second Class,Customer 162,Corporate,United States,Pennsylvania,East,Office Supplies,Storage,5,105.49,0.0,527.45,128.48
ORD-2024-01608,2024-10-12,2024-10-17,Standard Class,Customer 016,Corporate,United States,Oregon,West,Technology,Machines,6,377.4,0.0,2264.4,377.26
ORD-2024-01644,2024-10-13,2024-10-16,Second Class,Customer 023,Consumer,United States,California,West,Office Supplies,Paper,8,7.23,0.1,52.06,3.56
ORD-2024-00520,2024-10-13,2024-10-19,Standard Class,Customer 251,Corporate,United States,California,West,Technology,Accessories,1,44.91,0.0,44.91,9.44
ORD-2024-01350,2024-10-14,2024-10-14,Same Day,Customer 136,Consumer,United States,North Carolina,South,Technology,Accessories,3,44.13,0.1,119.15,13.28
ORD-2024-01654,2024-10-14,2024-10-19,Standard Class,Customer 182,Corporate,United States,Florida,South,Technology,Copiers,1,1042.95,0.0,1042.95,76.9
ORD-2024-00468,2024-10-15,2024-10-22,Standard Class,Customer 029,Corporate,United States,Oregon,West,Furniture,Bookcases,3,279.78,0.0,839.34,114.63
ORD-2024-00455,2024-10-16,2024-10-18,First Class,Customer 198,Corporate,United States,Florida,South,Office Supplies,Paper,7,44.79,0.3,219.47,-6.67
ORD-2024-00665,2024-10-16,2024-10-19,First Class,Customer 237,Corporate,United States,Michigan,Central,Furniture,Chairs,7,369.58,0.3,1810.94,-259.33
ORD-2024-01505,2024-10-16,2024-10-23,Standard Class,Customer 176,Consumer,United States,Pennsylvania,East,Furniture,Bookcases,5,201.88,0.3,706.58,-161.13
ORD-2024-02445,2024-10-17,2024-10-20,Second Class,Customer 175,Home Office,United States,Texas,Central,Office Supplies,Storage,2,192.5,0.0,385.0,107.47
ORD-2024-01188,2024-10-17,2024-10-19,Second Class,Customer 147,Consumer,United States,California,West,Office Supplies,Appliances,7,341.87,0.2,1914.47,71.84
ORD-2024-00531,2024-10-18,2024-10-21,First Class,Customer 067,Consumer,United States,Virginia,East,Furniture,Chairs,3,114.75,0.0,344.25,47.97
ORD-2024-00394,2024-10-18,2024-10-22,Standard Class,Customer 014,Consumer,United States,Michigan,Central,Furniture,Bookcases,5,130.63,0.1,587.84,41.56
ORD-2024-00720,2024-10-19,2024-10-25,Standard Class,Customer 274,Corporate,United States,Illinois,Central,Office Supplies,Labels,3,12.69,0.0,38.07,9.68
ORD-2024-02024,2024-10-19,2024-10-22,Second Class,Customer 061,Corporate,United States,Washington,West,Furniture,Bookcases,7,237.26,0.4,996.49,-341.94
ORD-2024-01580,2024-10-20,2024-10-27,Standard Class,Customer 216,Consumer,United States,Georgia,South,Furniture,Furnishings,7,87.83,0.0,614.81,54.39
ORD-2024-01048,2024-10-20,2024-10-24,Second Class,Customer 255,Corporate,United States,Pennsylvania,East,Furniture,Bookcases,1,140.61,0.3,98.43,-22.27
ORD-2024-01764,2024-10-21,2024-10-27,Standard Class,Customer 191,Consumer,United States,Virginia,East,Office Supplies,Appliances,3,215.81,0.1,582.69,59.72
ORD-2024-02414,2024-10-21,2024-10-28,Standard Class,Customer 193,Consumer,United States,Texas,Central,Furniture,Chairs,8,370.8,0.2,2373.12,-469.2
ORD-2024-00967,2024-10-21,2024-10-27,Standard Class,Customer 054,Corporate,United States,Texas,Central,Technology,Accessories,2,30.03,0.4,36.04,-5.69
ORD-2024-00137,2024-10-22,2024-10-25,First Class,Customer 071,Consumer,United States,Washington,West,Furniture,Chairs,8,82.17,0.0,657.36,89.85
ORD-2024-00494,2024-10-23,2024-10-30,Standard Class,Customer 228,Corporate,United States,Virginia,East,Furniture,Bookcases,7,323.18,0.3,1583.58,-362.1
ORD-2024-01568,2024-10-23,2024-10-28,Standard Class,Customer 185,Consumer,United States,Illinois,Central,Furniture,Chairs,1,455.45,0.3,318.81,-82.96
ORD-2024-01873,2024-10-23,2024-10-29,Standard Class,Customer 084,Corporate,United States,Oregon,West,Office Supplies,Storage,4,73.91,0.2,236.51,-5.62
ORD-2024-01525,2024-10-23,2024-10-26,First Class,Customer 031,Consumer,United States,Florida,South,Furniture,Furnishings,2,106.25,0.2,170.0,-25.21
ORD-2024-00625,2024-10-24,2024-10-24,Same Day,Customer 080,Corporate,United States,Michigan,Central,Technology,Phones,5,614.79,0.0,3073.95,494.59
ORD-2024-02213,2024-10-24,2024-10-31,Standard Class,Customer 010,Corporate,United States,North Carolina,South,Furniture,Bookcases,5,268.59,0.2,1074.36,-129.17
ORD-2024-02183,2024-10-26,2024-10-31,Standard Class,Customer 231,Home Office,United States,Michigan,Central,Technology,Phones,7,880.98,0.2,4933.49,140.08
ORD-2024-00850,2024-10-26,2024-10-31,Standard Class,Customer 122,Consumer,United States,Georgia,South,Technology,Accessories,8,123.89,0.1,892.01,36.2
ORD-2024-00490,2024-10-26,2024-10-28,Second Class,Customer 268,Corporate,United States,California,West,Technology,Accessories,3,12.16,0.1,32.83,3.55
ORD-2024-00193,2024-10-27,2024-11-02,Standard Class,Customer 019,Corporate,United States,Illinois,Central,Office Supplies,Appliances,8,255.1,0.0,2040.8,647.4
ORD-2024-01952,2024-10-28,2024-11-03,Standard Class,Customer 214,Consumer,United States,North Carolina,South,Office Supplies,Labels,2,20.29,0.1,36.52,2.98
ORD-2024-01181,2024-10-28,2024-11-02,Standard Class,Customer 077,Consumer,United States,Florida,South,Furniture,Chairs,4,127.5,0.2,408.0,-32.48
ORD-2024-01758,2024-10-29,2024-11-04,Standard Class,Customer 001,Consumer,United States,Florida,South,Furniture,Chairs,1,346.25,0.4,207.75,-35.04
ORD-2024-02124,2024-10-30,2024-11-03,Standard Class,Customer 138,Home Office,United States,Pennsylvania,East,Furniture,Furnishings,3,74.2,0.2,178.08,-24.21
ORD-2024-02144,2024-10-30,2024-11-04,Standard Class,Customer 164,Home Office,United States,Texas,Central,Technology,Phones,8,206.93,0.2,1324.35,74.83
ORD-2024-02494,2024-10-31,2024-11-05,Standard Class,Customer 208,Home Office,United States,Texas,Central,Office Supplies,Storage,2,42.31,0.1,76.16,10.7
ORD-2024-01305,2024-10-31,2024-11-06,Standard Class,Customer 062,Home Office,United States,North Carolina,South,Technology,Copiers,8,1282.06,0.0,10256.48,1702.48
ORD-2024-01662,2024-10-31,2024-11-01,First Class,Customer 034,Home Office,United States,Texas,Central,Technology,Copiers,6,1049.97,0.0,6299.82,1826.42
ORD-2024-00956,2024-10-31,2024-11-02,Second Class,Customer 278,Consumer,United States,Texas,Central,Furniture,Bookcases,7,329.98,0.0,2309.86,245.81
ORD-2024-00896,2024-11-01,2024-11-08,Standard Class,Customer 016,Corporate,United States,Illinois,Central,Furniture,Chairs,3,119.68,0.2,287.23,-16.78
ORD-2024-00767,2024-11-02,2024-11-07,Standard Class,Customer 207,Home Office,United States,New York,East,Furniture,Chairs,6,232.27,0.1,1254.26,-63.98
ORD-2024-00269,2024-11-02,2024-11-06,Standard Class,Customer 238,Home Office,United States,Georgia,South,Office Supplies,Paper,1,25.9,0.2,20.72,2.93
ORD-2024-01135,2024-11-03,2024-11-05,Second Class,Customer 210,Consumer,United States,Illinois,Central,Technology,Phones,7,782.86,0.3,3836.01,-469.08
ORD-2024-01829,2024-11-03,2024-11-05,First Class,Customer 163,Consumer,United States,Washington,West,Furniture,Tables,6,249.96,0.4,899.86,-231.34
ORD-2024-02027,2024-11-03,2024-11-07,Second Class,Customer 257,Corporate,United States,Washington,West,Technology,Machines,4,1753.14,0.0,7012.56,1021.7
ORD-2024-00323,2024-11-04,2024-11-10,Standard Class,Customer 085,Home Office,United States,Illinois,Central,Technology,Machines,4,214.55,0.4,514.92,-55.01
ORD-2024-00953,2024-11-04,2024-11-11,Standard Class,Customer 056,Corporate,United States,Michigan,Central,Office Supplies,Paper,4,14.37,0.1,51.73,8.74
ORD-2024-00672,2024-11-04,2024-11-08,Standard Class,Customer 085,Consumer,United States,Florida,South,Office Supplies,Art,1,20.29,0.0,20.29,3.92
ORD-2024-00987,2024-11-06,2024-11-10,Standard Class,Customer 126,Corporate,United States,Oregon,West,Office Supplies,Labels,8,10.07,0.0,80.56,16.16
ORD-2024-01846,2024-11-06,2024-11-13,Standard Class,Customer 150,Home Office,United States,Oregon,West,Technology,Phones,9,854.36,0.4,4613.54,-836.07
ORD-2024-00702,2024-11-06,2024-11-10,Standard Class,Customer 255,Consumer,United States,Texas,Central,Furniture,Bookcases,5,344.92,0.4,1034.76,-328.28
ORD-2024-00601,2024-11-06,2024-11-07,First Class,Customer 097,Consumer,United States,California,West,Technology,Accessories,8,110.19,0.3,617.06,25.6
ORD-2024-00900,2024-11-06,2024-11-09,Second Class,Customer 229,Consumer,United States,Washington,West,Furniture,Tables,8,592.51,0.0,4740.08,280.45
ORD-2024-02393,2024-11-07,2024-11-11,Standard Class,Customer 160,Consumer,United States,Michigan,Central,Furniture,Furnishings,1,90.8,0.0,90.8,9.15
ORD-2024-01885,2024-11-08,2024-11-12,Standard Class,Customer 062,Home Office,United States,Texas,Central,Furniture,Tables,7,556.44,0.4,2337.05,-600.29
ORD-2024-02417,2024-11-09,2024-11-10,First Class,Customer 176,Consumer,United States,Virginia,East,Office Supplies,Labels,8,11.22,0.0,89.76,31.0
ORD-2024-01554,2024-11-09,2024-11-13,Standard Class,Customer 146,Consumer,United States,Florida,South,Furniture,Bookcases,2,272.07,0.0,544.14,26.91
ORD-2024-01661,2024-11-10,2024-11-12,First Class,Customer 274,Consumer,United States,Oregon,West,Office Supplies,Art,5,33.65,0.1,151.43,25.04
ORD-2024-01397,2024-11-10,2024-11-15,Standard Class,Customer 063,Home Office,United States,Michigan,Central,Technology,Phones,1,570.48,0.3,399.34,-70.16
ORD-2024-01200,2024-11-10,2024-11-16,Standard Class,Customer 026,Corporate,United States,Washington,West,Furniture,Tables,4,666.24,0.3,1865.47,-333.39
ORD-2024-01540,2024-11-10,2024-11-14,Standard Class,Customer 017,Consumer,United States,Illinois,Central,Furniture,Chairs,7,405.9,0.0,2841.3,296.48
ORD-2024-02226,2024-11-10,2024-11-14,Standard Class,Customer 223,Consumer,United States,North Carolina,South,Furniture,Bookcases,8,194.46,0.3,1088.98,-167.7
ORD-2024-01638,2024-11-12,2024-11-19,Standard Class,Customer 285,Corporate,United States,Virginia,East,Technology,Phones,8,82.52,0.2,528.13,33.63
ORD-2024-00675,2024-11-12,2024-11-15,Second Class,Customer 040,Home Office,United States,North Carolina,South,Furniture,Furnishings,3,49.73,0.2,119.35,-10.67
ORD-2024-00343,2024-11-12,2024-11-13,First Class,Customer 038,Corporate,United States,Georgia,South,Furniture,Furnishings,3,17.73,0.0,53.19,4.86
ORD-2024-01290,2024-11-12,2024-11-17,Standard Class,Customer 096,Home Office,United States,Texas,Central,Office Supplies,Storage,2,162.97,0.0,325.94,68.5
ORD-2024-01982,2024-11-13,2024-11-19,Standard Class,Customer 124,Home Office,United States,Florida,South,Office Supplies,Paper,1,12.0,0.3,8.4,-0.39
ORD-2024-00825,2024-11-14,2024-11-16,Second Class,Customer 010,Home Office,United States,Texas,Central,Office Supplies,Art,3,31.97,0.4,57.55,-11.76
ORD-2024-01211,2024-11-14,2024-11-18,Standard Class,Customer 299,Consumer,United States,California,West,Furniture,Bookcases,9,249.7,0.0,2247.3,-4.73
ORD-2024-02359,2024-11-16,2024-11-22,Standard Class,Customer 061,Corporate,United States,Michigan,Central,Furniture,Tables,7,255.36,0.3,1251.26,-256.87
ORD-2024-02128,2024-11-16,2024-11-20,Standard Class,Customer 254,Consumer,United States,Pennsylvania,East,Office Supplies,Labels,1,12.88,0.1,11.59,2.32
ORD-2024-01755,2024-11-17,2024-11-18,First Class,Customer 240,Consumer,United States,North Carolina,South,Office Supplies,Binders,7,35.63,0.1,224.47,18.1
ORD-2024-02179,2024-11-17,2024-11-21,Standard Class,Customer 260,Consumer,United States,Texas,Central,Furniture,Tables,8,511.64,0.0,4093.12,172.56
ORD-2024-00996,2024-11-17,2024-11-22,Standard Class,Customer 109,Corporate,United States,North Carolina,South,Office Supplies,Art,7,29.47,0.3,144.4,-20.48
ORD-2024-00240,2024-11-18,2024-11-25,Standard Class,Customer 041,Consumer,United States,Georgia,South,Furniture,Furnishings,4,99.38,0.1,357.77,-3.24
ORD-2024-00599,2024-11-19,2024-11-19,Same Day,Customer 158,Corporate,United States,Illinois,Central,Furniture,Bookcases,9,86.94,0.4,469.48,-146.99
ORD-2024-01753,2024-11-20,2024-11-20,Same Day,Customer 243,Corporate,United States,Illinois,Central,Furniture,Bookcases,4,303.59,0.4,728.62,-193.9
ORD-2024-01171,2024-11-20,2024-11-23,Second Class,Customer 156,Consumer,United States,Michigan,Central,Office Supplies,Labels,8,12.01,0.2,76.86,8.2
ORD-2024-00245,2024-11-20,2024-11-20,Same Day,Customer 282,Home Office,United States,California,West,Technology,Copiers,8,2575.64,0.1,18544.61,2032.23
ORD-2024-00085,2024-11-21,2024-11-26,Standard Class,Customer 133,Consumer,United States,California,West,Technology,Accessories,3,29.83,0.0,89.49,14.61
ORD-2024-00880,2024-11-21,2024-11-27,Standard Class,Customer 296,Corporate,United States,Pennsylvania,East,Furniture,Chairs,6,277.96,0.3,1167.43,-239.04
ORD-2024-00192,2024-11-21,2024-11-24,First Class,Customer 214,Corporate,United States,Georgia,South,Furniture,Chairs,3,346.36,0.0,1039.08,142.49
ORD-2024-01172,2024-11-22,2024-11-29,Standard Class,Customer 194,Consumer,United States,Oregon,West,Technology,Copiers,8,3392.79,0.1,24428.09,3920.08
ORD-2024-02158,2024-11-23,2024-11-30,Standard Class,Customer 298,Consumer,United States,New York,East,Office Supplies,Storage,6,102.82,0.2,493.54,14.39
ORD-2024-02010,2024-11-23,2024-11-30,Standard Class,Customer 126,Corporate,United States,Virginia,East,Technology,Accessories,9,64.45,0.4,348.03,-51.46
ORD-2024-00040,2024-11-23,2024-11-23,Same Day,Customer 129,Consumer,United States,Florida,South,Technology,Phones,9,635.72,0.3,4005.04,-468.63
ORD-2024-01111,2024-11-23,2024-11-28,Standard Class,Customer 169,Corporate,United States,California,West,Furniture,Chairs,7,306.68,0.4,1288.06,-401.37
ORD-2024-02231,2024-11-24,2024-12-01,Standard Class,Customer 193,Home Office,United States,Michigan,Central,Furniture,Chairs,1,495.46,0.1,445.91,9.13
ORD-2024-00658,2024-11-24,2024-11-28,Standard Class,Customer 121,Consumer,United States,Virginia,East,Technology,Copiers,5,1475.28,0.0,7376.4,1194.6
ORD-2024-02185,2024-11-25,2024-11-26,First Class,Customer 088,Corporate,United States,Washington,West,Technology,Accessories,4,136.22,0.0,544.88,139.6
ORD-2024-01196,2024-11-25,2024-11-30,Standard Class,Customer 232,Consumer,United States,Georgia,South,Office Supplies,Art,2,36.56,0.1,65.81,3.21
ORD-2024-00458,2024-11-25,2024-11-27,Second Class,Customer 249,Consumer,United States,New York,East,Technology,Phones,1,569.82,0.2,455.86,-10.85
ORD-2024-01417,2024-11-26,2024-12-01,Standard Class,Customer 219,Corporate,United States,Pennsylvania,East,Technology,Machines,2,774.72,0.2,1239.55,21.16
ORD-2024-00130,2024-11-26,2024-12-03,Standard Class,Customer 021,Home Office,United States,New York,East,Technology,Copiers,2,1750.74,0.1,3151.33,745.59
ORD-2024-01370,2024-11-26,2024-11-30,Standard Class,Customer 060,Corporate,United States,California,West,Office Supplies,Labels,6,10.55,0.2,50.64,4.73
ORD-2024-00341,2024-11-26,2024-11-30,Standard Class,Customer 018,Consumer,United States,Michigan,Central,Office Supplies,Appliances,1,320.45,0.3,224.31,-15.55
ORD-2024-00475,2024-11-26,2024-12-01,Standard Class,Customer 156,Consumer,United States,North Carolina,South,Technology,Copiers,2,1419.04,0.0,2838.08,650.62
ORD-2024-00743,2024-11-26,2024-12-01,Standard Class,Customer 197,Corporate,United States,Washington,West,Furniture,Tables,2,585.88,0.0,1171.76,111.99
ORD-2024-00958,2024-11-26,2024-11-28,First Class,Customer 233,Consumer,United States,New York,East,Technology,Phones,9,180.57,0.2,1300.1,73.97
ORD-2024-01467,2024-11-27,2024-11-30,First Class,Customer 141,Corporate,United States,Illinois,Central,Office Supplies,Paper,2,6.77,0.0,13.54,2.53
ORD-2024-01585,2024-11-27,2024-11-29,First Class,Customer 153,Consumer,United States,Washington,West,Technology,Copiers,6,819.93,0.1,4427.62,563.3
ORD-2024-00920,2024-11-28,2024-12-03,Standard Class,Customer 180,Consumer,United States,North Carolina,South,Furniture,Bookcases,2,271.02,0.0,542.04,102.18
ORD-2024-00673,2024-11-28,2024-12-04,Standard Class,Customer 015,Consumer,United States,Oregon,West,Technology,Machines,6,916.19,0.0,5497.14,2004.77
ORD-2024-00099,2024-11-28,2024-12-02,Second Class,Customer 254,Home Office,United States,Florida,South,Office Supplies,Appliances,1,373.2,0.1,335.88,35.81
ORD-2024-01128,2024-11-29,2024-12-02,First Class,Customer 217,Consumer,United States,Illinois,Central,Furniture,Furnishings,1,71.09,0.4,42.65,-15.36
ORD-2024-00782,2024-11-29,2024-12-06,Standard Class,Customer 118,Consumer,United States,Florida,South,Office Supplies,Labels,8,12.13,0.2,77.63,1.03
ORD-2024-01985,2024-11-29,2024-12-01,First Class,Customer 238,Consumer,United States,North Carolina,South,Technology,Accessories,6,124.11,0.0,744.66,142.77
ORD-2024-01235,2024-11-29,2024-12-01,Second Class,Customer 170,Consumer,United States,Washington,West,Office Supplies,Appliances,5,317.5,0.0,1587.5,305.25
ORD-2024-01337,2024-11-30,2024-12-04,Standard Class,Customer 053,Consumer,United States,Washington,West,Technology,Machines,9,2255.66,0.4,12180.56,-1860.6
ORD-2024-02437,2024-12-01,2024-12-08,Standard Class,Customer 010,Home Office,United States,North Carolina,South,Technology,Copiers,1,1025.93,0.0,1025.93,154.02
ORD-2024-00616,2024-12-01,2024-12-04,First Class,Customer 158,Home Office,United States,Georgia,South,Technology,Phones,3,413.95,0.2,993.48,-46.5
ORD-2024-01994,2024-12-01,2024-12-03,Second Class,Customer 123,Corporate,United States,California,West,Furniture,Furnishings,8,72.56,0.4,348.29,-120.08
ORD-2024-01068,2024-12-03,2024-12-07,Standard Class,Customer 234,Consumer,United States,California,West,Office Supplies,Labels,6,8.75,0.4,31.5,-2.94
ORD-2024-00600,2024-12-05,2024-12-11,Standard Class,Customer 041,Home Office,United States,Pennsylvania,East,Technology,Accessories,8,93.97,0.4,451.06,-49.38
ORD-2024-00569,2024-12-05,2024-12-07,First Class,Customer 226,Consumer,United States,Michigan,Central,Office Supplies,Binders,3,70.68,0.0,212.04,56.23
ORD-2024-00026,2024-12-06,2024-12-13,Standard Class,Customer 178,Consumer,United States,Illinois,Central,Furniture,Tables,3,460.6,0.4,829.08,-283.85
ORD-2024-02184,2024-12-07,2024-12-07,Same Day,Customer 287,Consumer,United States,New York,East,Office Supplies,Art,3,22.62,0.3,47.5,-3.47
ORD-2024-01715,2024-12-07,2024-12-11,Standard Class,Customer 112,Consumer,United States,Georgia,South,Technology,Accessories,9,86.4,0.0,777.6,171.55
ORD-2024-01717,2024-12-08,2024-12-09,First Class,Customer 290,Home Office,United States,Pennsylvania,East,Technology,Phones,3,515.98,0.2,1238.35,222.92
ORD-2024-02448,2024-12-09,2024-12-12,Second Class,Customer 084,Consumer,United States,North Carolina,South,Furniture,Bookcases,8,121.63,0.4,583.82,-163.12
ORD-2024-02015,2024-12-10,2024-12-17,Standard Class,Customer 191,Consumer,United States,Washington,West,Office Supplies,Appliances,8,329.64,0.4,1582.27,-185.44
ORD-2024-02072,2024-12-10,2024-12-10,Same Day,Customer 036,Consumer,United States,Georgia,South,Technology,Copiers,4,1808.17,0.0,7232.68,1087.56
ORD-2024-02361,2024-12-11,2024-12-13,Second Class,Customer 015,Home Office,United States,Texas,Central,Office Supplies,Binders,5,63.81,0.2,255.24,5.74
ORD-2024-00984,2024-12-11,2024-12-15,Standard Class,Customer 068,Consumer,United States,Pennsylvania,East,Office Supplies,Paper,6,28.98,0.4,104.33,-12.14
ORD-2024-01130,2024-12-12,2024-12-17,Standard Class,Customer 227,Home Office,United States,Illinois,Central,Furniture,Bookcases,2,274.68,0.3,384.55,-66.78
ORD-2024-00934,2024-12-12,2024-12-14,First Class,Customer 084,Home Office,United States,North Carolina,South,Office Supplies,Appliances,8,53.52,0.3,299.71,4.6
ORD-2024-01255,2024-12-13,2024-12-17,Second Class,Customer 106,Consumer,United States,Pennsylvania,East,Furniture,Chairs,5,326.59,0.0,1632.95,112.01
ORD-2024-00244,2024-12-13,2024-12-17,Standard Class,Customer 227,Consumer,United States,Oregon,West,Furniture,Chairs,1,142.66,0.0,142.66,2.27
ORD-2024-01221,2024-12-13,2024-12-15,Second Class,Customer 094,Corporate,United States,Virginia,East,Technology,Phones,9,703.43,0.0,6330.87,1372.66
ORD-2024-00824,2024-12-13,2024-12-17,Second Class,Customer 209,Consumer,United States,Oregon,West,Office Supplies,Appliances,4,93.36,0.0,373.44,92.63
ORD-2024-01205,2024-12-14,2024-12-20,Standard Class,Customer 051,Corporate,United States,Georgia,South,Furniture,Tables,3,200.62,0.0,601.86,58.22
ORD-2024-01887,2024-12-14,2024-12-16,Second Class,Customer 298,Consumer,United States,New York,East,Furniture,Chairs,7,375.28,0.0,2626.96,122.0
ORD-2024-01089,2024-12-14,2024-12-15,First Class,Customer 126,Consumer,United States,Washington,West,Furniture,Tables,6,299.6,0.0,1797.6,111.52
ORD-2024-00502,2024-12-15,2024-12-21,Standard Class,Customer 165,Corporate,United States,New York,East,Technology,Copiers,8,3127.53,0.0,25020.24,5562.17
ORD-2024-02481,2024-12-15,2024-12-19,Standard Class,Customer 216,Home Office,United States,Florida,South,Office Supplies,Storage,3,179.21,0.0,537.63,144.01
ORD-2024-02324,2024-12-15,2024-12-16,First Class,Customer 238,Consumer,United States,Florida,South,Office Supplies,Storage,8,143.73,0.0,1149.84,273.48
ORD-2024-00771,2024-12-15,2024-12-19,Standard Class,Customer 078,Corporate,United States,Florida,South,Furniture,Tables,7,607.3,0.0,4251.1,598.52
ORD-2024-02258,2024-12-16,2024-12-21,Standard Class,Customer 194,Consumer,United States,California,West,Furniture,Bookcases,5,225.8,0.0,1129.0,0.53
ORD-2024-00652,2024-12-16,2024-12-23,Standard Class,Customer 200,Consumer,United States,North Carolina,South,Furniture,Chairs,8,499.01,0.0,3992.08,660.67
ORD-2024-00986,2024-12-16,2024-12-19,Second Class,Customer 014,Consumer,United States,Virginia,East,Office Supplies,Storage,3,171.28,0.1,462.46,85.0
ORD-2024-01812,2024-12-16,2024-12-23,Standard Class,Customer 103,Consumer,United States,California,West,Office Supplies,Art,6,9.31,0.3,39.1,-0.39
ORD-2024-01438,2024-12-16,2024-12-21,Standard Class,Customer 264,Corporate,United States,Florida,South,Technology,Phones,6,731.05,0.1,3947.67,345.79
ORD-2024-01723,2024-12-16,2024-12-21,Standard Class,Customer 168,Consumer,United States,Michigan,Central,Office Supplies,Art,5,24.19,0.0,120.95,28.88
ORD-2024-01398,2024-12-17,2024-12-21,Standard Class,Customer 274,Consumer,United States,Illinois,Central,Furniture,Bookcases,6,212.84,0.1,1149.34,-16.09
ORD-2024-02380,2024-12-17,2024-12-20,Second Class,Customer 081,Consumer,United States,Illinois,Central,Furniture,Furnishings,5,18.71,0.0,93.55,11.4
ORD-2024-01224,2024-12-17,2024-12-23,Standard Class,Customer 061,Corporate,United States,Michigan,Central,Office Supplies,Art,8,27.64,0.0,221.12,38.33
ORD-2024-00123,2024-12-18,2024-12-25,Standard Class,Customer 239,Consumer,United States,Texas,Central,Furniture,Bookcases,8,86.41,0.0,691.28,24.54
ORD-2024-00003,2024-12-18,2024-12-23,Standard Class,Customer 097,Consumer,United States,Georgia,South,Furniture,Chairs,3,277.22,0.4,499.0,-137.56
ORD-2024-02086,2024-12-19,2024-12-24,Standard Class,Customer 068,Home Office,United States,Michigan,Central,Technology,Phones,7,97.05,0.1,611.42,87.2
ORD-2024-00842,2024-12-20,2024-12-22,Second Class,Customer 042,Consumer,United States,Florida,South,Technology,Accessories,6,21.43,0.2,102.86,9.75
ORD-2024-02396,2024-12-20,2024-12-26,Standard Class,Customer 216,Corporate,United States,New York,East,Office Supplies,Storage,2,189.85,0.4,227.82,-47.97
ORD-2024-01693,2024-12-21,2024-12-25,Standard Class,Customer 146,Corporate,United States,Pennsylvania,East,Office Supplies,Paper,7,22.6,0.3,110.74,-14.15
ORD-2024-01277,2024-12-21,2024-12-28,Standard Class,Customer 216,Consumer,United States,Virginia,East,Furniture,Bookcases,5,160.4,0.0,802.0,37.49
ORD-2024-02195,2024-12-21,2024-12-26,Standard Class,Customer 068,Corporate,United States,Texas,Central,Furniture,Furnishings,6,95.59,0.1,516.19,1.22
ORD-2024-01981,2024-12-21,2024-12-28,Standard Class,Customer 063,Home Office,United States,Virginia,East,Office Supplies,Paper,4,8.92,0.2,28.54,0.62
ORD-2024-02023,2024-12-22,2024-12-24,First Class,Customer 264,Home Office,United States,New York,East,Technology,Accessories,8,53.12,0.4,254.98,-20.55
ORD-2024-00730,2024-12-22,2024-12-24,Second Class,Customer 208,Corporate,United States,Oregon,West,Technology,Copiers,4,939.76,0.3,2631.33,-71.13
ORD-2024-00316,2024-12-23,2024-12-27,Standard Class,Customer 207,Home Office,United States,California,West,Technology,Copiers,4,3007.76,0.0,12031.04,2558.52
ORD-2024-01597,2024-12-23,2024-12-30,Standard Class,Customer 228,Home Office,United States,Pennsylvania,East,Office Supplies,Appliances,8,78.95,0.1,568.44,85.79
ORD-2024-02050,2024-12-24,2024-12-31,Standard Class,Customer 037,Consumer,United States,New York,East,Furniture,Tables,8,618.96,0.4,2971.01,-711.68
ORD-2024-02022,2024-12-24,2024-12-29,Standard Class,Customer 136,Corporate,United States,Georgia,South,Furniture,Furnishings,8,44.98,0.4,215.9,-55.19
ORD-2024-01959,2024-12-24,2024-12-29,Standard Class,Customer 059,Consumer,United States,Oregon,West,Furniture,Chairs,7,359.46,0.0,2516.22,250.24
ORD-2024-00255,2024-12-25,2024-12-31,Standard Class,Customer 145,Home Office,United States,New York,East,Furniture,Chairs,7,451.07,0.1,2841.74,-13.95
ORD-2024-00156,2024-12-26,2024-12-26,Same Day,Customer 245,Corporate,United States,Oregon,West,Technology,Copiers,9,2688.23,0.3,16935.85,-656.95
ORD-2024-00372,2024-12-26,2024-12-28,First Class,Customer 196,Corporate,United States,Pennsylvania,East,Technology,Accessories,9,35.45,0.0,319.05,68.97
ORD-2024-00237,2024-12-27,2024-12-29,First Class,Customer 061,Corporate,United States,Oregon,West,Office Supplies,Appliances,3,195.6,0.4,352.08,-32.11
ORD-2024-00446,2024-12-27,2024-12-29,First Class,Customer 287,Home Office,United States,North Carolina,South,Technology,Copiers,3,1605.4,0.0,4816.2,1223.07
ORD-2024-02088,2024-12-27,2024-12-27,Same Day,Customer 122,Consumer,United States,Pennsylvania,East,Technology,Machines,1,1764.37,0.0,1764.37,318.94
ORD-2024-02242,2024-12-28,2024-12-31,First Class,Customer 181,Consumer,United States,Washington,West,Office Supplies,Appliances,1,350.2,0.0,350.2,77.67
ORD-2024-01648,2024-12-28,2024-12-31,First Class,Customer 237,Home Office,United States,Michigan,Central,Office Supplies,Binders,2,16.4,0.2,26.24,2.72
ORD-2024-00479,2024-12-28,2024-12-30,Second Class,Customer 059,Home Office,United States,Florida,South,Furniture,Chairs,3,104.53,0.0,313.59,8.05
ORD-2024-00162,2024-12-29,2025-01-01,Second Class,Customer 268,Consumer,United States,Michigan,Central,Technology,Copiers,7,2566.26,0.1,16167.44,1707.36
ORD-2024-00108,2024-12-29,2024-12-30,First Class,Customer 107,Consumer,United States,Michigan,Central,Furniture,Chairs,9,465.84,0.0,4192.56,925.01
ORD-2024-00311,2024-12-30,2025-01-02,Second Class,Customer 135,Home Office,United States,Virginia,East,Office Supplies,Binders,4,24.88,0.0,99.52,11.93
ORD-2024-00822,2024-12-30,2025-01-04,Standard Class,Customer 084,Home Office,United States,Washington,West,Furniture,Chairs,2,151.51,0.0,303.02,16.52
ORD-2024-00819,2024-12-30,2025-01-06,Standard Class,Customer 033,Consumer,United States,Pennsylvania,East,Office Supplies,Appliances,8,179.18,0.4,860.06,-122.74
ORD-2025-02102,2025-01-01,2025-01-07,Standard Class,Customer 227,Consumer,United States,Virginia,East,Furniture,Tables,6,310.46,0.2,1490.21,-83.86
ORD-2025-02084,2025-01-01,2025-01-03,Second Class,Customer 194,Home Office,United States,Texas,Central,Technology,Accessories,7,94.88,0.3,464.91,-25.41
ORD-2025-00122,2025-01-02,2025-01-04,Second Class,Customer 259,Home Office,United States,Florida,South,Office Supplies,Paper,7,14.37,0.0,100.59,28.18
ORD-2025-01049,2025-01-02,2025-01-02,Same Day,Customer 194,Corporate,United States,Washington,West,Technology,Accessories,4,29.91,0.2,95.71,6.34
ORD-2025-00859,2025-01-03,2025-01-10,Standard Class,Customer 129,Home Office,United States,Florida,South,Technology,Copiers,2,595.69,0.0,1191.38,234.42
ORD-2025-01132,2025-01-04,2025-01-06,Second Class,Customer 067,Consumer,United States,New York,East,Office Supplies,Art,6,34.15,0.4,122.94,-35.81
ORD-2025-00080,2025-01-04,2025-01-08,Second Class,Customer 142,Consumer,United States,Texas,Central,Office Supplies,Storage,5,120.79,0.0,603.95,88.59
ORD-2025-01613,2025-01-04,2025-01-11,Standard Class,Customer 207,Consumer,United States,Michigan,Central,Technology,Accessories,1,119.87,0.2,95.9,2.85
ORD-2025-00641,2025-01-05,2025-01-07,First Class,Customer 069,Consumer,United States,Illinois,Central,Office Supplies,Paper,3,33.72,0.2,80.93,3.17
ORD-2025-00283,2025-01-05,2025-01-09,Standard Class,Customer 005,Consumer,United States,Virginia,East,Technology,Phones,2,541.11,0.2,865.78,5.27
ORD-2025-00736,2025-01-05,2025-01-12,Standard Class,Customer 066,Corporate,United States,California,West,Furniture,Chairs,1,72.94,0.0,72.94,8.54
ORD-2025-00312,2025-01-06,2025-01-06,Same Day,Customer 049,Corporate,United States,Virginia,East,Furniture,Furnishings,3,42.23,0.4,76.01,-22.19
ORD-2025-01427,2025-01-06,2025-01-12,Standard Class,Customer 008,Corporate,United States,Washington,West,Technology,Copiers,5,1817.59,0.1,8179.15,40.06
ORD-2025-01306,2025-01-06,2025-01-10,Standard Class,Customer 074,Consumer,United States,Texas,Central,Technology,Accessories,6,95.08,0.0,570.48,142.54
ORD-2025-02280,2025-01-06,2025-01-12,Standard Class,Customer 061,Corporate,United States,Washington,West,Office Supplies,Storage,8,162.32,0.0,1298.56,316.73
ORD-2025-01813,2025-01-08,2025-01-12,Standard Class,Customer 021,Consumer,United States,Texas,Central,Technology,Copiers,7,925.4,0.1,5830.02,515.12
ORD-2025-01329,2025-01-09,2025-01-13,Second Class,Customer 063,Consumer,United States,Michigan,Central,Furniture,Bookcases,7,278.38,0.1,1753.79,75.17
ORD-2025-01071,2025-01-09,2025-01-13,Standard Class,Customer 204,Consumer,United States,Pennsylvania,East,Technology,Phones,5,212.73,0.0,1063.65,216.14
ORD-2025-01424,2025-01-09,2025-01-14,Standard Class,Customer 149,Corporate,United States,California,West,Office Supplies,Storage,4,145.78,0.0,583.12,125.47
ORD-2025-02112,2025-01-09,2025-01-16,Standard Class,Customer 215,Corporate,United States,Michigan,Central,Technology,Copiers,1,3499.81,0.0,3499.81,590.43
ORD-2025-01274,2025-01-10,2025-01-14,Second Class,Customer 095,Home Office,United States,Michigan,Central,Technology,Machines,6,2350.47,0.0,14102.82,3894.56
ORD-2025-02438,2025-01-11,2025-01-15,Second Class,Customer 081,Home Office,United States,Georgia,South,Office Supplies,Labels,5,22.73,0.2,90.92,6.97
ORD-2025-01298,2025-01-12,2025-01-19,Standard Class,Customer 275,Consumer,United States,New York,East,Technology,Machines,4,803.55,0.3,2249.94,-143.36
ORD-2025-00257,2025-01-12,2025-01-13,First Class,Customer 293,Corporate,United States,Illinois,Central,Office Supplies,Appliances,4,258.51,0.1,930.64,173.93
ORD-2025-01668,2025-01-12,2025-01-18,Standard Class,Customer 081,Corporate,United States,Pennsylvania,East,Technology,Machines,3,1265.09,0.1,3415.74,244.47
ORD-2025-00049,2025-01-12,2025-01-18,Standard Class,Customer 119,Corporate,United States,Pennsylvania,East,Furniture,Tables,4,344.53,0.0,1378.12,7.43
ORD-2025-00416,2025-01-12,2025-01-18,Standard Class,Customer 066,Corporate,United States,Georgia,South,Office Supplies,Storage,3,125.17,0.0,375.51,74.27
ORD-2025-02034,2025-01-13,2025-01-19,Standard Class,Customer 170,Consumer,United States,North Carolina,South,Office Supplies,Appliances,5,137.65,0.0,688.25,171.57
ORD-2025-01327,2025-01-14,2025-01-21,Standard Class,Customer 175,Corporate,United States,Oregon,West,Furniture,Tables,7,393.87,0.1,2481.38,-8.0
ORD-2025-00711,2025-01-14,2025-01-18,Standard Class,Customer 197,Home Office,United States,Pennsylvania,East,Furniture,Furnishings,9,97.27,0.3,612.8,-104.9
ORD-2025-02468,2025-01-14,2025-01-20,Standard Class,Customer 036,Consumer,United States,Oregon,West,Furniture,Chairs,1,274.8,0.3,192.36,-37.12
ORD-2025-00550,2025-01-16,2025-01-21,Standard Class,Customer 115,Corporate,United States,Oregon,West,Technology,Machines,1,1110.26,0.0,1110.26,193.14
ORD-2025-00827,2025-01-16,2025-01-20,Standard Class,Customer 039,Consumer,United States,Illinois,Central,Furniture,Bookcases,3,154.6,0.1,417.42,16.38
ORD-2025-02285,2025-01-16,2025-01-16,Same Day,Customer 261,Consumer,United States,Washington,West,Furniture,Bookcases,3,304.06,0.4,547.31,-148.22
ORD-2025-01703,2025-01-17,2025-01-18,First Class,Customer 103,Consumer,United States,New York,East,Technology,Machines,2,450.28,0.4,540.34,-98.44
ORD-2025-01973,2025-01-17,2025-01-21,Standard Class,Customer 172,Consumer,United States,Pennsylvania,East,Office Supplies,Labels,4,12.86,0.0,51.44,9.1
ORD-2025-00098,2025-01-18,2025-01-24,Standard Class,Customer 061,Corporate,United States,New York,East,Furniture,Bookcases,4,182.23,0.0,728.92,-20.26
ORD-2025-00060,2025-01-18,2025-01-25,Standard Class,Customer 257,Consumer,United States,North Carolina,South,Office Supplies,Labels,4,8.74,0.0,34.96,10.27
ORD-2025-01696,2025-01-18,2025-01-20,First Class,Customer 093,Consumer,United States,Virginia,East,Technology,Accessories,8,25.17,0.4,120.82,-30.65
ORD-2025-01510,2025-01-18,2025-01-24,Standard Class,Customer 132,Consumer,United States,Florida,South,Office Supplies,Storage,3,59.0,0.2,141.6,12.71
ORD-2025-02267,2025-01-19,2025-01-24,Standard Class,Customer 127,Consumer,United States,California,West,Furniture,Furnishings,3,104.55,0.1,282.28,17.2
ORD-2025-00191,2025-01-19,2025-01-26,Standard Class,Customer 173,Consumer,United States,Georgia,South,Office Supplies,Appliances,7,62.79,0.2,351.62,15.45
ORD-2025-00813,2025-01-20,2025-01-22,Second Class,Customer 176,Consumer,United States,Texas,Central,Office Supplies,Storage,2,190.9,0.1,343.62,36.57
ORD-2025-01780,2025-01-20,2025-01-22,First Class,Customer 288,Home Office,United States,Oregon,West,Furniture,Chairs,1,233.05,0.1,209.75,9.56
ORD-2025-00636,2025-01-21,2025-01-28,Standard Class,Customer 180,Consumer,United States,Virginia,East,Furniture,Tables,1,875.67,0.4,525.4,-157.36
ORD-2025-02136,2025-01-21,2025-01-21,Same Day,Customer 279,Consumer,United States,Michigan,Central,Technology,Accessories,5,130.91,0.0,654.55,143.65
ORD-2025-00788,2025-01-21,2025-01-27,Standard Class,Customer 239,Corporate,United States,Michigan,Central,Furniture,Bookcases,7,93.7,0.4,393.54,-113.67
ORD-2025-00615,2025-01-22,2025-01-28,Standard Class,Customer 058,Corporate,United States,Washington,West,Office Supplies,Storage,1,75.5,0.3,52.85,-4.51
ORD-2025-02256,2025-01-22,2025-01-26,Standard Class,Customer 110,Consumer,United States,Illinois,Central,Office Supplies,Art,2,21.12,0.0,42.24,10.38
ORD-2025-00075,2025-01-22,2025-01-29,Standard Class,Customer 108,Consumer,United States,Georgia,South,Technology,Machines,2,1867.08,0.2,2987.33,-99.25
ORD-2025-01547,2025-01-23,2025-01-28,Standard Class,Customer 177,Consumer,United States,North Carolina,South,Technology,Accessories,5,52.39,0.2,209.56,4.07
ORD-2025-01062,2025-01-23,2025-01-29,Standard Class,Customer 195,Corporate,United States,California,West,Furniture,Chairs,9,216.22,0.4,1167.59,-287.75
ORD-2025-00587,2025-01-25,2025-01-31,Standard Class,Customer 254,Consumer,United States,Oregon,West,Furniture,Tables,3,699.44,0.4,1258.99,-464.2
ORD-2025-01149,2025-01-25,2025-02-01,Standard Class,Customer 002,Consumer,United States,Pennsylvania,East,Technology,Accessories,6,149.1,0.0,894.6,232.54
ORD-2025-00941,2025-01-27,2025-02-03,Standard Class,Customer 053,Consumer,United States,Texas,Central,Furniture,Bookcases,4,147.69,0.2,472.61,-54.0
ORD-2025-01183,2025-01-27,2025-02-01,Standard Class,Customer 245,Corporate,United States,Virginia,East,Furniture,Chairs,3,326.95,0.4,588.51,-130.57
ORD-2025-01614,2025-01-29,2025-02-04,Standard Class,Customer 221,Corporate,United States,Illinois,Central,Furniture,Tables,2,123.81,0.4,148.57,-30.73
ORD-2025-00422,2025-01-30,2025-02-06,Standard Class,Customer 246,Consumer,United States,Georgia,South,Technology,Copiers,6,977.35,0.4,3518.46,-377.07
ORD-2025-00666,2025-01-31,2025-02-05,Standard Class,Customer 273,Corporate,United States,Illinois,Central,Office Supplies,Art,3,22.5,0.3,47.25,-7.75
ORD-2025-00175,2025-02-02,2025-02-04,Second Class,Customer 287,Home Office,United States,Florida,South,Office Supplies,Binders,3,49.75,0.1,134.33,21.75
ORD-2025-02075,2025-02-02,2025-02-09,Standard Class,Customer 067,Home Office,United States,Michigan,Central,Furniture,Furnishings,9,115.14,0.0,1036.26,99.18
ORD-2025-00184,2025-02-02,2025-02-02,Same Day,Customer 195,Home Office,United States,New York,East,Technology,Machines,2,1166.19,0.0,2332.38,531.12
ORD-2025-00875,2025-02-03,2025-02-10,Standard Class,Customer 095,Consumer,United States,Virginia,East,Furniture,Tables,2,447.46,0.2,715.94,-60.42
ORD-2025-00008,2025-02-03,2025-02-07,Second Class,Customer 149,Consumer,United States,California,West,Technology,Phones,9,111.6,0.2,803.52,30.68
ORD-2025-00866,2025-02-04,2025-02-05,First Class,Customer 299,Consumer,United States,Virginia,East,Office Supplies,Paper,1,36.96,0.4,22.18,-2.22
ORD-2025-01472,2025-02-04,2025-02-10,Standard Class,Customer 290,Corporate,United States,New York,East,Office Supplies,Paper,3,9.89,0.2,23.74,2.65
ORD-2025-01733,2025-02-05,2025-02-07,Second Class,Customer 012,Corporate,United States,Florida,South,Office Supplies,Labels,9,4.25,0.2,30.6,1.94
ORD-2025-00204,2025-02-05,2025-02-09,Second Class,Customer 095,Consumer,United States,Washington,West,Furniture,Tables,3,328.49,0.0,985.47,195.11
ORD-2025-02375,2025-02-05,2025-02-11,Standard Class,Customer 223,Consumer,United States,New York,East,Technology,Machines,9,2059.33,0.0,18533.97,3222.71
ORD-2025-01303,2025-02-05,2025-02-09,Standard Class,Customer 212,Corporate,United States,Virginia,East,Furniture,Furnishings,8,51.75,0.4,248.4,-82.0
ORD-2025-00932,2025-02-05,2025-02-06,First Class,Customer 049,Corporate,United States,Washington,West,Technology,Accessories,1,70.01,0.1,63.01,3.28
ORD-2025-00086,2025-02-06,2025-02-08,Second Class,Customer 005,Consumer,United States,Pennsylvania,East,Office Supplies,Art,4,14.07,0.0,56.28,17.16
ORD-2025-00043,2025-02-06,2025-02-10,Second Class,Customer 124,Consumer,United States,Illinois,Central,Furniture,Bookcases,4,190.71,0.1,686.56,-55.27
ORD-2025-02211,2025-02-06,2025-02-10,Standard Class,Customer 138,Consumer,United States,New York,East,Furniture,Chairs,5,393.49,0.4,1180.47,-262.03
ORD-2025-02181,2025-02-06,2025-02-10,Standard Class,Customer 273,Consumer,United States,Georgia,South,Office Supplies,Binders,5,35.91,0.2,143.64,5.33
ORD-2025-02120,2025-02-07,2025-02-09,Second Class,Customer 266,Corporate,United States,Washington,West,Furniture,Chairs,3,349.46,0.0,1048.38,42.56
ORD-2025-01348,2025-02-07,2025-02-11,Standard Class,Customer 053,Corporate,United States,Oregon,West,Technology,Phones,2,264.73,0.1,476.51,13.4
ORD-2025-02141,2025-02-07,2025-02-07,Same Day,Customer 042,Corporate,United States,Illinois,Central,Office Supplies,Art,1,15.9,0.4,9.54,-2.03
ORD-2025-01595,2025-02-08,2025-02-13,Standard Class,Customer 265,Corporate,United States,Illinois,Central,Furniture,Bookcases,6,228.18,0.1,1232.17,-57.34
ORD-2025-00982,2025-02-08,2025-02-12,Second Class,Customer 242,Corporate,United States,Virginia,East,Technology,Phones,9,875.75,0.0,7881.75,797.17
ORD-2025-01194,2025-02-09,2025-02-11,First Class,Customer 118,Consumer,United States,New York,East,Office Supplies,Appliances,1,311.38,0.1,280.24,57.63
ORD-2025-00223,2025-02-10,2025-02-17,Standard Class,Customer 170,Consumer,United States,Virginia,East,Office Supplies,Art,9,13.75,0.1,111.38,16.6
ORD-2025-02155,2025-02-11,2025-02-18,Standard Class,Customer 049,Consumer,United States,Washington,West,Technology,Phones,1,355.01,0.4,213.01,-28.11
ORD-2025-00110,2025-02-11,2025-02-18,Standard Class,Customer 111,Corporate,United States,Virginia,East,Office Supplies,Art,8,7.38,0.4,35.42,-8.04
ORD-2025-01064,2025-02-12,2025-02-14,Second Class,Customer 242,Consumer,United States,Virginia,East,Technology,Accessories,8,109.61,0.0,876.88,130.65
ORD-2025-01041,2025-02-12,2025-02-14,Second Class,Customer 291,Home Office,United States,Washington,West,Office Supplies,Art,9,9.94,0.0,89.46,12.34
ORD-2025-01539,2025-02-13,2025-02-18,Standard Class,Customer 056,Consumer,United States,Illinois,Central,Furniture,Chairs,2,310.28,0.0,620.56,85.84
ORD-2025-01600,2025-02-15,2025-02-17,First Class,Customer 225,Corporate,United States,California,West,Technology,Phones,3,599.22,0.1,1617.89,135.58
ORD-2025-01045,2025-02-16,2025-02-22,Standard Class,Customer 088,Corporate,United States,Texas,Central,Technology,Machines,8,878.4,0.0,7027.2,1015.55
ORD-2025-01317,2025-02-16,2025-02-23,Standard Class,Customer 192,Corporate,United States,North Carolina,South,Technology,Phones,2,523.28,0.0,1046.56,175.11
ORD-2025-00541,2025-02-16,2025-02-20,Standard Class,Customer 193,Corporate,United States,Georgia,South,Furniture,Chairs,3,89.18,0.0,267.54,18.64
ORD-2025-00906,2025-02-16,2025-02-21,Standard Class,Customer 159,Home Office,United States,Georgia,South,Technology,Accessories,6,44.54,0.4,160.34,-34.31
ORD-2025-01894,2025-02-17,2025-02-22,Standard Class,Customer 078,Consumer,United States,North Carolina,South,Furniture,Tables,1,336.7,0.0,336.7,8.17
ORD-2025-02408,2025-02-17,2025-02-19,Second Class,Customer 276,Corporate,United States,Pennsylvania,East,Furniture,Chairs,7,68.07,0.1,428.84,-13.38
ORD-2025-00892,2025-02-17,2025-02-21,Standard Class,Customer 212,Consumer,United States,California,West,Furniture,Bookcases,1,315.58,0.1,284.02,-8.95
ORD-2025-01522,2025-02-18,2025-02-25,Standard Class,Customer 027,Corporate,United States,Virginia,East,Furniture,Chairs,4,411.52,0.4,987.65,-330.46
ORD-2025-02245,2025-02-18,2025-02-22,Standard Class,Customer 124,Corporate,United States,North Carolina,South,Furniture,Bookcases,5,144.42,0.2,577.68,-10.4
ORD-2025-01077,2025-02-18,2025-02-23,Standard Class,Customer 066,Consumer,United States,Illinois,Central,Office Supplies,Labels,8,23.31,0.4,111.89,-19.23
ORD-2025-01276,2025-02-20,2025-02-26,Standard Class,Customer 279,Corporate,United States,California,West,Technology,Accessories,2,66.87,0.0,133.74,31.0
ORD-2025-01197,2025-02-20,2025-02-25,Standard Class,Customer 242,Home Office,United States,Michigan,Central,Office Supplies,Binders,5,70.09,0.1,315.41,47.96
ORD-2025-02353,2025-02-21,2025-02-28,Standard Class,Customer 149,Corporate,United States,Illinois,Central,Technology,Phones,7,528.66,0.0,3700.62,675.24
ORD-2025-02055,2025-02-22,2025-03-01,Standard Class,Customer 272,Corporate,United States,New York,East,Office Supplies,Appliances,1,287.72,0.0,287.72,64.76
ORD-2025-02295,2025-02-22,2025-02-24,Second Class,Customer 097,Home Office,United States,Washington,West,Technology,Phones,7,757.52,0.4,3181.58,-619.95
ORD-2025-00430,2025-02-23,2025-03-01,Standard Class,Customer 132,Consumer,United States,Pennsylvania,East,Office Supplies,Art,6,26.41,0.0,158.46,32.49
ORD-2025-00177,2025-02-24,2025-02-28,Standard Class,Customer 130,Consumer,United States,Illinois,Central,Technology,Machines,9,1679.29,0.2,12090.89,-16.66
ORD-2025-00212,2025-02-24,2025-03-03,Standard Class,Customer 094,Home Office,United States,California,West,Furniture,Chairs,4,114.47,0.0,457.88,11.25
ORD-2025-00015,2025-02-25,2025-03-01,Standard Class,Customer 299,Home Office,United States,Washington,West,Office Supplies,Art,8,35.37,0.2,226.37,0.02
ORD-2025-00774,2025-02-25,2025-03-01,Standard Class,Customer 197,Consumer,United States,North Carolina,South,Office Supplies,Binders,2,74.07,0.0,148.14,33.57
ORD-2025-01332,2025-02-25,2025-03-03,Standard Class,Customer 068,Consumer,United States,Michigan,Central,Furniture,Bookcases,5,205.52,0.2,822.08,-100.59
ORD-2025-01675,2025-02-25,2025-02-27,First Class,Customer 122,Corporate,United States,Texas,Central,Office Supplies,Appliances,1,163.86,0.0,163.86,41.05
ORD-2025-02131,2025-02-25,2025-02-28,First Class,Customer 224,Home Office,United States,Florida,South,Technology,Copiers,5,657.53,0.3,2301.35,-313.31
ORD-2025-02064,2025-02-27,2025-02-28,First Class,Customer 117,Corporate,United States,New York,East,Office Supplies,Appliances,8,346.68,0.1,2496.1,54.97
ORD-2025-01750,2025-02-27,2025-03-04,Standard Class,Customer 227,Home Office,United States,Georgia,South,Furniture,Chairs,5,316.25,0.3,1106.88,-181.94
ORD-2025-00236,2025-02-27,2025-03-04,Standard Class,Customer 128,Consumer,United States,North Carolina,South,Office Supplies,Paper,1,29.26,0.4,17.56,-2.97
ORD-2025-02019,2025-02-27,2025-02-28,First Class,Customer 022,Consumer,United States,California,West,Office Supplies,Storage,8,186.84,0.2,1195.78,94.06
ORD-2025-01208,2025-02-28,2025-03-02,First Class,Customer 116,Corporate,United States,Virginia,East,Furniture,Furnishings,2,105.72,0.1,190.3,-8.43
ORD-2025-00395,2025-02-28,2025-03-04,Standard Class,Customer 205,Consumer,United States,Pennsylvania,East,Office Supplies,Labels,1,19.05,0.0,19.05,3.63
ORD-2025-01903,2025-02-28,2025-03-05,Standard Class,Customer 206,Corporate,United States,Texas,Central,Technology,Copiers,6,2374.05,0.4,8546.58,-1269.88
ORD-2025-01641,2025-03-01,2025-03-05,Standard Class,Customer 232,Corporate,United States,Georgia,South,Technology,Phones,2,302.07,0.3,422.9,-26.73
ORD-2025-00727,2025-03-01,2025-03-07,Standard Class,Customer 235,Consumer,United States,Illinois,Central,Furniture,Chairs,6,145.85,0.3,612.57,-163.71
ORD-2025-00225,2025-03-01,2025-03-05,Second Class,Customer 146,Corporate,United States,Michigan,Central,Furniture,Bookcases,3,339.11,0.2,813.86,-89.79
ORD-2025-00697,2025-03-02,2025-03-08,Standard Class,Customer 153,Home Office,United States,Texas,Central,Technology,Phones,7,170.94,0.0,1196.58,218.43
ORD-2025-00174,2025-03-02,2025-03-04,Second Class,Customer 009,Corporate,United States,Oregon,West,Office Supplies,Labels,9,7.04,0.0,63.36,13.41
ORD-2025-00793,2025-03-02,2025-03-02,Same Day,Customer 152,Consumer,United States,Michigan,Central,Furniture,Tables,1,167.47,0.1,150.72,-6.26
ORD-2025-00681,2025-03-03,2025-03-07,Standard Class,Customer 065,Corporate,United States,New York,East,Furniture,Furnishings,7,70.44,0.0,493.08,32.05
ORD-2025-01119,2025-03-03,2025-03-09,Standard Class,Customer 153,Consumer,United States,Texas,Central,Technology,Copiers,9,1739.19,0.0,15652.71,4337.74
ORD-2025-00461,2025-03-03,2025-03-08,Standard Class,Customer 107,Consumer,United States,Texas,Central,Furniture,Bookcases,3,264.09,0.0,792.27,68.27
ORD-2025-01598,2025-03-05,2025-03-09,Second Class,Customer 291,Corporate,United States,Oregon,West,Technology,Accessories,4,14.75,0.2,47.2,-4.64
ORD-2025-01137,2025-03-05,2025-03-12,Standard Class,Customer 156,Consumer,United States,Pennsylvania,East,Office Supplies,Labels,9,10.99,0.0,98.91,10.53
ORD-2025-02067,2025-03-05,2025-03-08,First Class,Customer 159,Consumer,United States,North Carolina,South,Furniture,Tables,9,707.52,0.3,4457.38,-1039.23
ORD-2025-00676,2025-03-06,2025-03-10,Standard Class,Customer 144,Consumer,United States,New York,East,Furniture,Tables,6,342.34,0.4,1232.42,-297.4
ORD-2025-02018,2025-03-06,2025-03-08,Second Class,Customer 171,Home Office,United States,New York,East,Furniture,Chairs,2,477.1,0.4,572.52,-183.36
ORD-2025-01670,2025-03-06,2025-03-06,Same Day,Customer 212,Corporate,United States,Illinois,Central,Furniture,Chairs,8,445.04,0.3,2492.22,-503.94
ORD-2025-01879,2025-03-07,2025-03-14,Standard Class,Customer 031,Home Office,United States,California,West,Office Supplies,Binders,4,34.41,0.0,137.64,28.05
ORD-2025-00318,2025-03-07,2025-03-09,Second Class,Customer 177,Home Office,United States,Illinois,Central,Office Supplies,Art,6,15.58,0.3,65.44,-4.32
ORD-2025-02268,2025-03-08,2025-03-12,Second Class,Customer 054,Corporate,United States,New York,East,Furniture,Furnishings,4,68.54,0.1,246.74,6.34
ORD-2025-00713,2025-03-08,2025-03-10,First Class,Customer 300,Corporate,United States,Michigan,Central,Office Supplies,Storage,1,101.58,0.1,91.42,11.13
ORD-2025-01785,2025-03-08,2025-03-14,Standard Class,Customer 161,Consumer,United States,Florida,South,Technology,Accessories,5,101.85,0.1,458.32,53.76
ORD-2025-00731,2025-03-09,2025-03-12,First Class,Customer 021,Corporate,United States,New York,East,Office Supplies,Storage,3,63.24,0.3,132.8,-26.57
ORD-2025-00760,2025-03-10,2025-03-15,Standard Class,Customer 218,Corporate,United States,Florida,South,Office Supplies,Paper,4,34.09,0.1,122.72,20.5
ORD-2025-00317,2025-03-11,2025-03-18,Standard Class,Customer 219,Home Office,United States,Virginia,East,Office Supplies,Binders,4,54.41,0.1,195.88,36.89
ORD-2025-01033,2025-03-11,2025-03-14,First Class,Customer 189,Consumer,United States,Georgia,South,Office Supplies,Paper,2,49.26,0.3,68.96,0.87
ORD-2025-00737,2025-03-11,2025-03-18,Standard Class,Customer 176,Consumer,United States,Texas,Central,Office Supplies,Art,5,23.28,0.4,69.84,-18.23
ORD-2025-01724,2025-03-12,2025-03-16,Standard Class,Customer 136,Consumer,United States,Pennsylvania,East,Technology,Machines,9,1798.59,0.2,12949.85,-906.32
ORD-2025-01218,2025-03-13,2025-03-16,Second Class,Customer 278,Consumer,United States,Virginia,East,Office Supplies,Paper,5,17.24,0.0,86.2,19.24
ORD-2025-02087,2025-03-14,2025-03-16,Second Class,Customer 020,Corporate,United States,New York,East,Technology,Accessories,6,55.47,0.0,332.82,34.54
ORD-2025-01714,2025-03-14,2025-03-17,Second Class,Customer 050,Consumer,United States,Georgia,South,Technology,Machines,9,1052.73,0.0,9474.57,1399.56
ORD-2025-01009,2025-03-14,2025-03-21,Standard Class,Customer 164,Corporate,United States,North Carolina,South,Furniture,Tables,5,722.18,0.4,2166.54,-574.72
ORD-2025-01573,2025-03-15,2025-03-19,Second Class,Customer 241,Consumer,United States,Oregon,West,Furniture,Furnishings,1,89.4,0.0,89.4,8.02
ORD-2025-01232,2025-03-15,2025-03-20,Standard Class,Customer 072,Home Office,United States,New York,East,Technology,Copiers,2,2009.89,0.1,3617.8,601.34
ORD-2025-00886,2025-03-16,2025-03-21,Standard Class,Customer 205,Corporate,United States,Florida,South,Technology,Phones,8,729.99,0.2,4671.94,136.72
ORD-2025-01349,2025-03-16,2025-03-22,Standard Class,Customer 090,Home Office,United States,Oregon,West,Office Supplies,Paper,9,15.87,0.3,99.98,1.8
ORD-2025-02400,2025-03-16,2025-03-22,Standard Class,Customer 050,Corporate,United States,Pennsylvania,East,Office Supplies,Storage,4,72.53,0.0,290.12,80.74
ORD-2025-00662,2025-03-16,2025-03-21,Standard Class,Customer 060,Corporate,United States,Florida,South,Office Supplies,Labels,9,4.5,0.2,32.4,-0.8
ORD-2025-01860,2025-03-16,2025-03-20,Standard Class,Customer 168,Corporate,United States,Oregon,West,Office Supplies,Labels,9,7.39,0.2,53.21,7.5
ORD-2025-02057,2025-03-16,2025-03-18,Second Class,Customer 212,Consumer,United States,Washington,West,Office Supplies,Art,3,12.55,0.1,33.89,0.86
ORD-2025-00557,2025-03-17,2025-03-21,Standard Class,Customer 219,Consumer,United States,Illinois,Central,Office Supplies,Paper,8,6.54,0.1,47.09,8.48
ORD-2025-00013,2025-03-17,2025-03-23,Standard Class,Customer 157,Consumer,United States,Georgia,South,Office Supplies,Labels,6,6.59,0.2,31.63,1.23
ORD-2025-01591,2025-03-17,2025-03-23,Standard Class,Customer 011,Consumer,United States,Illinois,Central,Office Supplies,Paper,1,48.87,0.1,43.98,5.64
ORD-2025-00377,2025-03-18,2025-03-21,First Class,Customer 094,Consumer,United States,Michigan,Central,Furniture,Bookcases,4,207.92,0.0,831.68,79.04
ORD-2025-00631,2025-03-18,2025-03-23,Standard Class,Customer 149,Corporate,United States,Texas,Central,Technology,Machines,1,1825.52,0.4,1095.31,-209.89
ORD-2025-01002,2025-03-18,2025-03-21,First Class,Customer 287,Consumer,United States,Michigan,Central,Furniture,Tables,4,485.92,0.0,1943.68,363.59
ORD-2025-00215,2025-03-18,2025-03-25,Standard Class,Customer 219,Home Office,United States,Florida,South,Furniture,Tables,7,850.87,0.0,5956.09,91.28
ORD-2025-00757,2025-03-19,2025-03-19,Same Day,Customer 003,Consumer,United States,Pennsylvania,East,Furniture,Furnishings,2,56.67,0.1,102.01,-5.17
ORD-2025-02344,2025-03-19,2025-03-26,Standard Class,Customer 222,Consumer,United States,North Carolina,South,Technology,Machines,5,397.16,0.3,1390.06,-76.51
ORD-2025-01602,2025-03-20,2025-03-23,First Class,Customer 293,Consumer,United States,Oregon,West,Furniture,Furnishings,8,19.45,0.0,155.6,6.87
ORD-2025-00739,2025-03-20,2025-03-25,Standard Class,Customer 271,Home Office,United States,California,West,Technology,Copiers,2,2027.07,0.0,4054.14,545.96
ORD-2025-00805,2025-03-20,2025-03-26,Standard Class,Customer 284,Home Office,United States,New York,East,Technology,Copiers,8,985.81,0.2,6309.18,-62.63
ORD-2025-00603,2025-03-20,2025-03-22,First Class,Customer 143,Consumer,United States,Oregon,West,Office Supplies,Art,5,33.68,0.0,168.4,29.61
ORD-2025-00471,2025-03-20,2025-03-23,First Class,Customer 290,Consumer,United States,Florida,South,Office Supplies,Labels,9,9.88,0.2,71.14,9.94
ORD-2025-02058,2025-03-20,2025-03-22,Second Class,Customer 211,Consumer,United States,Michigan,Central,Office Supplies,Labels,1,5.73,0.1,5.16,0.73
ORD-2025-00432,2025-03-20,2025-03-26,Standard Class,Customer 100,Home Office,United States,Washington,West,Furniture,Bookcases,4,141.4,0.3,395.92,-98.79
ORD-2025-01861,2025-03-21,2025-03-26,Standard Class,Customer 189,Home Office,United States,Pennsylvania,East,Technology,Accessories,5,146.22,0.0,731.1,136.36
ORD-2025-01282,2025-03-21,2025-03-23,First Class,Customer 216,Corporate,United States,Oregon,West,Office Supplies,Paper,1,39.97,0.0,39.97,9.85
ORD-2025-01281,2025-03-21,2025-03-25,Second Class,Customer 197,Consumer,United States,Pennsylvania,East,Technology,Phones,3,238.74,0.2,572.98,42.7
ORD-2025-01449,2025-03-21,2025-03-26,Standard Class,Customer 216,Corporate,United States,North Carolina,South,Technology,Phones,3,226.2,0.3,475.02,-57.89
ORD-2025-01966,2025-03-23,2025-03-24,First Class,Customer 022,Consumer,United States,California,West,Furniture,Tables,5,445.26,0.2,1781.04,-230.48
ORD-2025-01722,2025-03-23,2025-03-27,Second Class,Customer 001,Consumer,United States,Florida,South,Furniture,Furnishings,9,84.27,0.1,682.59,5.39
ORD-2025-02115,2025-03-23,2025-03-25,First Class,Customer 068,Consumer,United States,Michigan,Central,Technology,Copiers,2,2957.54,0.0,5915.08,1373.62
ORD-2025-01394,2025-03-24,2025-03-28,Standard Class,Customer 299,Home Office,United States,Virginia,East,Office Supplies,Labels,8,14.36,0.4,68.93,-9.74
ORD-2025-01036,2025-03-24,2025-03-30,Standard Class,Customer 243,Corporate,United States,Texas,Central,Furniture,Chairs,2,360.92,0.2,577.47,-98.26
ORD-2025-01742,2025-03-25,2025-03-28,First Class,Customer 094,Home Office,United States,California,West,Technology,Phones,7,215.17,0.1,1355.57,184.37
ORD-2025-01845,2025-03-25,2025-03-30,Standard Class,Customer 289,Consumer,United States,Washington,West,Furniture,Chairs,5,413.45,0.2,1653.8,-80.46
ORD-2025-00059,2025-03-25,2025-03-31,Standard Class,Customer 141,Consumer,United States,North Carolina,South,Furniture,Tables,3,808.1,0.2,1939.44,-214.73
ORD-2025-01513,2025-03-26,2025-04-01,Standard Class,Customer 254,Consumer,United States,North Carolina,South,Furniture,Tables,5,760.06,0.3,2660.21,-328.4
ORD-2025-01139,2025-03-26,2025-03-31,Standard Class,Customer 171,Consumer,United States,Virginia,East,Technology,Machines,9,483.0,0.0,4347.0,693.72
ORD-2025-00878,2025-03-27,2025-04-01,Standard Class,Customer 120,Corporate,United States,Oregon,West,Furniture,Bookcases,1,190.03,0.0,190.03,27.54
ORD-2025-00062,2025-03-27,2025-03-31,Second Class,Customer 023,Consumer,United States,Virginia,East,Furniture,Tables,2,596.06,0.2,953.7,-92.01
ORD-2025-02172,2025-03-27,2025-03-31,Standard Class,Customer 122,Corporate,United States,Texas,Central,Furniture,Tables,7,816.81,0.4,3430.6,-904.06
ORD-2025-02403,2025-03-28,2025-03-31,Second Class,Customer 161,Consumer,United States,Texas,Central,Furniture,Furnishings,6,80.73,0.1,435.94,38.88
ORD-2025-02125,2025-03-28,2025-03-31,First Class,Customer 153,Corporate,United States,New York,East,Office Supplies,Binders,2,57.37,0.3,80.32,-1.58
ORD-2025-00512,2025-03-28,2025-04-02,Standard Class,Customer 215,Consumer,United States,North Carolina,South,Office Supplies,Art,3,5.1,0.2,12.24,-0.56
ORD-2025-00378,2025-03-29,2025-04-01,First Class,Customer 173,Consumer,United States,North Carolina,South,Furniture,Furnishings,5,98.29,0.0,491.45,-26.88
ORD-2025-01899,2025-03-29,2025-03-30,First Class,Customer 024,Consumer,United States,North Carolina,South,Technology,Phones,5,523.26,0.2,2093.04,-42.61
ORD-2025-02043,2025-03-29,2025-04-02,Standard Class,Customer 086,Consumer,United States,Illinois,Central,Office Supplies,Appliances,8,107.23,0.3,600.49,-40.6
ORD-2025-00391,2025-03-29,2025-04-05,Standard Class,Customer 023,Consumer,United States,Texas,Central,Technology,Phones,1,661.72,0.2,529.38,14.44
ORD-2025-02325,2025-03-29,2025-04-04,Standard Class,Customer 014,Consumer,United States,Illinois,Central,Furniture,Tables,2,727.82,0.0,1455.64,34.74
ORD-2025-02294,2025-03-31,2025-04-03,Second Class,Customer 125,Corporate,United States,Illinois,Central,Furniture,Furnishings,9,14.07,0.0,126.63,11.3
ORD-2025-00360,2025-03-31,2025-04-04,Standard Class,Customer 108,Consumer,United States,Oregon,West,Technology,Accessories,9,84.71,0.1,686.15,96.44
ORD-2025-00463,2025-03-31,2025-04-02,Second Class,Customer 280,Corporate,United States,Georgia,South,Furniture,Furnishings,1,26.25,0.0,26.25,2.23
ORD-2025-01234,2025-04-01,2025-04-07,Standard Class,Customer 057,Consumer,United States,Texas,Central,Furniture,Tables,3,303.17,0.4,545.71,-186.97
ORD-2025-00895,2025-04-01,2025-04-08,Standard Class,Customer 029,Corporate,United States,Virginia,East,Furniture,Chairs,7,311.4,0.0,2179.8,91.54
ORD-2025-02044,2025-04-01,2025-04-08,Standard Class,Customer 040,Consumer,United States,Florida,South,Technology,Copiers,3,2208.33,0.0,6624.99,1123.87
ORD-2025-02352,2025-04-02,2025-04-06,Standard Class,Customer 243,Consumer,United States,Oregon,West,Office Supplies,Appliances,7,265.54,0.2,1487.02,76.71
ORD-2025-01984,2025-04-02,2025-04-06,Second Class,Customer 108,Consumer,United States,Virginia,East,Office Supplies,Appliances,1,123.8,0.3,86.66,-0.72
ORD-2025-02049,2025-04-03,2025-04-09,Standard Class,Customer 288,Corporate,United States,Illinois,Central,Technology,Machines,9,932.41,0.0,8391.69,1030.88
ORD-2025-01667,2025-04-03,2025-04-06,First Class,Customer 142,Corporate,United States,Virginia,East,Furniture,Bookcases,6,332.84,0.2,1597.63,-65.14
ORD-2025-02099,2025-04-03,2025-04-06,First Class,Customer 144,Corporate,United States,New York,East,Office Supplies,Paper,6,46.24,0.4,166.46,-24.99
ORD-2025-02362,2025-04-03,2025-04-10,Standard Class,Customer 189,Home Office,United States,Michigan,Central,Technology,Machines,5,1944.49,0.2,7777.96,244.61
ORD-2025-01378,2025-04-04,2025-04-11,Standard Class,Customer 148,Consumer,United States,California,West,Furniture,Tables,3,803.27,0.4,1445.89,-560.15
ORD-2025-02348,2025-04-04,2025-04-08,Second Class,Customer 126,Home Office,United States,North Carolina,South,Furniture,Tables,9,732.71,0.3,4616.07,-882.75
ORD-2025-00493,2025-04-05,2025-04-11,Standard Class,Customer 225,Consumer,United States,California,West,Office Supplies,Binders,1,62.7,0.4,37.62,-4.8
ORD-2025-01065,2025-04-05,2025-04-09,Standard Class,Customer 182,Corporate,United States,Pennsylvania,East,Office Supplies,Appliances,4,289.99,0.0,1159.96,272.58
ORD-2025-01790,2025-04-05,2025-04-07,First Class,Customer 254,Corporate,United States,Washington,West,Furniture,Tables,6,391.36,0.1,2113.34,-53.34
ORD-2025-01995,2025-04-06,2025-04-12,Standard Class,Customer 159,Corporate,United States,Washington,West,Technology,Machines,1,2132.44,0.2,1705.95,78.09
ORD-2025-02429,2025-04-07,2025-04-13,Standard Class,Customer 191,Consumer,United States,Texas,Central,Technology,Phones,6,471.46,0.0,2828.76,494.18
ORD-2025-01098,2025-04-07,2025-04-11,Standard Class,Customer 208,Consumer,United States,Texas,Central,Office Supplies,Labels,7,3.56,0.0,24.92,4.81
ORD-2025-01073,2025-04-09,2025-04-12,Second Class,Customer 089,Consumer,United States,Georgia,South,Office Supplies,Art,1,32.9,0.0,32.9,5.94
ORD-2025-00042,2025-04-10,2025-04-15,Standard Class,Customer 112,Consumer,United States,Florida,South,Technology,Phones,9,250.56,0.1,2029.54,279.08
ORD-2025-02422,2025-04-10,2025-04-13,Second Class,Customer 047,Corporate,United States,Texas,Central,Office Supplies,Storage,9,39.28,0.3,247.46,2.52
ORD-2025-00247,2025-04-10,2025-04-15,Standard Class,Customer 166,Consumer,United States,Illinois,Central,Office Supplies,Binders,8,28.28,0.4,135.74,-24.4
ORD-2025-00234,2025-04-11,2025-04-17,Standard Class,Customer 145,Corporate,United States,Washington,West,Technology,Phones,9,175.2,0.0,1576.8,391.13
ORD-2025-01674,2025-04-11,2025-04-13,Second Class,Customer 130,Home Office,United States,California,West,Office Supplies,Paper,6,34.42,0.2,165.22,14.02
ORD-2025-01868,2025-04-12,2025-04-15,Second Class,Customer 116,Corporate,United States,Washington,West,Technology,Accessories,5,67.17,0.0,335.85,43.46
ORD-2025-01301,2025-04-12,2025-04-17,Standard Class,Customer 183,Consumer,United States,Texas,Central,Technology,Phones,8,137.02,0.2,876.93,-7.79
ORD-2025-02365,2025-04-12,2025-04-15,First Class,Customer 246,Consumer,United States,New York,East,Office Supplies,Storage,3,166.81,0.0,500.43,84.43
ORD-2025-00051,2025-04-12,2025-04-12,Same Day,Customer 124,Home Office,United States,Illinois,Central,Technology,Copiers,4,3452.56,0.0,13810.24,2691.16
ORD-2025-00014,2025-04-14,2025-04-18,Standard Class,Customer 293,Consumer,United States,Michigan,Central,Office Supplies,Paper,5,15.37,0.0,76.85,12.78
ORD-2025-01204,2025-04-14,2025-04-19,Standard Class,Customer 183,Corporate,United States,Georgia,South,Office Supplies,Paper,5,52.61,0.2,210.44,12.91
ORD-2025-02176,2025-04-15,2025-04-17,Second Class,Customer 143,Consumer,United States,Michigan,Central,Technology,Phones,3,538.91,0.0,1616.73,358.57
ORD-2025-00742,2025-04-15,2025-04-17,Second Class,Customer 109,Corporate,United States,California,West,Furniture,Tables,2,358.42,0.0,716.84,79.65
ORD-2025-01275,2025-04-15,2025-04-22,Standard Class,Customer 024,Home Office,United States,California,West,Office Supplies,Storage,8,147.29,0.4,706.99,-90.99
ORD-2025-01671,2025-04-16,2025-04-20,Standard Class,Customer 101,Corporate,United States,Michigan,Central,Office Supplies,Appliances,4,386.62,0.0,1546.48,148.76
ORD-2025-02281,2025-04-16,2025-04-23,Standard Class,Customer 059,Consumer,United States,New York,East,Office Supplies,Binders,2,79.28,0.0,158.56,26.22
ORD-2025-01134,2025-04-16,2025-04-20,Standard Class,Customer 017,Consumer,United States,Illinois,Central,Technology,Accessories,3,124.22,0.3,260.86,-14.26
ORD-2025-00714,2025-04-17,2025-04-20,Second Class,Customer 111,Consumer,United States,Illinois,Central,Office Supplies,Storage,8,172.39,0.0,1379.12,268.0
ORD-2025-00207,2025-04-17,2025-04-20,Second Class,Customer 136,Corporate,United States,Texas,Central,Technology,Machines,1,629.39,0.4,377.63,-57.79
ORD-2025-00489,2025-04-18,2025-04-19,First Class,Customer 040,Corporate,United States,Florida,South,Furniture,Chairs,2,319.94,0.0,639.88,72.9
ORD-2025-00128,2025-04-18,2025-04-23,Standard Class,Customer 179,Corporate,United States,New York,East,Office Supplies,Paper,2,37.74,0.4,45.29,-6.74
ORD-2025-02174,2025-04-18,2025-04-23,Standard Class,Customer 035,Consumer,United States,Texas,Central,Furniture,Tables,4,150.91,0.0,603.64,57.86
ORD-2025-01822,2025-04-18,2025-04-19,First Class,Customer 135,Consumer,United States,Georgia,South,Technology,Machines,2,1370.22,0.4,1644.26,-284.55
ORD-2025-02107,2025-04-19,2025-04-24,Standard Class,Customer 280,Corporate,United States,Michigan,Central,Furniture,Chairs,6,134.21,0.0,805.26,134.3
ORD-2025-00657,2025-04-19,2025-04-23,Standard Class,Customer 035,Home Office,United States,Washington,West,Office Supplies,Paper,3,32.71,0.1,88.32,16.26
ORD-2025-00423,2025-04-19,2025-04-26,Standard Class,Customer 044,Home Office,United States,Texas,Central,Furniture,Tables,9,548.71,0.2,3950.71,-256.86
ORD-2025-00089,2025-04-21,2025-04-27,Standard Class,Customer 101,Home Office,United States,Pennsylvania,East,Office Supplies,Art,9,37.45,0.4,202.23,-32.88
ORD-2025-00320,2025-04-22,2025-04-26,Standard Class,Customer 153,Consumer,United States,Georgia,South,Technology,Accessories,5,121.78,0.4,365.34,-18.29
ORD-2025-01148,2025-04-22,2025-04-24,Second Class,Customer 255,Consumer,United States,Pennsylvania,East,Technology,Machines,9,1158.48,0.0,10426.32,2128.11
ORD-2025-02121,2025-04-22,2025-04-25,First Class,Customer 281,Home Office,United States,Florida,South,Furniture,Tables,6,478.18,0.2,2295.26,-115.76
ORD-2025-01775,2025-04-22,2025-04-26,Standard Class,Customer 187,Consumer,United States,New York,East,Technology,Phones,8,649.75,0.1,4678.2,992.56
ORD-2025-00911,2025-04-24,2025-04-28,Standard Class,Customer 048,Home Office,United States,Virginia,East,Office Supplies,Binders,7,18.42,0.2,103.15,8.13
ORD-2025-00645,2025-04-24,2025-04-26,First Class,Customer 285,Consumer,United States,Pennsylvania,East,Office Supplies,Binders,1,5.93,0.0,5.93,1.0
ORD-2025-01061,2025-04-24,2025-04-30,Standard Class,Customer 224,Corporate,United States,Oregon,West,Office Supplies,Appliances,4,170.83,0.2,546.66,6.29
ORD-2025-00173,2025-04-25,2025-05-01,Standard Class,Customer 074,Consumer,United States,Texas,Central,Office Supplies,Labels,4,19.95,0.4,47.88,-3.37
ORD-2025-01825,2025-04-26,2025-04-26,Same Day,Customer 293,Consumer,United States,Virginia,East,Technology,Accessories,2,86.22,0.0,172.44,41.04
ORD-2025-01870,2025-04-26,2025-04-30,Standard Class,Customer 111,Corporate,United States,California,West,Office Supplies,Appliances,9,279.95,0.0,2519.55,730.55
ORD-2025-01691,2025-04-26,2025-04-26,Same Day,Customer 253,Consumer,United States,Virginia,East,Technology,Machines,4,451.9,0.0,1807.6,457.56
ORD-2025-01058,2025-04-26,2025-04-30,Standard Class,Customer 053,Home Office,United States,Michigan,Central,Office Supplies,Binders,9,23.74,0.4,128.2,-8.79
ORD-2025-00864,2025-04-26,2025-05-03,Standard Class,Customer 014,Consumer,United States,Michigan,Central,Office Supplies,Storage,3,179.19,0.1,483.81,35.42
ORD-2025-00370,2025-04-26,2025-04-26,Same Day,Customer 231,Consumer,United States,North Carolina,South,Technology,Accessories,7,20.55,0.2,115.08,3.78
ORD-2025-01278,2025-04-27,2025-05-01,Standard Class,Customer 009,Consumer,United States,Illinois,Central,Office Supplies,Paper,6,10.91,0.0,65.46,13.82
ORD-2025-01558,2025-04-27,2025-05-04,Standard Class,Customer 024,Home Office,United States,Texas,Central,Technology,Phones,1,674.55,0.1,607.1,77.59
ORD-2025-02447,2025-04-27,2025-05-02,Standard Class,Customer 118,Home Office,United States,California,West,Furniture,Bookcases,1,163.04,0.1,146.74,-1.3
ORD-2025-02320,2025-04-28,2025-05-03,Standard Class,Customer 042,Consumer,United States,Florida,South,Furniture,Furnishings,1,77.36,0.4,46.42,-14.14
ORD-2025-00734,2025-04-28,2025-05-05,Standard Class,Customer 209,Consumer,United States,New York,East,Technology,Phones,1,489.97,0.3,342.98,-46.0
ORD-2025-00002,2025-04-28,2025-05-05,Standard Class,Customer 052,Home Office,United States,Virginia,East,Furniture,Furnishings,2,14.86,0.0,29.72,3.46
ORD-2025-02212,2025-04-28,2025-05-01,Second Class,Customer 280,Corporate,United States,California,West,Technology,Copiers,9,2329.75,0.2,16774.2,-97.03
ORD-2025-01339,2025-04-29,2025-04-29,Same Day,Customer 178,Home Office,United States,Oregon,West,Office Supplies,Labels,1,3.9,0.0,3.9,0.9
ORD-2025-01611,2025-04-30,2025-05-01,First Class,Customer 297,Corporate,United States,Pennsylvania,East,Office Supplies,Appliances,9,26.06,0.2,187.63,16.93
ORD-2025-01914,2025-05-01,2025-05-08,Standard Class,Customer 214,Home Office,United States,Texas,Central,Technology,Copiers,5,2220.37,0.1,9991.66,1671.27
ORD-2025-01242,2025-05-01,2025-05-06,Standard Class,Customer 182,Corporate,United States,Washington,West,Technology,Copiers,5,2426.92,0.1,10921.14,187.47
ORD-2025-00836,2025-05-01,2025-05-05,Standard Class,Customer 198,Consumer,United States,Virginia,East,Furniture,Tables,6,242.54,0.4,873.14,-243.09
ORD-2025-00402,2025-05-02,2025-05-05,Second Class,Customer 156,Corporate,United States,Texas,Central,Office Supplies,Binders,9,38.19,0.2,274.97,17.95
ORD-2025-00815,2025-05-02,2025-05-05,Second Class,Customer 129,Consumer,United States,Virginia,East,Office Supplies,Paper,4,52.93,0.1,190.55,37.42
ORD-2025-01469,2025-05-02,2025-05-06,Second Class,Customer 074,Consumer,United States,Florida,South,Technology,Copiers,5,2615.05,0.4,7845.15,-1205.99
ORD-2025-02096,2025-05-02,2025-05-07,Standard Class,Customer 112,Consumer,United States,Oregon,West,Technology,Copiers,2,2681.78,0.3,3754.49,-17.49
ORD-2025-02449,2025-05-02,2025-05-06,Standard Class,Customer 217,Consumer,United States,Michigan,Central,Technology,Copiers,5,672.51,0.3,2353.78,-102.89
ORD-2025-00602,2025-05-03,2025-05-07,Standard Class,Customer 199,Home Office,United States,North Carolina,South,Office Supplies,Storage,1,141.36,0.0,141.36,26.52
ORD-2025-00050,2025-05-03,2025-05-08,Standard Class,Customer 289,Corporate,United States,Pennsylvania,East,Technology,Copiers,7,1240.18,0.3,6076.88,-542.55
ORD-2025-00210,2025-05-03,2025-05-07,Standard Class,Customer 052,Home Office,United States,Oregon,West,Furniture,Tables,6,713.6,0.3,2997.12,-543.9
ORD-2025-01731,2025-05-03,2025-05-05,First Class,Customer 033,Home Office,United States,Oregon,West,Furniture,Bookcases,5,286.26,0.0,1431.3,40.14
ORD-2025-00598,2025-05-04,2025-05-10,Standard Class,Customer 189,Consumer,United States,Michigan,Central,Technology,Machines,1,2025.93,0.0,2025.93,421.77
ORD-2025-01313,2025-05-04,2025-05-06,First Class,Customer 208,Consumer,United States,North Carolina,South,Furniture,Chairs,5,380.65,0.0,1903.25,159.4
ORD-2025-01441,2025-05-04,2025-05-10,Standard Class,Customer 072,Consumer,United States,New York,East,Office Supplies,Appliances,4,244.55,0.2,782.56,25.16
ORD-2025-00766,2025-05-05,2025-05-05,Same Day,Customer 065,Consumer,United States,Washington,West,Office Supplies,Art,7,22.74,0.2,127.34,3.83
ORD-2025-01498,2025-05-05,2025-05-12,Standard Class,Customer 010,Consumer,United States,Michigan,Central,Furniture,Chairs,6,220.35,0.4,793.26,-270.25
ORD-2025-00107,2025-05-05,2025-05-11,Standard Class,Customer 137,Home Office,United States,New York,East,Furniture,Chairs,4,318.56,0.3,891.97,-202.65
ORD-2025-00112,2025-05-05,2025-05-05,Same Day,Customer 273,Corporate,United States,Pennsylvania,East,Furniture,Chairs,9,294.92,0.3,1858.0,-344.58
ORD-2025-00025,2025-05-06,2025-05-13,Standard Class,Customer 150,Consumer,United States,Michigan,Central,Furniture,Chairs,7,160.6,0.3,786.94,-120.19
ORD-2025-00806,2025-05-06,2025-05-12,Standard Class,Customer 049,Corporate,United States,Illinois,Central,Furniture,Chairs,8,292.68,0.1,2107.3,-157.44
ORD-2025-00278,2025-05-07,2025-05-10,Second Class,Customer 104,Consumer,United States,Georgia,South,Technology,Accessories,8,38.04,0.0,304.32,58.29
ORD-2025-01212,2025-05-07,2025-05-07,Same Day,Customer 132,Home Office,United States,Pennsylvania,East,Furniture,Tables,7,524.51,0.3,2570.1,-533.55
ORD-2025-00690,2025-05-07,2025-05-10,First Class,Customer 139,Consumer,United States,New York,East,Technology,Phones,9,227.76,0.3,1434.89,10.03
ORD-2025-01726,2025-05-08,2025-05-11,First Class,Customer 272,Corporate,United States,Illinois,Central,Furniture,Furnishings,1,103.05,0.1,92.75,4.23
ORD-2025-00160,2025-05-09,2025-05-15,Standard Class,Customer 077,Consumer,United States,North Carolina,South,Office Supplies,Appliances,1,82.56,0.2,66.05,2.13
ORD-2025-00918,2025-05-09,2025-05-16,Standard Class,Customer 153,Consumer,United States,Georgia,South,Technology,Phones,8,831.39,0.2,5320.9,71.96
ORD-2025-01416,2025-05-09,2025-05-15,Standard Class,Customer 111,Home Office,United States,Illinois,Central,Furniture,Chairs,7,406.43,0.4,1707.01,-438.81
ORD-2025-00613,2025-05-09,2025-05-13,Standard Class,Customer 217,Consumer,United States,Georgia,South,Technology,Accessories,1,146.8,0.1,132.12,14.15
ORD-2025-00476,2025-05-10,2025-05-14,Standard Class,Customer 165,Corporate,United States,Pennsylvania,East,Office Supplies,Appliances,5,307.06,0.0,1535.3,426.49
ORD-2025-00955,2025-05-10,2025-05-14,Standard Class,Customer 046,Consumer,United States,Washington,West,Technology,Phones,5,166.73,0.0,833.65,197.24
ORD-2025-00725,2025-05-11,2025-05-15,Second Class,Customer 163,Consumer,United States,North Carolina,South,Furniture,Chairs,9,282.16,0.0,2539.44,201.41
ORD-2025-00016,2025-05-11,2025-05-14,First Class,Customer 036,Consumer,United States,New York,East,Office Supplies,Paper,5,43.82,0.0,219.1,47.01
ORD-2025-00106,2025-05-12,2025-05-17,Standard Class,Customer 269,Consumer,United States,Washington,West,Furniture,Furnishings,5,17.43,0.1,78.44,-1.03
ORD-2025-00249,2025-05-12,2025-05-19,Standard Class,Customer 257,Corporate,United States,Illinois,Central,Furniture,Tables,3,647.59,0.3,1359.94,-224.84
ORD-2025-01430,2025-05-13,2025-05-17,Second Class,Customer 171,Home Office,United States,California,West,Office Supplies,Appliances,8,119.17,0.3,667.35,-35.9
ORD-2025-00990,2025-05-13,2025-05-17,Standard Class,Customer 207,Consumer,United States,North Carolina,South,Technology,Copiers,4,940.06,0.1,3384.22,505.37
ORD-2025-02009,2025-05-13,2025-05-13,Same Day,Customer 205,Consumer,United States,Pennsylvania,East,Furniture,Bookcases,8,321.25,0.4,1542.0,-436.14
ORD-2025-02284,2025-05-13,2025-05-15,First Class,Customer 043,Consumer,United States,New York,East,Furniture,Furnishings,6,12.69,0.0,76.14,-1.1
ORD-2025-00213,2025-05-14,2025-05-18,Standard Class,Customer 023,Corporate,United States,Oregon,West,Furniture,Furnishings,1,25.68,0.3,17.98,-2.3
ORD-2025-02236,2025-05-16,2025-05-21,Standard Class,Customer 297,Corporate,United States,Virginia,East,Furniture,Tables,8,820.37,0.2,5250.37,-640.81
ORD-2025-01461,2025-05-16,2025-05-19,First Class,Customer 133,Consumer,United States,Illinois,Central,Office Supplies,Storage,2,53.59,0.4,64.31,-12.05
ORD-2025-01414,2025-05-18,2025-05-23,Standard Class,Customer 174,Corporate,United States,Georgia,South,Technology,Accessories,7,63.39,0.0,443.73,97.6
ORD-2025-00639,2025-05-18,2025-05-18,Same Day,Customer 216,Consumer,United States,Texas,Central,Technology,Copiers,3,661.54,0.0,1984.62,431.41
ORD-2025-00559,2025-05-18,2025-05-21,First Class,Customer 298,Consumer,United States,Michigan,Central,Technology,Machines,3,2427.68,0.0,7283.04,1406.91
ORD-2025-00261,2025-05-19,2025-05-24,Standard Class,Customer 151,Consumer,United States,Washington,West,Office Supplies,Paper,5,7.44,0.4,22.32,-2.73
ORD-2025-01254,2025-05-19,2025-05-24,Standard Class,Customer 123,Consumer,United States,Georgia,South,Office Supplies,Paper,4,26.48,0.1,95.33,12.51
ORD-2025-01986,2025-05-19,2025-05-22,Second Class,Customer 253,Consumer,United States,Florida,South,Furniture,Chairs,3,294.04,0.3,617.48,-104.69
ORD-2025-01617,2025-05-20,2025-05-26,Standard Class,Customer 102,Home Office,United States,Virginia,East,Office Supplies,Storage,5,128.88,0.1,579.96,73.76
ORD-2025-01980,2025-05-20,2025-05-24,Standard Class,Customer 192,Consumer,United States,California,West,Technology,Phones,8,622.44,0.1,4481.57,203.41
ORD-2025-01133,2025-05-20,2025-05-26,Standard Class,Customer 221,Consumer,United States,Georgia,South,Furniture,Furnishings,1,10.58,0.1,9.52,-0.29
ORD-2025-00135,2025-05-21,2025-05-23,Second Class,Customer 178,Consumer,United States,North Carolina,South,Furniture,Tables,1,198.93,0.0,198.93,12.39
ORD-2025-00745,2025-05-21,2025-05-27,Standard Class,Customer 027,Consumer,United States,Oregon,West,Furniture,Chairs,9,364.09,0.2,2621.45,-293.82
ORD-2025-00692,2025-05-21,2025-05-25,Standard Class,Customer 300,Corporate,United States,New York,East,Office Supplies,Binders,4,64.28,0.0,257.12,55.99
ORD-2025-02257,2025-05-22,2025-05-25,First Class,Customer 144,Consumer,United States,Pennsylvania,East,Furniture,Furnishings,6,49.39,0.1,266.71,-7.97
ORD-2025-01684,2025-05-22,2025-05-25,Second Class,Customer 276,Consumer,United States,New York,East,Furniture,Furnishings,4,35.0,0.3,98.0,-21.37
ORD-2025-00071,2025-05-22,2025-05-28,Standard Class,Customer 057,Home Office,United States,Georgia,South,Furniture,Tables,4,616.6,0.0,2466.4,379.61
ORD-2025-00105,2025-05-23,2025-05-28,Standard Class,Customer 018,Corporate,United States,Florida,South,Furniture,Furnishings,3,74.26,0.0,222.78,14.12
ORD-2025-00484,2025-05-23,2025-05-25,Second Class,Customer 196,Corporate,United States,Texas,Central,Furniture,Bookcases,5,241.45,0.1,1086.53,23.65
ORD-2025-01736,2025-05-24,2025-05-31,Standard Class,Customer 136,Corporate,United States,New York,East,Office Supplies,Paper,6,34.23,0.4,123.23,-17.85
ORD-2025-02005,2025-05-24,2025-05-29,Standard Class,Customer 282,Home Office,United States,Virginia,East,Furniture,Tables,2,622.71,0.3,871.79,-175.44
ORD-2025-02206,2025-05-24,2025-05-26,Second Class,Customer 155,Home Office,United States,Georgia,South,Technology,Accessories,3,122.0,0.0,366.0,43.61
ORD-2025-01578,2025-05-25,2025-06-01,Standard Class,Customer 034,Consumer,United States,Pennsylvania,East,Office Supplies,Storage,6,136.26,0.4,490.54,-74.53
ORD-2025-00716,2025-05-25,2025-05-29,Standard Class,Customer 139,Consumer,United States,Washington,West,Technology,Phones,9,513.16,0.1,4156.6,429.56
ORD-2025-01012,2025-05-26,2025-06-01,Standard Class,Customer 074,Corporate,United States,Texas,Central,Technology,Copiers,1,1805.21,0.1,1624.69,290.86
ORD-2025-00686,2025-05-27,2025-06-03,Standard Class,Customer 108,Consumer,United States,Florida,South,Technology,Copiers,7,2443.67,0.3,11973.98,-898.78
ORD-2025-00591,2025-05-27,2025-05-27,Same Day,Customer 181,Corporate,United States,Virginia,East,Office Supplies,Storage,2,130.58,0.1,235.04,31.41
ORD-2025-00860,2025-05-27,2025-05-31,Standard Class,Customer 009,Consumer,United States,Michigan,Central,Furniture,Furnishings,1,61.05,0.4,36.63,-10.9
ORD-2025-01284,2025-05-27,2025-05-29,First Class,Customer 223,Consumer,United States,North Carolina,South,Technology,Accessories,6,19.1,0.2,91.68,3.93
ORD-2025-02296,2025-05-28,2025-06-02,Standard Class,Customer 073,Home Office,United States,Illinois,Central,Technology,Phones,8,171.93,0.1,1237.9,196.82
ORD-2025-00852,2025-05-28,2025-06-04,Standard Class,Customer 085,Consumer,United States,Georgia,South,Technology,Accessories,3,75.77,0.3,159.12,0.03
ORD-2025-02497,2025-05-28,2025-06-03,Standard Class,Customer 044,Corporate,United States,Florida,South,Office Supplies,Appliances,3,92.8,0.0,278.4,31.08
ORD-2025-01087,2025-05-28,2025-06-03,Standard Class,Customer 041,Consumer,United States,Illinois,Central,Furniture,Chairs,6,328.82,0.3,1381.04,-256.19
ORD-2025-01199,2025-05-29,2025-05-31,First Class,Customer 153,Consumer,United States,Washington,West,Furniture,Bookcases,9,198.49,0.4,1071.85,-345.46
ORD-2025-00596,2025-05-29,2025-06-02,Standard Class,Customer 193,Corporate,United States,Washington,West,Furniture,Chairs,4,415.74,0.0,1662.96,131.23
ORD-2025-01260,2025-05-29,2025-05-30,First Class,Customer 255,Corporate,United States,Illinois,Central,Furniture,Furnishings,1,27.28,0.0,27.28,2.2
ORD-2025-00551,2025-05-30,2025-06-04,Standard Class,Customer 065,Corporate,United States,New York,East,Technology,Phones,6,207.43,0.1,1120.12,163.5
ORD-2025-00472,2025-05-31,2025-06-04,Second Class,Customer 109,Consumer,United States,Texas,Central,Furniture,Bookcases,8,148.82,0.0,1190.56,99.76
ORD-2025-00428,2025-05-31,2025-06-07,Standard Class,Customer 153,Home Office,United States,Washington,West,Technology,Accessories,8,13.19,0.2,84.42,9.71
ORD-2025-00654,2025-05-31,2025-06-04,Second Class,Customer 181,Corporate,United States,Washington,West,Furniture,Furnishings,8,20.44,0.3,114.46,-8.03
ORD-2025-02093,2025-06-01,2025-06-05,Second Class,Customer 077,Corporate,United States,Pennsylvania,East,Furniture,Bookcases,4,233.17,0.0,932.68,2.46
ORD-2025-00103,2025-06-01,2025-06-08,Standard Class,Customer 170,Consumer,United States,Pennsylvania,East,Technology,Accessories,1,80.35,0.0,80.35,16.34
ORD-2025-01749,2025-06-01,2025-06-03,Second Class,Customer 005,Home Office,United States,New York,East,Technology,Machines,3,1023.87,0.2,2457.29,29.28
ORD-2025-00092,2025-06-01,2025-06-06,Standard Class,Customer 293,Consumer,United States,Virginia,East,Technology,Machines,2,2176.92,0.1,3918.46,541.76
ORD-2025-01334,2025-06-03,2025-06-08,Standard Class,Customer 094,Consumer,United States,North Carolina,South,Technology,Phones,8,588.32,0.4,2823.94,-393.3
ORD-2025-01001,2025-06-04,2025-06-07,Second Class,Customer 057,Consumer,United States,Oregon,West,Furniture,Chairs,6,407.8,0.0,2446.8,104.25
ORD-2025-00837,2025-06-04,2025-06-09,Standard Class,Customer 144,Corporate,United States,Michigan,Central,Technology,Copiers,3,3156.11,0.3,6627.83,-265.23
ORD-2025-00291,2025-06-04,2025-06-11,Standard Class,Customer 034,Consumer,United States,Illinois,Central,Office Supplies,Binders,1,47.29,0.0,47.29,5.94
ORD-2025-00336,2025-06-04,2025-06-11,Standard Class,Customer 087,Corporate,United States,Florida,South,Office Supplies,Storage,7,164.28,0.4,689.98,-114.22
ORD-2025-00227,2025-06-05,2025-06-11,Standard Class,Customer 147,Home Office,United States,Michigan,Central,Furniture,Chairs,2,99.68,0.1,179.42,2.39
ORD-2025-02161,2025-06-05,2025-06-12,Standard Class,Customer 300,Consumer,United States,New York,East,Office Supplies,Labels,4,9.75,0.1,35.1,7.69
ORD-2025-01219,2025-06-05,2025-06-05,Same Day,Customer 203,Consumer,United States,Texas,Central,Technology,Phones,8,832.19,0.4,3994.51,-676.95
ORD-2025-02159,2025-06-10,2025-06-13,Second Class,Customer 111,Home Office,United States,Pennsylvania,East,Office Supplies,Binders,1,39.86,0.0,39.86,9.69
ORD-2025-01574,2025-06-10,2025-06-17,Standard Class,Customer 211,Consumer,United States,Georgia,South,Furniture,Chairs,1,213.97,0.1,192.57,-10.66
ORD-2025-00885,2025-06-10,2025-06-10,Same Day,Customer 235,Consumer,United States,North Carolina,South,Technology,Accessories,1,56.71,0.2,45.37,0.07
ORD-2025-01426,2025-06-11,2025-06-13,Second Class,Customer 116,Corporate,United States,California,West,Office Supplies,Binders,6,72.97,0.4,262.69,-21.58
ORD-2025-00166,2025-06-11,2025-06-16,Standard Class,Customer 053,Corporate,United States,Washington,West,Office Supplies,Storage,1,48.58,0.1,43.72,9.11
ORD-2025-01843,2025-06-13,2025-06-19,Standard Class,Customer 031,Consumer,United States,Michigan,Central,Furniture,Bookcases,5,264.94,0.3,927.29,-185.2
ORD-2025-02196,2025-06-13,2025-06-15,Second Class,Customer 280,Consumer,United States,Florida,South,Furniture,Tables,5,164.13,0.0,820.65,147.9
ORD-2025-00514,2025-06-13,2025-06-13,Same Day,Customer 013,Consumer,United States,Virginia,East,Furniture,Tables,2,339.19,0.0,678.38,71.93
ORD-2025-01535,2025-06-13,2025-06-18,Standard Class,Customer 192,Consumer,United States,California,West,Office Supplies,Binders,8,67.15,0.0,537.2,111.36
ORD-2025-01965,2025-06-14,2025-06-20,Standard Class,Customer 261,Consumer,United States,Washington,West,Technology,Accessories,5,30.29,0.0,151.45,15.67
ORD-2025-00741,2025-06-14,2025-06-18,Standard Class,Customer 022,Consumer,United States,Oregon,West,Furniture,Bookcases,7,129.95,0.1,818.68,-9.24
ORD-2025-01964,2025-06-15,2025-06-18,Second Class,Customer 159,Consumer,United States,Oregon,West,Furniture,Bookcases,6,287.67,0.0,1726.02,-0.37
ORD-2025-02338,2025-06-16,2025-06-22,Standard Class,Customer 132,Consumer,United States,Pennsylvania,East,Office Supplies,Art,1,23.43,0.1,21.09,2.32
ORD-2025-00867,2025-06-17,2025-06-22,Standard Class,Customer 108,Corporate,United States,Oregon,West,Office Supplies,Appliances,5,346.38,0.4,1039.14,-207.28
ORD-2025-00849,2025-06-17,2025-06-20,Second Class,Customer 285,Consumer,United States,Virginia,East,Office Supplies,Binders,8,28.96,0.0,231.68,47.52
ORD-2025-01231,2025-06-19,2025-06-24,Standard Class,Customer 277,Consumer,United States,Illinois,Central,Technology,Copiers,6,805.24,0.4,2898.86,-328.71
ORD-2025-01025,2025-06-19,2025-06-25,Standard Class,Customer 286,Consumer,United States,Washington,West,Technology,Machines,3,495.88,0.0,1487.64,122.94
ORD-2025-02288,2025-06-19,2025-06-21,First Class,Customer 139,Home Office,United States,Florida,South,Technology,Accessories,8,113.57,0.3,635.99,-84.66
ORD-2025-00149,2025-06-19,2025-06-23,Standard Class,Customer 121,Corporate,United States,Georgia,South,Office Supplies,Paper,4,15.7,0.0,62.8,12.65
ORD-2025-00028,2025-06-20,2025-06-25,Standard Class,Customer 202,Home Office,United States,Georgia,South,Technology,Copiers,5,1784.51,0.2,7138.04,963.49
ORD-2025-01264,2025-06-20,2025-06-25,Standard Class,Customer 269,Consumer,United States,Texas,Central,Technology,Machines,6,1326.38,0.1,7162.45,690.39
ORD-2025-02326,2025-06-21,2025-06-22,First Class,Customer 121,Home Office,United States,New York,East,Furniture,Chairs,1,181.87,0.0,181.87,22.55
ORD-2025-02372,2025-06-21,2025-06-27,Standard Class,Customer 229,Consumer,United States,North Carolina,South,Furniture,Furnishings,1,103.39,0.0,103.39,5.2
ORD-2025-02334,2025-06-21,2025-06-27,Standard Class,Customer 144,Corporate,United States,Michigan,Central,Technology,Copiers,9,3126.6,0.0,28139.4,4775.7
ORD-2025-01587,2025-06-21,2025-06-25,Standard Class,Customer 289,Consumer,United States,Michigan,Central,Office Supplies,Art,9,27.44,0.2,197.57,5.67
ORD-2025-00524,2025-06-22,2025-06-22,Same Day,Customer 067,Corporate,United States,Illinois,Central,Office Supplies,Art,3,32.77,0.0,98.31,17.64
ORD-2025-00794,2025-06-23,2025-06-27,Second Class,Customer 205,Corporate,United States,New York,East,Technology,Machines,7,2118.89,0.4,8899.34,-854.48
ORD-2025-01923,2025-06-23,2025-06-27,Standard Class,Customer 095,Consumer,United States,New York,East,Office Supplies,Binders,9,28.28,0.1,229.07,3.51
ORD-2025-00605,2025-06-24,2025-06-29,Standard Class,Customer 160,Corporate,United States,Pennsylvania,East,Technology,Phones,5,590.86,0.4,1772.58,-158.54
ORD-2025-01603,2025-06-24,2025-06-27,First Class,Customer 031,Corporate,United States,Florida,South,Office Supplies,Art,4,8.19,0.4,19.66,-2.2
ORD-2025-00302,2025-06-24,2025-06-24,Same Day,Customer 157,Consumer,United States,California,West,Office Supplies,Paper,6,32.39,0.0,194.34,31.84
ORD-2025-00433,2025-06-24,2025-07-01,Standard Class,Customer 066,Consumer,United States,Washington,West,Furniture,Furnishings,6,63.17,0.4,227.41,-65.61
ORD-2025-02424,2025-06-24,2025-06-25,First Class,Customer 109,Consumer,United States,Virginia,East,Furniture,Chairs,8,367.06,0.0,2936.48,240.09
ORD-2025-02081,2025-06-25,2025-06-30,Standard Class,Customer 257,Consumer,United States,Virginia,East,Office Supplies,Storage,1,147.21,0.2,117.77,4.26
ORD-2025-01987,2025-06-25,2025-07-02,Standard Class,Customer 070,Corporate,United States,Florida,South,Furniture,Furnishings,3,65.86,0.3,138.31,-23.01
ORD-2025-01040,2025-06-25,2025-06-27,Second Class,Customer 020,Home Office,United States,Georgia,South,Technology,Accessories,6,71.7,0.4,258.12,-53.9
ORD-2025-00553,2025-06-26,2025-06-30,Second Class,Customer 170,Corporate,United States,Illinois,Central,Technology,Copiers,4,1176.96,0.0,4707.84,618.49
ORD-2025-00038,2025-06-26,2025-06-30,Standard Class,Customer 059,Consumer,United States,Georgia,South,Technology,Accessories,6,94.88,0.4,341.57,-85.06
ORD-2025-02406,2025-06-27,2025-07-03,Standard Class,Customer 219,Consumer,United States,North Carolina,South,Furniture,Furnishings,1,100.1,0.3,70.07,-8.09
ORD-2025-01971,2025-06-27,2025-06-29,First Class,Customer 228,Corporate,United States,New York,East,Office Supplies,Appliances,8,215.69,0.0,1725.52,261.13
ORD-2025-00482,2025-06-28,2025-07-05,Standard Class,Customer 191,Home Office,United States,Pennsylvania,East,Office Supplies,Storage,4,128.54,0.0,514.16,136.23
ORD-2025-02455,2025-06-28,2025-07-04,Standard Class,Customer 187,Consumer,United States,New York,East,Technology,Accessories,7,30.21,0.3,148.03,-11.31
ORD-2025-00334,2025-06-28,2025-06-28,Same Day,Customer 288,Home Office,United States,Illinois,Central,Office Supplies,Art,7,34.46,0.0,241.22,58.57
ORD-2025-00545,2025-06-29,2025-07-02,Second Class,Customer 139,Consumer,United States,Virginia,East,Furniture,Tables,9,558.24,0.0,5024.16,669.34
ORD-2025-00388,2025-06-29,2025-07-05,Standard Class,Customer 261,Consumer,United States,California,West,Furniture,Bookcases,4,290.37,0.0,1161.48,138.63
ORD-2025-00084,2025-07-01,2025-07-01,Same Day,Customer 035,Home Office,United States,Washington,West,Office Supplies,Storage,7,171.45,0.1,1080.13,85.09
ORD-2025-00101,2025-07-01,2025-07-04,First Class,Customer 083,Consumer,United States,Georgia,South,Furniture,Tables,7,146.66,0.3,718.63,-154.94
ORD-2025-02246,2025-07-01,2025-07-05,Second Class,Customer 289,Corporate,United States,Illinois,Central,Office Supplies,Labels,1,11.13,0.0,11.13,3.75
ORD-2025-00090,2025-07-01,2025-07-01,Same Day,Customer 040,Consumer,United States,Washington,West,Furniture,Bookcases,1,202.18,0.3,141.53,-22.46
ORD-2025-02286,2025-07-01,2025-07-06,Standard Class,Customer 240,Home Office,United States,Virginia,East,Technology,Phones,9,646.87,0.0,5821.83,505.33
ORD-2025-00582,2025-07-02,2025-07-06,Standard Class,Customer 275,Consumer,United States,Pennsylvania,East,Office Supplies,Paper,1,51.63,0.0,51.63,10.72
ORD-2025-00611,2025-07-02,2025-07-09,Standard Class,Customer 178,Home Office,United States,Pennsylvania,East,Office Supplies,Storage,4,30.07,0.3,84.2,-4.05
ORD-2025-01933,2025-07-03,2025-07-10,Standard Class,Customer 216,Consumer,United States,Michigan,Central,Technology,Copiers,9,2508.73,0.0,22578.57,4723.63
ORD-2025-01865,2025-07-04,2025-07-04,Same Day,Customer 117,Consumer,United States,North Carolina,South,Furniture,Bookcases,8,219.16,0.4,1051.97,-284.71
ORD-2025-01097,2025-07-04,2025-07-08,Standard Class,Customer 099,Consumer,United States,Michigan,Central,Furniture,Furnishings,3,95.91,0.4,172.64,-34.69
ORD-2025-01650,2025-07-05,2025-07-11,Standard Class,Customer 009,Home Office,United States,California,West,Technology,Phones,8,585.84,0.3,3280.7,-246.35
ORD-2025-01080,2025-07-05,2025-07-10,Standard Class,Customer 300,Consumer,United States,Virginia,East,Furniture,Chairs,4,179.73,0.0,718.92,53.12
ORD-2025-00816,2025-07-06,2025-07-13,Standard Class,Customer 224,Consumer,United States,Pennsylvania,East,Technology,Machines,2,316.37,0.0,632.74,90.36
ORD-2025-01016,2025-07-06,2025-07-13,Standard Class,Customer 007,Consumer,United States,Georgia,South,Office Supplies,Art,1,25.05,0.0,25.05,4.3
ORD-2025-00589,2025-07-06,2025-07-10,Standard Class,Customer 284,Consumer,United States,Washington,West,Office Supplies,Appliances,6,79.22,0.4,285.19,-12.63
ORD-2025-00868,2025-07-07,2025-07-11,Second Class,Customer 038,Corporate,United States,Illinois,Central,Technology,Machines,6,998.26,0.0,5989.56,1335.99
ORD-2025-01969,2025-07-08,2025-07-11,Second Class,Customer 193,Consumer,United States,Florida,South,Office Supplies,Appliances,5,244.71,0.0,1223.55,232.64
ORD-2025-01086,2025-07-08,2025-07-09,First Class,Customer 099,Corporate,United States,Washington,West,Furniture,Furnishings,4,110.22,0.1,396.79,-27.92
ORD-2025-01659,2025-07-08,2025-07-14,Standard Class,Customer 151,Consumer,United States,Illinois,Central,Technology,Machines,5,1424.21,0.4,4272.63,-954.5
ORD-2025-02208,2025-07-08,2025-07-12,Standard Class,Customer 226,Corporate,United States,Washington,West,Furniture,Chairs,7,256.18,0.0,1793.26,117.79
ORD-2025-00019,2025-07-09,2025-07-16,Standard Class,Customer 292,Corporate,United States,Pennsylvania,East,Office Supplies,Appliances,6,378.77,0.0,2272.62,541.4
ORD-2025-00963,2025-07-09,2025-07-16,Standard Class,Customer 150,Consumer,United States,Pennsylvania,East,Furniture,Furnishings,7,83.1,0.0,581.7,74.36
ORD-2025-02451,2025-07-09,2025-07-14,Standard Class,Customer 288,Corporate,United States,Pennsylvania,East,Office Supplies,Labels,8,3.83,0.2,24.51,-0.24
ORD-2025-01961,2025-07-09,2025-07-09,Same Day,Customer 036,Consumer,United States,California,West,Furniture,Furnishings,9,85.0,0.0,765.0,-23.32
ORD-2025-01125,2025-07-10,2025-07-15,Standard Class,Customer 211,Consumer,United States,New York,East,Technology,Accessories,7,29.63,0.2,165.93,1.31
ORD-2025-00513,2025-07-10,2025-07-14,Standard Class,Customer 183,Consumer,United States,New York,East,Furniture,Bookcases,6,252.02,0.0,1512.12,-19.54
ORD-2025-02457,2025-07-10,2025-07-17,Standard Class,Customer 052,Consumer,United States,North Carolina,South,Furniture,Tables,1,824.83,0.3,577.38,-115.39
ORD-2025-01500,2025-07-10,2025-07-11,First Class,Customer 230,Consumer,United States,California,West,Technology,Accessories,9,48.82,0.2,351.5,2.76
ORD-2025-00459,2025-07-10,2025-07-14,Standard Class,Customer 137,Home Office,United States,Oregon,West,Technology,Machines,9,2001.85,0.0,18016.65,2263.37
ORD-2025-00093,2025-07-11,2025-07-17,Standard Class,Customer 080,Consumer,United States,Michigan,Central,Technology,Accessories,4,14.35,0.0,57.4,13.59
ORD-2025-01024,2025-07-11,2025-07-16,Standard Class,Customer 194,Consumer,United States,Oregon,West,Office Supplies,Storage,7,95.25,0.0,666.75,153.2
ORD-2025-01093,2025-07-12,2025-07-15,Second Class,Customer 261,Consumer,United States,Texas,Central,Technology,Machines,9,560.46,0.1,4539.73,836.66
ORD-2025-00590,2025-07-13,2025-07-16,Second Class,Customer 194,Corporate,United States,North Carolina,South,Technology,Machines,7,1523.12,0.1,9595.66,392.66
ORD-2025-02168,2025-07-13,2025-07-17,Second Class,Customer 013,Consumer,United States,Michigan,Central,Office Supplies,Appliances,6,373.51,0.3,1568.74,53.28
ORD-2025-01126,2025-07-13,2025-07-13,Same Day,Customer 172,Consumer,United States,New York,East,Technology,Copiers,9,2539.36,0.3,15997.97,-2222.6
ORD-2025-02439,2025-07-14,2025-07-14,Same Day,Customer 186,Consumer,United States,New York,East,Furniture,Furnishings,3,105.3,0.0,315.9,10.36
ORD-2025-01144,2025-07-14,2025-07-19,Standard Class,Customer 047,Consumer,United States,Georgia,South,Furniture,Furnishings,9,89.16,0.2,641.95,-102.66
ORD-2025-00361,2025-07-15,2025-07-18,Second Class,Customer 040,Consumer,United States,Illinois,Central,Furniture,Chairs,1,436.73,0.3,305.71,-57.08
ORD-2025-01844,2025-07-15,2025-07-22,Standard Class,Customer 001,Consumer,United States,Illinois,Central,Furniture,Bookcases,5,330.33,0.0,1651.65,311.53
ORD-2025-00723,2025-07-15,2025-07-15,Same Day,Customer 016,Consumer,United States,Washington,West,Technology,Accessories,3,98.88,0.0,296.64,79.27
ORD-2025-01599,2025-07-15,2025-07-15,Same Day,Customer 100,Home Office,United States,Virginia,East,Office Supplies,Appliances,2,265.71,0.0,531.42,107.76
ORD-2025-02036,2025-07-16,2025-07-21,Standard Class,Customer 265,Consumer,United States,Illinois,Central,Office Supplies,Binders,5,16.42,0.3,57.47,1.17
ORD-2025-00775,2025-07-16,2025-07-18,First Class,Customer 201,Consumer,United States,California,West,Office Supplies,Binders,3,74.29,0.2,178.3,9.6
ORD-2025-00865,2025-07-16,2025-07-20,Standard Class,Customer 298,Consumer,United States,California,West,Furniture,Bookcases,7,178.51,0.2,999.66,-157.8
ORD-2025-01884,2025-07-16,2025-07-23,Standard Class,Customer 054,Corporate,United States,Florida,South,Office Supplies,Art,8,16.59,0.0,132.72,35.04
ORD-2025-02149,2025-07-17,2025-07-19,Second Class,Customer 032,Consumer,United States,Texas,Central,Office Supplies,Storage,4,113.97,0.0,455.88,82.61
ORD-2025-00477,2025-07-17,2025-07-20,Second Class,Customer 087,Consumer,United States,Illinois,Central,Office Supplies,Art,6,23.82,0.0,142.92,41.17
ORD-2025-01657,2025-07-17,2025-07-24,Standard Class,Customer 235,Consumer,United States,California,West,Office Supplies,Art,7,32.73,0.4,137.47,-15.64
ORD-2025-01163,2025-07-18,2025-07-22,Standard Class,Customer 273,Home Office,United States,Virginia,East,Office Supplies,Labels,5,6.98,0.4,20.94,-2.91
ORD-2025-01863,2025-07-18,2025-07-24,Standard Class,Customer 056,Consumer,United States,Oregon,West,Furniture,Tables,6,518.55,0.4,1866.78,-503.74
ORD-2025-00650,2025-07-19,2025-07-25,Standard Class,Customer 160,Corporate,United States,North Carolina,South,Technology,Machines,2,1506.84,0.0,3013.68,620.15
ORD-2025-01548,2025-07-19,2025-07-23,Second Class,Customer 095,Corporate,United States,North Carolina,South,Technology,Accessories,6,97.44,0.3,409.25,-0.18
ORD-2025-00856,2025-07-19,2025-07-26,Standard Class,Customer 096,Home Office,United States,Illinois,Central,Office Supplies,Binders,3,33.14,0.2,79.54,0.4
ORD-2025-01158,2025-07-20,2025-07-25,Standard Class,Customer 061,Corporate,United States,New York,East,Technology,Copiers,4,3032.49,0.3,8490.97,-949.94
ORD-2025-00297,2025-07-20,2025-07-24,Standard Class,Customer 249,Consumer,United States,California,West,Office Supplies,Binders,2,70.01,0.0,140.02,29.56
ORD-2025-01007,2025-07-20,2025-07-25,Standard Class,Customer 112,Home Office,United States,Texas,Central,Technology,Machines,8,715.11,0.2,4576.7,407.4
ORD-2025-00882,2025-07-21,2025-07-26,Standard Class,Customer 289,Consumer,United States,New York,East,Technology,Accessories,4,30.46,0.1,109.66,19.1
ORD-2025-02319,2025-07-21,2025-07-25,Second Class,Customer 298,Consumer,United States,California,West,Furniture,Tables,4,218.64,0.2,699.65,-52.37
ORD-2025-00560,2025-07-21,2025-07-28,Standard Class,Customer 157,Consumer,United States,Virginia,East,Furniture,Furnishings,9,98.49,0.2,709.13,-94.94
ORD-2025-00780,2025-07-21,2025-07-26,Standard Class,Customer 152,Consumer,United States,Illinois,Central,Technology,Accessories,7,114.65,0.4,481.53,-100.87
ORD-2025-01856,2025-07-22,2025-07-29,Standard Class,Customer 202,Consumer,United States,Michigan,Central,Technology,Accessories,8,13.78,0.0,110.24,14.72
ORD-2025-01465,2025-07-22,2025-07-29,Standard Class,Customer 184,Corporate,United States,Georgia,South,Office Supplies,Labels,6,7.77,0.0,46.62,9.48
ORD-2025-01896,2025-07-22,2025-07-28,Standard Class,Customer 096,Consumer,United States,Virginia,East,Technology,Accessories,3,101.8,0.3,213.78,-10.33
ORD-2025-01150,2025-07-22,2025-07-27,Standard Class,Customer 087,Consumer,United States,New York,East,Furniture,Tables,8,300.1,0.3,1680.56,-395.23
ORD-2025-01310,2025-07-23,2025-07-29,Standard Class,Customer 106,Consumer,United States,North Carolina,South,Furniture,Tables,1,432.97,0.1,389.67,-22.03
ORD-2025-00146,2025-07-24,2025-07-28,Second Class,Customer 225,Consumer,United States,Florida,South,Office Supplies,Labels,3,3.55,0.0,10.65,2.88
ORD-2025-01552,2025-07-24,2025-07-29,Standard Class,Customer 268,Home Office,United States,North Carolina,South,Furniture,Tables,1,691.5,0.0,691.5,-10.69
ORD-2025-02377,2025-07-24,2025-07-28,Second Class,Customer 205,Corporate,United States,New York,East,Technology,Machines,5,2217.23,0.1,9977.53,1743.61
ORD-2025-01314,2025-07-24,2025-07-27,Second Class,Customer 011,Consumer,United States,Texas,Central,Office Supplies,Labels,5,11.58,0.1,52.11,5.59
ORD-2025-02150,2025-07-24,2025-07-26,Second Class,Customer 243,Corporate,United States,Pennsylvania,East,Technology,Machines,2,2142.44,0.4,2570.93,-159.26
ORD-2025-00835,2025-07-25,2025-07-29,Standard Class,Customer 260,Consumer,United States,California,West,Furniture,Furnishings,5,84.72,0.3,296.52,-70.67
ORD-2025-00643,2025-07-25,2025-07-30,Standard Class,Customer 088,Home Office,United States,Washington,West,Office Supplies,Paper,1,17.76,0.4,10.66,-0.91
ORD-2025-01401,2025-07-25,2025-07-30,Standard Class,Customer 106,Consumer,United States,Oregon,West,Office Supplies,Binders,2,25.37,0.3,35.52,2.1
ORD-2025-01127,2025-07-25,2025-07-29,Standard Class,Customer 047,Consumer,United States,Illinois,Central,Furniture,Bookcases,9,245.87,0.0,2212.83,93.2
ORD-2025-01347,2025-07-26,2025-07-28,First Class,Customer 118,Corporate,United States,California,West,Technology,Copiers,5,3107.63,0.3,10876.7,473.93
ORD-2025-01560,2025-07-26,2025-08-02,Standard Class,Customer 221,Consumer,United States,Virginia,East,Furniture,Chairs,8,323.09,0.4,1550.83,-637.14
ORD-2025-00151,2025-07-26,2025-07-31,Standard Class,Customer 070,Corporate,United States,New York,East,Office Supplies,Storage,5,138.47,0.1,623.12,79.59
ORD-2025-00125,2025-07-26,2025-08-01,Standard Class,Customer 076,Consumer,United States,Pennsylvania,East,Technology,Accessories,1,68.6,0.0,68.6,12.79
ORD-2025-01042,2025-07-27,2025-07-27,Same Day,Customer 097,Consumer,United States,North Carolina,South,Technology,Machines,7,911.59,0.2,5104.9,-27.37
ORD-2025-00232,2025-07-27,2025-07-30,First Class,Customer 157,Consumer,United States,Pennsylvania,East,Technology,Phones,5,278.99,0.0,1394.95,217.85
ORD-2025-02153,2025-07-27,2025-08-02,Standard Class,Customer 004,Corporate,United States,Michigan,Central,Technology,Copiers,7,3393.65,0.0,23755.55,4811.76
ORD-2025-00610,2025-07-28,2025-08-02,Standard Class,Customer 234,Home Office,United States,Oregon,West,Office Supplies,Paper,1,38.6,0.1,34.74,1.13
ORD-2025-01292,2025-07-29,2025-08-01,Second Class,Customer 073,Corporate,United States,Washington,West,Furniture,Bookcases,8,248.7,0.2,1591.68,-173.36
ORD-2025-00037,2025-07-29,2025-07-30,First Class,Customer 095,Consumer,United States,North Carolina,South,Technology,Phones,2,264.65,0.3,370.51,-57.19
ORD-2025-00006,2025-07-30,2025-08-06,Standard Class,Customer 227,Consumer,United States,Georgia,South,Furniture,Chairs,3,101.64,0.0,304.92,39.63
ORD-2025-01706,2025-07-30,2025-07-30,Same Day,Customer 045,Consumer,United States,Washington,West,Furniture,Bookcases,6,85.37,0.0,512.22,64.56
ORD-2025-01247,2025-07-31,2025-08-07,Standard Class,Customer 147,Home Office,United States,Florida,South,Technology,Machines,6,614.52,0.1,3318.41,379.19
ORD-2025-02482,2025-07-31,2025-08-04,Standard Class,Customer 011,Home Office,United States,Virginia,East,Technology,Phones,9,298.1,0.3,1878.03,-97.6
ORD-2025-02332,2025-08-01,2025-08-04,Second Class,Customer 130,Corporate,United States,Illinois,Central,Furniture,Bookcases,1,345.09,0.3,241.56,-49.35
ORD-2025-02098,2025-08-01,2025-08-05,Second Class,Customer 091,Corporate,United States,North Carolina,South,Technology,Copiers,1,2479.59,0.0,2479.59,613.19
ORD-2025-01419,2025-08-01,2025-08-03,First Class,Customer 083,Home Office,United States,Michigan,Central,Furniture,Furnishings,1,44.22,0.1,39.8,1.72
ORD-2025-00668,2025-08-01,2025-08-08,Standard Class,Customer 228,Consumer,United States,New York,East,Office Supplies,Appliances,3,159.17,0.4,286.51,-47.94
ORD-2025-01735,2025-08-01,2025-08-01,Same Day,Customer 131,Consumer,United States,Virginia,East,Furniture,Chairs,5,150.78,0.0,753.9,65.9
ORD-2025-02198,2025-08-01,2025-08-07,Standard Class,Customer 228,Consumer,United States,Florida,South,Office Supplies,Paper,4,51.89,0.3,145.29,-15.14
ORD-2025-01589,2025-08-02,2025-08-08,Standard Class,Customer 015,Corporate,United States,Illinois,Central,Technology,Accessories,8,143.25,0.0,1146.0,230.16
ORD-2025-01486,2025-08-03,2025-08-05,First Class,Customer 180,Consumer,United States,Virginia,East,Office Supplies,Labels,2,6.19,0.4,7.43,-1.24
ORD-2025-01521,2025-08-04,2025-08-04,Same Day,Customer 219,Corporate,United States,Florida,South,Office Supplies,Appliances,1,131.27,0.0,131.27,28.48
ORD-2025-01509,2025-08-04,2025-08-07,Second Class,Customer 064,Consumer,United States,Virginia,East,Technology,Machines,8,1910.91,0.2,12229.82,-17.25
ORD-2025-00829,2025-08-04,2025-08-08,Second Class,Customer 153,Home Office,United States,Pennsylvania,East,Office Supplies,Paper,9,34.22,0.0,307.98,82.03
ORD-2025-00427,2025-08-05,2025-08-09,Second Class,Customer 259,Corporate,United States,Oregon,West,Technology,Accessories,2,61.01,0.4,73.21,-13.35
ORD-2025-01734,2025-08-06,2025-08-11,Standard Class,Customer 047,Consumer,United States,Oregon,West,Furniture,Chairs,9,294.5,0.0,2650.5,90.77
ORD-2025-01280,2025-08-06,2025-08-10,Standard Class,Customer 045,Consumer,United States,Michigan,Central,Technology,Machines,5,972.56,0.2,3890.24,128.4
ORD-2025-01325,2025-08-07,2025-08-08,First Class,Customer 123,Home Office,United States,North Carolina,South,Technology,Phones,6,370.65,0.0,2223.9,445.01
ORD-2025-01214,2025-08-08,2025-08-14,Standard Class,Customer 075,Consumer,United States,New York,East,Office Supplies,Binders,3,16.06,0.0,48.18,10.02
ORD-2025-00504,2025-08-08,2025-08-15,Standard Class,Customer 188,Consumer,United States,New York,East,Technology,Copiers,7,1889.08,0.3,9256.49,-901.66
ORD-2025-01023,2025-08-09,2025-08-13,Second Class,Customer 120,Consumer,United States,Pennsylvania,East,Technology,Phones,7,463.72,0.0,3246.04,444.72
ORD-2025-00492,2025-08-09,2025-08-16,Standard Class,Customer 005,Consumer,United States,Florida,South,Furniture,Furnishings,8,50.71,0.4,243.41,-56.14
ORD-2025-02105,2025-08-12,2025-08-19,Standard Class,Customer 050,Consumer,United States,Michigan,Central,Furniture,Bookcases,9,246.06,0.1,1993.09,202.93
ORD-2025-02390,2025-08-14,2025-08-19,Standard Class,Customer 266,Corporate,United States,Virginia,East,Technology,Copiers,9,1122.67,0.0,10104.03,1416.18
ORD-2025-00921,2025-08-14,2025-08-18,Standard Class,Customer 031,Consumer,United States,North Carolina,South,Furniture,Tables,4,664.88,0.1,2393.57,-80.32
ORD-2025-01658,2025-08-15,2025-08-21,Standard Class,Customer 093,Corporate,United States,Texas,Central,Technology,Machines,2,1493.0,0.0,2986.0,333.62
ORD-2025-01408,2025-08-16,2025-08-21,Standard Class,Customer 243,Consumer,United States,Texas,Central,Technology,Copiers,5,2807.22,0.0,14036.1,1676.43
ORD-2025-01898,2025-08-16,2025-08-18,Second Class,Customer 290,Consumer,United States,Pennsylvania,East,Furniture,Chairs,4,495.46,0.1,1783.66,16.5
ORD-2025-00396,2025-08-16,2025-08-23,Standard Class,Customer 215,Consumer,United States,Illinois,Central,Office Supplies,Appliances,1,185.51,0.0,185.51,50.82
ORD-2025-01943,2025-08-16,2025-08-21,Standard Class,Customer 096,Corporate,United States,Florida,South,Furniture,Bookcases,6,227.11,0.2,1090.13,-140.97
ORD-2025-00558,2025-08-17,2025-08-22,Standard Class,Customer 252,Corporate,United States,Texas,Central,Office Supplies,Art,4,31.0,0.0,124.0,25.97
ORD-2025-01245,2025-08-17,2025-08-24,Standard Class,Customer 180,Corporate,United States,Texas,Central,Furniture,Bookcases,7,146.75,0.0,1027.25,-17.07
ORD-2025-02142,2025-08-17,2025-08-24,Standard Class,Customer 108,Consumer,United States,Florida,South,Furniture,Tables,3,629.3,0.4,1132.74,-391.11
ORD-2025-02386,2025-08-17,2025-08-22,Standard Class,Customer 153,Consumer,United States,Florida,South,Furniture,Furnishings,1,60.3,0.2,48.24,-3.21
ORD-2025-01824,2025-08-18,2025-08-18,Same Day,Customer 006,Home Office,United States,Oregon,West,Furniture,Chairs,8,409.8,0.3,2294.88,-483.77
ORD-2025-02227,2025-08-19,2025-08-25,Standard Class,Customer 085,Home Office,United States,Georgia,South,Office Supplies,Appliances,1,380.64,0.4,228.38,-32.53
ORD-2025-00781,2025-08-20,2025-08-24,Second Class,Customer 138,Consumer,United States,Texas,Central,Office Supplies,Binders,4,35.08,0.4,84.19,-6.67
ORD-2025-01716,2025-08-20,2025-08-22,First Class,Customer 263,Corporate,United States,Illinois,Central,Furniture,Tables,3,427.25,0.0,1281.75,134.22
ORD-2025-02001,2025-08-20,2025-08-22,First Class,Customer 274,Home Office,United States,Washington,West,Office Supplies,Paper,7,20.38,0.0,142.66,29.49
ORD-2025-02304,2025-08-21,2025-08-24,Second Class,Customer 261,Consumer,United States,Illinois,Central,Technology,Phones,7,381.83,0.0,2672.81,598.29
ORD-2025-01893,2025-08-21,2025-08-26,Standard Class,Customer 197,Consumer,United States,Virginia,East,Technology,Accessories,1,10.92,0.4,6.55,-1.23
ORD-2025-01201,2025-08-21,2025-08-21,Same Day,Customer 298,Consumer,United States,Washington,West,Technology,Machines,5,562.79,0.0,2813.95,518.62
ORD-2025-00812,2025-08-21,2025-08-24,Second Class,Customer 284,Corporate,United States,North Carolina,South,Office Supplies,Storage,7,83.07,0.4,348.89,-33.61
ORD-2025-01713,2025-08-22,2025-08-24,First Class,Customer 024,Consumer,United States,North Carolina,South,Technology,Copiers,6,1780.1,0.0,10680.6,1651.7
ORD-2025-01634,2025-08-22,2025-08-24,Second Class,Customer 079,Consumer,United States,Florida,South,Furniture,Furnishings,8,18.35,0.4,88.08,-25.14
ORD-2025-01371,2025-08-23,2025-08-27,Standard Class,Customer 209,Home Office,United States,North Carolina,South,Office Supplies,Paper,9,58.3,0.0,524.7,140.8
ORD-2025-01792,2025-08-23,2025-08-29,Standard Class,Customer 132,Consumer,United States,Texas,Central,Office Supplies,Appliances,9,298.5,0.3,1880.55,-4.25
ORD-2025-01141,2025-08-23,2025-08-29,Standard Class,Customer 050,Corporate,United States,California,West,Office Supplies,Art,2,5.79,0.0,11.58,1.56
ORD-2025-00517,2025-08-24,2025-08-24,Same Day,Customer 159,Consumer,United States,Florida,South,Furniture,Furnishings,2,79.9,0.2,127.84,-9.04
ORD-2025-01815,2025-08-26,2025-09-01,Standard Class,Customer 245,Corporate,United States,California,West,Furniture,Tables,5,836.43,0.0,4182.15,403.13
ORD-2025-02240,2025-08-27,2025-08-29,First Class,Customer 218,Home Office,United States,Georgia,South,Office Supplies,Art,4,8.71,0.0,34.84,11.52
ORD-2025-00904,2025-08-27,2025-08-31,Second Class,Customer 200,Corporate,United States,North Carolina,South,Furniture,Bookcases,2,280.17,0.2,448.27,-21.31
ORD-2025-01004,2025-08-29,2025-08-29,Same Day,Customer 172,Corporate,United States,Pennsylvania,East,Technology,Phones,5,625.9,0.3,2190.65,-97.2
ORD-2025-01324,2025-08-29,2025-09-04,Standard Class,Customer 085,Home Office,United States,Florida,South,Technology,Phones,1,568.74,0.0,568.74,105.13
ORD-2025-00375,2025-08-29,2025-09-02,Standard Class,Customer 082,Consumer,United States,Florida,South,Technology,Copiers,6,827.81,0.2,3973.49,235.5
ORD-2025-01375,2025-08-30,2025-09-01,Second Class,Customer 138,Corporate,United States,Georgia,South,Furniture,Chairs,1,125.33,0.0,125.33,11.41
ORD-2025-02091,2025-08-30,2025-09-04,Standard Class,Customer 113,Consumer,United States,Illinois,Central,Office Supplies,Labels,8,3.23,0.4,15.5,-3.38
ORD-2025-01752,2025-08-30,2025-09-06,Standard Class,Customer 087,Consumer,United States,Washington,West,Technology,Phones,1,788.76,0.0,788.76,145.51
ORD-2025-02498,2025-08-31,2025-08-31,Same Day,Customer 198,Consumer,United States,New York,East,Office Supplies,Binders,9,33.33,0.2,239.98,13.28
ORD-2025-00035,2025-08-31,2025-09-04,Second Class,Customer 273,Corporate,United States,Michigan,Central,Furniture,Furnishings,6,64.77,0.2,310.9,-61.16
ORD-2025-01912,2025-08-31,2025-09-06,Standard Class,Customer 273,Corporate,United States,Oregon,West,Office Supplies,Appliances,1,29.33,0.4,17.6,-2.31
ORD-2025-00565,2025-09-01,2025-09-05,Second Class,Customer 219,Consumer,United States,New York,East,Office Supplies,Appliances,1,364.6,0.4,218.76,-11.87
ORD-2025-01606,2025-09-02,2025-09-07,Standard Class,Customer 052,Corporate,United States,Oregon,West,Furniture,Bookcases,5,167.05,0.2,668.2,-105.14
ORD-2025-01692,2025-09-02,2025-09-09,Standard Class,Customer 035,Consumer,United States,Florida,South,Technology,Phones,5,677.95,0.1,3050.78,460.17
ORD-2025-02452,2025-09-02,2025-09-03,First Class,Customer 033,Consumer,United States,Illinois,Central,Furniture,Furnishings,6,90.73,0.3,381.07,-37.2
ORD-2025-01389,2025-09-03,2025-09-09,Standard Class,Customer 111,Consumer,United States,Pennsylvania,East,Technology,Accessories,9,59.22,0.4,319.79,-47.87
ORD-2025-00362,2025-09-03,2025-09-10,Standard Class,Customer 037,Consumer,United States,Georgia,South,Technology,Accessories,4,36.28,0.3,101.58,-0.66
ORD-2025-00389,2025-09-04,2025-09-09,Standard Class,Customer 297,Consumer,United States,North Carolina,South,Technology,Phones,1,514.44,0.0,514.44,22.03
ORD-2025-00358,2025-09-04,2025-09-07,Second Class,Customer 072,Home Office,United States,Georgia,South,Furniture,Furnishings,1,40.65,0.2,32.52,-2.06
ORD-2025-02300,2025-09-05,2025-09-05,Same Day,Customer 101,Consumer,United States,New York,East,Furniture,Bookcases,6,96.16,0.0,576.96,24.6
ORD-2025-00048,2025-09-05,2025-09-08,First Class,Customer 224,Home Office,United States,Georgia,South,Office Supplies,Paper,2,47.95,0.4,57.54,-13.13
ORD-2025-02042,2025-09-05,2025-09-07,Second Class,Customer 039,Consumer,United States,Texas,Central,Technology,Accessories,6,39.31,0.0,235.86,56.25
ORD-2025-02471,2025-09-05,2025-09-09,Second Class,Customer 088,Corporate,United States,North Carolina,South,Office Supplies,Appliances,1,321.08,0.0,321.08,70.61
ORD-2025-00579,2025-09-06,2025-09-10,Second Class,Customer 171,Consumer,United States,Georgia,South,Office Supplies,Binders,6,60.2,0.4,216.72,-49.43
ORD-2025-00364,2025-09-06,2025-09-12,Standard Class,Customer 096,Corporate,United States,Florida,South,Office Supplies,Labels,1,15.27,0.3,10.69,-0.91
ORD-2025-02446,2025-09-07,2025-09-10,First Class,Customer 095,Corporate,United States,Georgia,South,Furniture,Tables,3,211.28,0.3,443.69,-102.52
ORD-2025-02061,2025-09-07,2025-09-07,Same Day,Customer 159,Home Office,United States,California,West,Technology,Copiers,4,1928.5,0.1,6942.6,1184.8
ORD-2025-01304,2025-09-08,2025-09-11,Second Class,Customer 136,Corporate,United States,Washington,West,Furniture,Chairs,8,247.18,0.2,1581.95,-102.42
ORD-2025-01557,2025-09-09,2025-09-16,Standard Class,Customer 122,Corporate,United States,Virginia,East,Technology,Copiers,4,2944.98,0.0,11779.92,2952.22
ORD-2025-00304,2025-09-09,2025-09-09,Same Day,Customer 294,Consumer,United States,Washington,West,Furniture,Bookcases,2,180.46,0.0,360.92,40.2
ORD-2025-01878,2025-09-09,2025-09-13,Standard Class,Customer 280,Consumer,United States,Washington,West,Furniture,Furnishings,5,80.01,0.0,400.05,62.58
ORD-2025-01471,2025-09-10,2025-09-13,Second Class,Customer 183,Corporate,United States,Washington,West,Office Supplies,Art,4,37.26,0.4,89.42,-10.41
ORD-2025-01384,2025-09-10,2025-09-14,Standard Class,Customer 185,Consumer,United States,North Carolina,South,Office Supplies,Labels,2,21.66,0.4,25.99,-5.78
ORD-2025-01632,2025-09-10,2025-09-15,Standard Class,Customer 168,Consumer,United States,Michigan,Central,Office Supplies,Paper,4,46.41,0.1,167.08,8.16
ORD-2025-00828,2025-09-10,2025-09-12,Second Class,Customer 009,Consumer,United States,Virginia,East,Office Supplies,Paper,6,24.26,0.3,101.89,-4.84
ORD-2025-00740,2025-09-11,2025-09-18,Standard Class,Customer 173,Home Office,United States,Illinois,Central,Technology,Copiers,8,652.87,0.4,3133.78,-671.3
ORD-2025-00095,2025-09-11,2025-09-16,Standard Class,Customer 282,Corporate,United States,Michigan,Central,Technology,Phones,5,485.57,0.0,2427.85,832.44
ORD-2025-00179,2025-09-14,2025-09-18,Standard Class,Customer 138,Consumer,United States,Pennsylvania,East,Furniture,Furnishings,5,45.29,0.3,158.51,-36.34
ORD-2025-01826,2025-09-15,2025-09-21,Standard Class,Customer 012,Corporate,United States,Florida,South,Furniture,Tables,8,645.82,0.1,4649.9,-265.81
ORD-2025-00592,2025-09-16,2025-09-19,First Class,Customer 077,Corporate,United States,Oregon,West,Furniture,Bookcases,7,209.33,0.0,1465.31,114.59
ORD-2025-00220,2025-09-16,2025-09-20,Standard Class,Customer 034,Consumer,United States,Pennsylvania,East,Furniture,Bookcases,9,298.12,0.2,2146.46,-169.73
ORD-2025-01315,2025-09-16,2025-09-21,Standard Class,Customer 039,Consumer,United States,Virginia,East,Technology,Accessories,2,110.51,0.0,221.02,77.65
ORD-2025-01037,2025-09-16,2025-09-21,Standard Class,Customer 220,Corporate,United States,Pennsylvania,East,Technology,Accessories,1,122.31,0.1,110.08,2.63
ORD-2025-01428,2025-09-16,2025-09-20,Second Class,Customer 100,Corporate,United States,Pennsylvania,East,Furniture,Chairs,2,269.49,0.0,538.98,34.26
ORD-2025-01732,2025-09-17,2025-09-18,First Class,Customer 140,Home Office,United States,Illinois,Central,Technology,Accessories,3,64.93,0.2,155.83,-2.74
ORD-2025-01206,2025-09-17,2025-09-23,Standard Class,Customer 060,Home Office,United States,Illinois,Central,Technology,Accessories,3,63.47,0.3,133.29,-8.05
ORD-2025-00067,2025-09-19,2025-09-21,Second Class,Customer 272,Consumer,United States,Pennsylvania,East,Technology,Phones,2,593.84,0.0,1187.68,219.46
ORD-2025-00345,2025-09-19,2025-09-25,Standard Class,Customer 223,Consumer,United States,North Carolina,South,Technology,Machines,5,319.49,0.4,958.47,-241.37
ORD-2025-02287,2025-09-20,2025-09-27,Standard Class,Customer 218,Corporate,United States,Michigan,Central,Technology,Accessories,5,120.6,0.0,603.0,114.09
ORD-2025-01108,2025-09-21,2025-09-25,Second Class,Customer 042,Corporate,United States,Georgia,South,Office Supplies,Paper,5,50.42,0.3,176.47,0.34
ORD-2025-02068,2025-09-21,2025-09-26,Standard Class,Customer 186,Consumer,United States,New York,East,Office Supplies,Binders,3,28.99,0.0,86.97,13.98
ORD-2025-01287,2025-09-21,2025-09-28,Standard Class,Customer 190,Consumer,United States,Florida,South,Office Supplies,Paper,7,38.97,0.2,218.23,20.98
ORD-2025-00202,2025-09-22,2025-09-29,Standard Class,Customer 055,Corporate,United States,Pennsylvania,East,Furniture,Tables,2,464.68,0.0,929.36,71.61
ORD-2025-01154,2025-09-23,2025-09-27,Standard Class,Customer 064,Corporate,United States,Illinois,Central,Office Supplies,Storage,4,77.7,0.3,217.56,0.4
ORD-2025-01390,2025-09-23,2025-09-25,Second Class,Customer 252,Corporate,United States,Virginia,East,Office Supplies,Appliances,3,85.36,0.2,204.86,6.27
ORD-2025-01569,2025-09-23,2025-09-24,First Class,Customer 080,Home Office,United States,New York,East,Office Supplies,Storage,1,62.33,0.3,43.63,-1.08
ORD-2025-00843,2025-09-23,2025-09-27,Second Class,Customer 118,Consumer,United States,Washington,West,Technology,Machines,1,1991.22,0.2,1592.98,101.98
ORD-2025-02114,2025-09-24,2025-09-30,Standard Class,Customer 234,Consumer,United States,California,West,Technology,Accessories,6,134.47,0.2,645.46,4.64
ORD-2025-00840,2025-09-25,2025-10-02,Standard Class,Customer 222,Home Office,United States,Washington,West,Office Supplies,Appliances,2,322.18,0.3,451.05,-30.91
ORD-2025-02101,2025-09-27,2025-09-30,First Class,Customer 236,Home Office,United States,Oregon,West,Office Supplies,Art,5,30.04,0.0,150.2,31.17
ORD-2025-02164,2025-09-27,2025-10-01,Standard Class,Customer 241,Home Office,United States,North Carolina,South,Furniture,Furnishings,1,101.67,0.0,101.67,17.9
ORD-2025-01708,2025-09-27,2025-10-03,Standard Class,Customer 123,Consumer,United States,Illinois,Central,Technology,Copiers,7,1384.21,0.3,6782.63,-135.57
ORD-2025-01507,2025-09-28,2025-10-05,Standard Class,Customer 015,Consumer,United States,Washington,West,Office Supplies,Appliances,4,112.22,0.4,269.33,-39.84
ORD-2025-00943,2025-09-28,2025-10-02,Standard Class,Customer 268,Consumer,United States,Virginia,East,Technology,Copiers,3,2878.25,0.2,6907.8,58.36
ORD-2025-02113,2025-09-29,2025-10-05,Standard Class,Customer 115,Home Office,United States,Florida,South,Furniture,Bookcases,6,146.0,0.4,525.6,-203.55
ORD-2025-01951,2025-09-30,2025-10-04,Standard Class,Customer 139,Corporate,United States,Oregon,West,Furniture,Chairs,5,255.48,0.4,766.44,-201.08
ORD-2025-00529,2025-09-30,2025-10-04,Second Class,Customer 294,Home Office,United States,Virginia,East,Furniture,Tables,7,213.98,0.0,1497.86,82.22
ORD-2025-00324,2025-09-30,2025-10-06,Standard Class,Customer 289,Corporate,United States,Georgia,South,Furniture,Chairs,1,341.05,0.0,341.05,23.54
ORD-2025-02305,2025-09-30,2025-10-01,First Class,Customer 098,Consumer,United States,Pennsylvania,East,Technology,Accessories,7,78.47,0.2,439.43,12.08
ORD-2025-01354,2025-09-30,2025-10-04,Standard Class,Customer 017,Consumer,United States,Oregon,West,Furniture,Tables,8,279.12,0.1,2009.66,-7.4
ORD-2025-00642,2025-10-01,2025-10-02,First Class,Customer 199,Consumer,United States,North Carolina,South,Office Supplies,Paper,5,14.14,0.2,56.56,-1.4
ORD-2025-01948,2025-10-01,2025-10-04,First Class,Customer 059,Corporate,United States,Pennsylvania,East,Furniture,Bookcases,7,245.77,0.3,1204.27,-214.22
ORD-2025-02383,2025-10-02,2025-10-07,Standard Class,Customer 170,Consumer,United States,North Carolina,South,Office Supplies,Paper,7,20.1,0.1,126.63,17.57
ORD-2025-01170,2025-10-02,2025-10-06,Standard Class,Customer 050,Consumer,United States,North Carolina,South,Technology,Machines,8,1700.27,0.0,13602.16,2180.29
ORD-2025-00153,2025-10-02,2025-10-03,First Class,Customer 127,Corporate,United States,New York,East,Office Supplies,Labels,4,22.85,0.4,54.84,-4.04
ORD-2025-00804,2025-10-03,2025-10-05,First Class,Customer 002,Consumer,United States,California,West,Technology,Accessories,9,134.27,0.2,966.74,-0.87
ORD-2025-01564,2025-10-03,2025-10-09,Standard Class,Customer 269,Corporate,United States,Texas,Central,Office Supplies,Appliances,1,184.08,0.0,184.08,28.0
ORD-2025-01103,2025-10-04,2025-10-07,Second Class,Customer 195,Corporate,United States,Texas,Central,Office Supplies,Art,6,11.94,0.0,71.64,17.19
ORD-2025-00669,2025-10-04,2025-10-11,Standard Class,Customer 280,Home Office,United States,California,West,Office Supplies,Art,5,26.04,0.3,91.14,-1.96
ORD-2025-01530,2025-10-04,2025-10-08,Standard Class,Customer 029,Consumer,United States,Washington,West,Technology,Copiers,3,1722.85,0.3,3617.98,-56.69
ORD-2025-01081,2025-10-05,2025-10-07,First Class,Customer 105,Corporate,United States,Texas,Central,Office Supplies,Appliances,8,253.44,0.3,1419.26,-140.38
ORD-2025-00969,2025-10-05,2025-10-09,Second Class,Customer 250,Corporate,United States,Pennsylvania,East,Technology,Phones,7,310.46,0.0,2173.22,599.71
ORD-2025-00715,2025-10-05,2025-10-11,Standard Class,Customer 034,Corporate,United States,Pennsylvania,East,Furniture,Chairs,9,239.68,0.0,2157.12,-25.67
ORD-2025-01705,2025-10-05,2025-10-09,Standard Class,Customer 007,Consumer,United States,Texas,Central,Furniture,Tables,4,637.62,0.0,2550.48,392.72
ORD-2025-01006,2025-10-06,2025-10-11,Standard Class,Customer 126,Corporate,United States,Pennsylvania,East,Office Supplies,Art,3,39.97,0.2,95.93,11.16
ORD-2025-00530,2025-10-06,2025-10-12,Standard Class,Customer 053,Consumer,United States,Florida,South,Technology,Phones,2,800.27,0.3,1120.38,8.6
ORD-2025-01972,2025-10-06,2025-10-11,Standard Class,Customer 169,Consumer,United States,New York,East,Office Supplies,Labels,8,24.71,0.2,158.14,6.53
ORD-2025-02014,2025-10-07,2025-10-14,Standard Class,Customer 102,Home Office,United States,Michigan,Central,Office Supplies,Paper,1,28.96,0.1,26.06,3.47
ORD-2025-00733,2025-10-07,2025-10-10,First Class,Customer 184,Consumer,United States,New York,East,Technology,Accessories,8,46.58,0.3,260.85,-6.18
ORD-2025-00061,2025-10-08,2025-10-15,Standard Class,Customer 087,Corporate,United States,Michigan,Central,Technology,Copiers,7,1423.0,0.0,9961.0,1606.46
ORD-2025-01623,2025-10-09,2025-10-10,First Class,Customer 185,Home Office,United States,Florida,South,Technology,Machines,3,1999.21,0.0,5997.63,1313.73
ORD-2025-01679,2025-10-09,2025-10-16,Standard Class,Customer 272,Consumer,United States,Washington,West,Furniture,Chairs,1,214.64,0.0,214.64,-6.47
ORD-2025-00527,2025-10-09,2025-10-13,Standard Class,Customer 171,Consumer,United States,Virginia,East,Furniture,Chairs,9,315.5,0.3,1987.65,-258.48
ORD-2025-01990,2025-10-09,2025-10-12,Second Class,Customer 091,Corporate,United States,Georgia,South,Furniture,Chairs,9,120.38,0.2,866.74,-162.13
ORD-2025-02166,2025-10-09,2025-10-09,Same Day,Customer 204,Corporate,United States,New York,East,Technology,Accessories,2,96.69,0.1,174.04,20.71
ORD-2025-00264,2025-10-10,2025-10-13,Second Class,Customer 057,Consumer,United States,North Carolina,South,Technology,Accessories,4,126.97,0.2,406.3,15.28
ORD-2025-01262,2025-10-10,2025-10-15,Standard Class,Customer 083,Consumer,United States,Virginia,East,Office Supplies,Labels,4,20.12,0.3,56.34,-1.28
ORD-2025-00452,2025-10-10,2025-10-15,Standard Class,Customer 044,Corporate,United States,North Carolina,South,Furniture,Chairs,5,204.38,0.0,1021.9,85.39
ORD-2025-00586,2025-10-10,2025-10-16,Standard Class,Customer 037,Corporate,United States,Florida,South,Furniture,Bookcases,4,154.0,0.4,369.6,-122.05
ORD-2025-01067,2025-10-11,2025-10-15,Second Class,Customer 137,Consumer,United States,California,West,Furniture,Bookcases,7,227.37,0.0,1591.59,167.59
ORD-2025-00577,2025-10-11,2025-10-16,Standard Class,Customer 225,Consumer,United States,Georgia,South,Furniture,Tables,2,713.29,0.0,1426.58,75.15
ORD-2025-00024,2025-10-12,2025-10-18,Standard Class,Customer 196,Corporate,United States,Washington,West,Office Supplies,Storage,8,189.95,0.0,1519.6,317.81
ORD-2025-00499,2025-10-12,2025-10-19,Standard Class,Customer 291,Home Office,United States,Texas,Central,Furniture,Tables,3,734.45,0.4,1322.01,-339.13
ORD-2025-00421,2025-10-13,2025-10-18,Standard Class,Customer 300,Consumer,United States,California,West,Office Supplies,Appliances,2,311.12,0.0,622.24,126.39
ORD-2025-01182,2025-10-13,2025-10-18,Standard Class,Customer 186,Corporate,United States,New York,East,Technology,Copiers,7,803.62,0.0,5625.34,831.37
ORD-2025-00438,2025-10-13,2025-10-18,Standard Class,Customer 226,Corporate,United States,Oregon,West,Furniture,Tables,2,215.48,0.2,344.77,-35.32
ORD-2025-00862,2025-10-13,2025-10-14,First Class,Customer 298,Home Office,United States,Michigan,Central,Furniture,Furnishings,2,102.9,0.2,164.64,-18.63
ORD-2025-02493,2025-10-15,2025-10-19,Standard Class,Customer 258,Home Office,United States,California,West,Furniture,Chairs,8,238.2,0.2,1524.48,-190.06
ORD-2025-02500,2025-10-15,2025-10-20,Standard Class,Customer 156,Consumer,United States,Virginia,East,Technology,Machines,4,1487.68,0.0,5950.72,1321.32
ORD-2025-01516,2025-10-16,2025-10-19,First Class,Customer 142,Corporate,United States,California,West,Office Supplies,Storage,9,20.71,0.0,186.39,38.14
ORD-2025-01273,2025-10-17,2025-10-22,Standard Class,Customer 200,Consumer,United States,California,West,Technology,Accessories,7,23.32,0.0,163.24,39.62
ORD-2025-01751,2025-10-17,2025-10-23,Standard Class,Customer 210,Home Office,United States,North Carolina,South,Furniture,Bookcases,7,119.21,0.3,584.13,-147.89
ORD-2025-00722,2025-10-17,2025-10-24,Standard Class,Customer 283,Consumer,United States,Pennsylvania,East,Technology,Accessories,6,137.26,0.0,823.56,187.54
ORD-2025-00693,2025-10-17,2025-10-19,Second Class,Customer 151,Corporate,United States,Illinois,Central,Furniture,Bookcases,7,322.72,0.3,1581.33,-171.64
ORD-2025-02413,2025-10-17,2025-10-20,Second Class,Customer 084,Corporate,United States,New York,East,Technology,Copiers,8,2668.09,0.0,21344.72,5798.43
ORD-2025-01143,2025-10-17,2025-10-24,Standard Class,Customer 130,Consumer,United States,Pennsylvania,East,Office Supplies,Binders,4,53.96,0.0,215.84,36.92
ORD-2025-01977,2025-10-18,2025-10-22,Standard Class,Customer 105,Corporate,United States,Oregon,West,Technology,Phones,7,386.35,0.2,2163.56,-111.64
ORD-2025-00491,2025-10-19,2025-10-25,Standard Class,Customer 050,Corporate,United States,Illinois,Central,Technology,Copiers,6,2345.57,0.4,8444.05,-1112.61
ORD-2025-00470,2025-10-19,2025-10-22,First Class,Customer 043,Consumer,United States,Oregon,West,Technology,Phones,4,80.26,0.0,321.04,33.13
ORD-2025-02228,2025-10-19,2025-10-23,Second Class,Customer 126,Consumer,United States,Illinois,Central,Office Supplies,Binders,3,70.93,0.1,191.51,31.0
ORD-2025-01533,2025-10-19,2025-10-22,First Class,Customer 188,Corporate,United States,Texas,Central,Technology,Copiers,5,2936.53,0.0,14682.65,2259.52
ORD-2025-01443,2025-10-21,2025-10-22,First Class,Customer 184,Consumer,United States,Illinois,Central,Furniture,Furnishings,8,114.5,0.0,916.0,191.95
ORD-2025-00409,2025-10-21,2025-10-28,Standard Class,Customer 218,Corporate,United States,Pennsylvania,East,Office Supplies,Labels,6,16.86,0.3,70.81,-3.6
ORD-2025-02458,2025-10-22,2025-10-25,Second Class,Customer 286,Consumer,United States,Texas,Central,Technology,Machines,4,695.28,0.3,1946.78,-255.28
ORD-2025-02169,2025-10-22,2025-10-22,Same Day,Customer 278,Corporate,United States,Washington,West,Furniture,Tables,2,827.6,0.0,1655.2,103.06
ORD-2025-01766,2025-10-22,2025-10-26,Second Class,Customer 009,Corporate,United States,Illinois,Central,Office Supplies,Storage,8,62.76,0.0,502.08,87.08
ORD-2025-02148,2025-10-22,2025-10-29,Standard Class,Customer 224,Home Office,United States,Texas,Central,Furniture,Tables,5,597.56,0.2,2390.24,-165.28
ORD-2025-00680,2025-10-22,2025-10-28,Standard Class,Customer 019,Consumer,United States,Illinois,Central,Furniture,Bookcases,4,338.45,0.0,1353.8,158.32
ORD-2025-00348,2025-10-22,2025-10-24,First Class,Customer 047,Corporate,United States,Oregon,West,Technology,Machines,3,936.24,0.0,2808.72,759.54
ORD-2025-00754,2025-10-22,2025-10-22,Same Day,Customer 208,Consumer,United States,Michigan,Central,Office Supplies,Appliances,4,196.67,0.4,472.01,-36.69
ORD-2025-02289,2025-10-23,2025-10-25,Second Class,Customer 278,Home Office,United States,Michigan,Central,Furniture,Bookcases,1,298.86,0.1,268.97,-9.13
ORD-2025-00382,2025-10-23,2025-10-27,Second Class,Customer 120,Corporate,United States,Texas,Central,Furniture,Chairs,7,436.89,0.3,2140.76,-502.87
ORD-2025-00764,2025-10-23,2025-10-28,Standard Class,Customer 098,Consumer,United States,Pennsylvania,East,Furniture,Furnishings,8,100.67,0.0,805.36,85.72
ORD-2025-00286,2025-10-24,2025-10-29,Standard Class,Customer 099,Home Office,United States,Michigan,Central,Office Supplies,Labels,1,16.81,0.1,15.13,1.6
ORD-2025-00181,2025-10-25,2025-10-29,Standard Class,Customer 159,Consumer,United States,Florida,South,Technology,Machines,1,1252.79,0.0,1252.79,164.36
ORD-2025-00319,2025-10-25,2025-10-30,Standard Class,Customer 046,Consumer,United States,Michigan,Central,Technology,Accessories,7,77.7,0.4,326.34,-41.86
ORD-2025-02233,2025-10-25,2025-10-27,Second Class,Customer 044,Consumer,United States,Florida,South,Furniture,Furnishings,8,89.28,0.3,499.97,-80.34
ORD-2025-01447,2025-10-25,2025-11-01,Standard Class,Customer 169,Home Office,United States,New York,East,Office Supplies,Appliances,4,180.84,0.2,578.69,27.47
ORD-2025-01689,2025-10-26,2025-10-27,First Class,Customer 170,Consumer,United States,Pennsylvania,East,Technology,Copiers,8,2981.79,0.1,21468.89,1624.67
ORD-2025-02097,2025-10-26,2025-11-01,Standard Class,Customer 116,Corporate,United States,New York,East,Furniture,Chairs,4,392.98,0.1,1414.73,2.24
ORD-2025-00081,2025-10-27,2025-11-02,Standard Class,Customer 283,Corporate,United States,Florida,South,Office Supplies,Binders,2,77.71,0.3,108.79,-0.73
ORD-2025-00936,2025-10-27,2025-10-29,First Class,Customer 029,Consumer,United States,Florida,South,Furniture,Bookcases,9,338.62,0.0,3047.58,283.78
ORD-2025-01910,2025-10-27,2025-10-29,Second Class,Customer 192,Consumer,United States,Washington,West,Furniture,Tables,4,613.25,0.0,2453.0,236.78
ORD-2025-01837,2025-10-28,2025-11-04,Standard Class,Customer 200,Consumer,United States,New York,East,Office Supplies,Storage,9,169.25,0.2,1218.6,159.77
ORD-2025-01874,2025-10-28,2025-11-03,Standard Class,Customer 149,Consumer,United States,Florida,South,Technology,Copiers,3,3047.67,0.4,5485.81,-1228.63
ORD-2025-01109,2025-10-28,2025-11-04,Standard Class,Customer 076,Corporate,United States,Washington,West,Technology,Phones,4,490.45,0.2,1569.44,-44.27
ORD-2025-01681,2025-10-30,2025-11-02,Second Class,Customer 047,Corporate,United States,Washington,West,Furniture,Tables,1,502.58,0.0,502.58,56.31
ORD-2025-02221,2025-11-02,2025-11-08,Standard Class,Customer 039,Corporate,United States,Virginia,East,Furniture,Tables,7,766.55,0.1,4829.26,-209.14
ORD-2025-00694,2025-11-02,2025-11-03,First Class,Customer 176,Corporate,United States,Virginia,East,Office Supplies,Binders,9,38.28,0.1,310.07,0.62
ORD-2025-00926,2025-11-02,2025-11-09,Standard Class,Customer 219,Corporate,United States,Washington,West,Office Supplies,Paper,3,55.23,0.2,132.55,18.43
ORD-2025-02397,2025-11-03,2025-11-04,First Class,Customer 245,Consumer,United States,Oregon,West,Technology,Machines,2,1964.59,0.4,2357.51,-459.9
ORD-2025-02054,2025-11-04,2025-11-09,Standard Class,Customer 030,Consumer,United States,New York,East,Office Supplies,Paper,3,33.17,0.2,79.61,2.96
ORD-2025-00383,2025-11-04,2025-11-11,Standard Class,Customer 113,Consumer,United States,Virginia,East,Office Supplies,Storage,3,103.52,0.1,279.5,42.87
ORD-2025-00949,2025-11-04,2025-11-08,Standard Class,Customer 208,Consumer,United States,Oregon,West,Furniture,Chairs,5,81.37,0.2,325.48,-38.54
ORD-2025-00640,2025-11-05,2025-11-05,Same Day,Customer 102,Consumer,United States,Washington,West,Technology,Copiers,5,1644.62,0.0,8223.1,1904.6
ORD-2025-00571,2025-11-05,2025-11-06,First Class,Customer 063,Consumer,United States,Washington,West,Office Supplies,Art,5,31.32,0.3,109.62,-6.42
ORD-2025-01727,2025-11-06,2025-11-12,Standard Class,Customer 005,Corporate,United States,Florida,South,Office Supplies,Binders,9,79.84,0.2,574.85,10.13
ORD-2025-00965,2025-11-06,2025-11-09,Second Class,Customer 002,Home Office,United States,Texas,Central,Furniture,Tables,2,360.77,0.0,721.54,88.01
ORD-2025-00763,2025-11-06,2025-11-09,Second Class,Customer 195,Home Office,United States,North Carolina,South,Technology,Phones,1,854.28,0.0,854.28,209.22
ORD-2025-02028,2025-11-07,2025-11-10,Second Class,Customer 051,Home Office,United States,Virginia,East,Furniture,Chairs,4,83.8,0.2,268.16,-31.35
ORD-2025-01421,2025-11-07,2025-11-12,Standard Class,Customer 115,Consumer,United States,New York,East,Technology,Machines,3,1065.68,0.0,3197.04,937.25
ORD-2025-00776,2025-11-08,2025-11-13,Standard Class,Customer 022,Consumer,United States,Oregon,West,Technology,Phones,2,865.54,0.4,1038.65,-216.91
ORD-2025-01295,2025-11-09,2025-11-16,Standard Class,Customer 019,Consumer,United States,Michigan,Central,Technology,Machines,5,2325.58,0.0,11627.9,3446.16
ORD-2025-01930,2025-11-09,2025-11-13,Standard Class,Customer 174,Consumer,United States,California,West,Furniture,Bookcases,6,318.17,0.2,1527.22,-189.14
ORD-2025-00671,2025-11-09,2025-11-16,Standard Class,Customer 264,Consumer,United States,Pennsylvania,East,Office Supplies,Appliances,1,282.65,0.0,282.65,70.77
ORD-2025-01832,2025-11-10,2025-11-17,Standard Class,Customer 081,Corporate,United States,Illinois,Central,Technology,Accessories,8,87.04,0.4,417.79,-49.63
ORD-2025-01269,2025-11-10,2025-11-16,Standard Class,Customer 091,Corporate,United States,California,West,Technology,Phones,2,177.84,0.1,320.11,11.17
ORD-2025-00340,2025-11-10,2025-11-17,Standard Class,Customer 001,Corporate,United States,North Carolina,South,Furniture,Chairs,1,473.59,0.2,378.87,-32.19
ORD-2025-02122,2025-11-10,2025-11-16,Standard Class,Customer 283,Home Office,United States,Oregon,West,Technology,Phones,3,395.27,0.1,1067.23,90.17
ORD-2025-02387,2025-11-10,2025-11-14,Standard Class,Customer 009,Consumer,United States,California,West,Furniture,Tables,1,599.94,0.0,599.94,28.38
ORD-2025-01934,2025-11-10,2025-11-16,Standard Class,Customer 084,Corporate,United States,Illinois,Central,Furniture,Bookcases,6,155.58,0.0,933.48,55.86
ORD-2025-00293,2025-11-11,2025-11-13,First Class,Customer 043,Corporate,United States,Oregon,West,Technology,Accessories,3,146.42,0.0,439.26,51.4
ORD-2025-01784,2025-11-12,2025-11-19,Standard Class,Customer 175,Consumer,United States,Pennsylvania,East,Furniture,Furnishings,5,79.31,0.2,317.24,-35.95
ORD-2025-02165,2025-11-12,2025-11-16,Second Class,Customer 173,Home Office,United States,Illinois,Central,Technology,Copiers,9,3169.68,0.1,25674.41,2477.46
ORD-2025-02389,2025-11-13,2025-11-17,Standard Class,Customer 206,Consumer,United States,California,West,Technology,Phones,5,110.18,0.4,330.54,-67.69
ORD-2025-01440,2025-11-13,2025-11-15,Second Class,Customer 060,Consumer,United States,Texas,Central,Technology,Accessories,2,118.49,0.0,236.98,57.71
ORD-2025-00448,2025-11-13,2025-11-16,Second Class,Customer 093,Corporate,United States,Florida,South,Furniture,Chairs,2,493.91,0.0,987.82,5.92
ORD-2025-01083,2025-11-15,2025-11-17,Second Class,Customer 293,Corporate,United States,Michigan,Central,Office Supplies,Art,1,16.2,0.4,9.72,-1.97
ORD-2025-00274,2025-11-16,2025-11-18,First Class,Customer 143,Corporate,United States,Virginia,East,Technology,Copiers,8,2763.08,0.3,15473.25,-133.89
ORD-2025-00684,2025-11-16,2025-11-17,First Class,Customer 029,Consumer,United States,New York,East,Technology,Phones,6,567.9,0.2,2725.92,214.05
ORD-2025-01054,2025-11-16,2025-11-23,Standard Class,Customer 054,Corporate,United States,California,West,Furniture,Chairs,7,427.63,0.0,2993.41,201.56
ORD-2025-01448,2025-11-17,2025-11-21,Standard Class,Customer 127,Consumer,United States,Illinois,Central,Technology,Machines,6,1639.97,0.0,9839.82,1544.06
ORD-2025-01376,2025-11-17,2025-11-17,Same Day,Customer 183,Consumer,United States,Texas,Central,Office Supplies,Binders,1,17.69,0.0,17.69,4.83
ORD-2025-00515,2025-11-17,2025-11-23,Standard Class,Customer 009,Corporate,United States,Georgia,South,Office Supplies,Paper,9,51.35,0.0,462.15,128.21
ORD-2025-01810,2025-11-17,2025-11-24,Standard Class,Customer 004,Corporate,United States,Georgia,South,Technology,Accessories,5,34.86,0.2,139.44,-0.18
ORD-2025-01939,2025-11-17,2025-11-24,Standard Class,Customer 285,Consumer,United States,Michigan,Central,Office Supplies,Binders,2,56.84,0.0,113.68,29.9
ORD-2025-00195,2025-11-17,2025-11-22,Standard Class,Customer 026,Corporate,United States,Illinois,Central,Furniture,Bookcases,7,344.4,0.0,2410.8,320.2
ORD-2025-00451,2025-11-18,2025-11-22,Standard Class,Customer 013,Home Office,United States,Pennsylvania,East,Technology,Phones,4,311.05,0.0,1244.2,248.74
ORD-2025-00649,2025-11-18,2025-11-25,Standard Class,Customer 082,Consumer,United States,Florida,South,Furniture,Chairs,8,163.37,0.0,1306.96,172.9
ORD-2025-02117,2025-11-18,2025-11-18,Same Day,Customer 021,Home Office,United States,Georgia,South,Technology,Copiers,3,1235.7,0.4,2224.26,-321.62
ORD-2025-00683,2025-11-18,2025-11-24,Standard Class,Customer 230,Corporate,United States,Illinois,Central,Technology,Machines,8,1446.79,0.0,11574.32,1584.13
ORD-2025-01223,2025-11-19,2025-11-22,Second Class,Customer 284,Corporate,United States,California,West,Furniture,Bookcases,5,314.72,0.0,1573.6,102.19
ORD-2025-01700,2025-11-19,2025-11-23,Standard Class,Customer 295,Consumer,United States,Virginia,East,Technology,Phones,4,455.21,0.0,1820.84,339.16
ORD-2025-00751,2025-11-19,2025-11-25,Standard Class,Customer 285,Consumer,United States,Illinois,Central,Office Supplies,Binders,2,62.29,0.2,99.66,-1.31
ORD-2025-02363,2025-11-20,2025-11-26,Standard Class,Customer 016,Consumer,United States,Washington,West,Technology,Accessories,7,146.54,0.3,718.05,-83.18
ORD-2025-01377,2025-11-20,2025-11-27,Standard Class,Customer 279,Corporate,United States,North Carolina,South,Technology,Machines,9,1477.24,0.4,7977.1,-1471.45
ORD-2025-00999,2025-11-20,2025-11-22,Second Class,Customer 267,Consumer,United States,Florida,South,Office Supplies,Appliances,2,321.33,0.4,385.6,-50.33
ORD-2025-02143,2025-11-20,2025-11-24,Standard Class,Customer 033,Corporate,United States,New York,East,Technology,Accessories,7,105.5,0.0,738.5,147.97
ORD-2025-00200,2025-11-20,2025-11-24,Second Class,Customer 075,Home Office,United States,Washington,West,Technology,Copiers,4,1842.15,0.3,5158.02,-707.83
ORD-2025-00853,2025-11-21,2025-11-26,Standard Class,Customer 042,Consumer,United States,Florida,South,Office Supplies,Appliances,5,328.57,0.4,985.71,-170.64
ORD-2025-01210,2025-11-21,2025-11-23,First Class,Customer 036,Home Office,United States,Texas,Central,Office Supplies,Appliances,5,332.5,0.1,1496.25,317.77
ORD-2025-01243,2025-11-21,2025-11-28,Standard Class,Customer 069,Consumer,United States,Virginia,East,Technology,Accessories,4,49.01,0.3,137.23,-13.21
ORD-2025-01369,2025-11-21,2025-11-27,Standard Class,Customer 141,Consumer,United States,Illinois,Central,Technology,Machines,8,1391.83,0.0,11134.64,1882.36
ORD-2025-00337,2025-11-21,2025-11-28,Standard Class,Customer 065,Home Office,United States,Oregon,West,Technology,Phones,2,371.4,0.2,594.24,11.02
ORD-2025-00503,2025-11-21,2025-11-25,Standard Class,Customer 264,Corporate,United States,Oregon,West,Technology,Phones,8,896.33,0.4,4302.38,-1116.01
ORD-2025-00466,2025-11-24,2025-11-28,Standard Class,Customer 173,Corporate,United States,Illinois,Central,Furniture,Furnishings,3,39.76,0.3,83.5,-22.24
ORD-2025-00609,2025-11-25,2025-11-30,Standard Class,Customer 003,Consumer,United States,Pennsylvania,East,Furniture,Bookcases,2,241.15,0.3,337.61,-43.01
ORD-2025-00064,2025-11-26,2025-12-02,Standard Class,Customer 222,Consumer,United States,Georgia,South,Technology,Accessories,1,79.89,0.2,63.91,2.23
ORD-2025-00797,2025-11-27,2025-12-01,Second Class,Customer 127,Corporate,United States,Pennsylvania,East,Office Supplies,Art,2,4.28,0.0,8.56,1.84
ORD-2025-01567,2025-11-27,2025-12-01,Standard Class,Customer 261,Consumer,United States,North Carolina,South,Technology,Copiers,8,1481.18,0.3,8294.61,-181.92
ORD-2025-00861,2025-11-27,2025-12-04,Standard Class,Customer 267,Consumer,United States,Texas,Central,Technology,Machines,8,472.08,0.1,3398.98,451.5
ORD-2025-00208,2025-11-28,2025-12-05,Standard Class,Customer 137,Consumer,United States,Texas,Central,Furniture,Bookcases,8,261.8,0.0,2094.4,128.44
ORD-2025-00417,2025-11-28,2025-12-02,Second Class,Customer 121,Consumer,United States,Michigan,Central,Furniture,Furnishings,9,28.33,0.0,254.97,26.02
ORD-2025-01226,2025-11-28,2025-12-05,Standard Class,Customer 135,Corporate,United States,Texas,Central,Office Supplies,Appliances,4,40.09,0.0,160.36,34.27
ORD-2025-00355,2025-11-28,2025-12-04,Standard Class,Customer 253,Home Office,United States,Pennsylvania,East,Technology,Copiers,9,828.91,0.1,6714.17,711.33
ORD-2025-00046,2025-11-29,2025-12-06,Standard Class,Customer 235,Consumer,United States,New York,East,Office Supplies,Storage,4,56.57,0.3,158.4,-5.35
ORD-2025-01233,2025-11-29,2025-11-29,Same Day,Customer 278,Consumer,United States,Georgia,South,Furniture,Furnishings,3,15.71,0.1,42.42,1.24
ORD-2025-01955,2025-11-30,2025-12-03,Second Class,Customer 049,Corporate,United States,Georgia,South,Furniture,Chairs,3,333.58,0.0,1000.74,19.0
ORD-2025-00959,2025-11-30,2025-12-07,Standard Class,Customer 197,Corporate,United States,Michigan,Central,Furniture,Furnishings,7,73.22,0.1,461.29,-1.57
ORD-2025-00404,2025-12-01,2025-12-08,Standard Class,Customer 133,Consumer,United States,Michigan,Central,Furniture,Furnishings,1,22.0,0.2,17.6,-1.58
ORD-2025-00441,2025-12-02,2025-12-07,Standard Class,Customer 133,Consumer,United States,Florida,South,Office Supplies,Binders,5,14.2,0.0,71.0,12.26
ORD-2025-00947,2025-12-02,2025-12-08,Standard Class,Customer 065,Home Office,United States,Washington,West,Technology,Machines,7,1719.91,0.0,12039.37,2482.06
ORD-2025-00325,2025-12-04,2025-12-04,Same Day,Customer 270,Corporate,United States,Pennsylvania,East,Furniture,Furnishings,7,42.46,0.3,208.05,-44.83
ORD-2025-01797,2025-12-05,2025-12-07,Second Class,Customer 243,Consumer,United States,Illinois,Central,Technology,Phones,3,302.11,0.4,543.8,-39.26
ORD-2025-02132,2025-12-05,2025-12-12,Standard Class,Customer 241,Home Office,United States,Texas,Central,Furniture,Tables,2,506.01,0.2,809.62,-48.04
ORD-2025-00012,2025-12-05,2025-12-08,First Class,Customer 157,Consumer,United States,Texas,Central,Furniture,Bookcases,2,294.58,0.3,412.41,-70.03
ORD-2025-02388,2025-12-05,2025-12-12,Standard Class,Customer 033,Consumer,United States,Illinois,Central,Technology,Machines,5,1051.86,0.0,5259.3,546.27
ORD-2025-02270,2025-12-06,2025-12-10,Standard Class,Customer 255,Home Office,United States,Michigan,Central,Office Supplies,Art,3,36.31,0.0,108.93,27.23
ORD-2025-01649,2025-12-06,2025-12-09,First Class,Customer 286,Consumer,United States,North Carolina,South,Furniture,Bookcases,1,191.27,0.0,191.27,-0.49
ORD-2025-01475,2025-12-06,2025-12-13,Standard Class,Customer 017,Consumer,United States,New York,East,Furniture,Bookcases,7,229.6,0.1,1446.48,14.65
ORD-2025-01250,2025-12-07,2025-12-12,Standard Class,Customer 061,Consumer,United States,Georgia,South,Office Supplies,Binders,5,57.67,0.1,259.52,7.13
ORD-2025-02170,2025-12-08,2025-12-15,Standard Class,Customer 236,Home Office,United States,Washington,West,Technology,Copiers,6,2021.14,0.0,12126.84,3000.05
ORD-2025-01746,2025-12-09,2025-12-11,First Class,Customer 061,Corporate,United States,Florida,South,Technology,Accessories,1,103.2,0.2,82.56,3.32
ORD-2025-00594,2025-12-09,2025-12-11,First Class,Customer 033,Consumer,United States,California,West,Technology,Phones,4,302.79,0.0,1211.16,296.77
ORD-2025-02230,2025-12-10,2025-12-14,Second Class,Customer 101,Consumer,United States,Washington,West,Furniture,Bookcases,8,123.7,0.3,692.72,-161.61
ORD-2025-00851,2025-12-10,2025-12-16,Standard Class,Customer 003,Consumer,United States,North Carolina,South,Technology,Accessories,9,84.95,0.0,764.55,132.52
ORD-2025-00894,2025-12-10,2025-12-17,Standard Class,Customer 069,Corporate,United States,Michigan,Central,Technology,Machines,8,230.76,0.1,1661.47,34.34
ORD-2025-00914,2025-12-10,2025-12-10,Same Day,Customer 120,Home Office,United States,Washington,West,Furniture,Tables,9,703.9,0.0,6335.1,483.45
ORD-2025-01381,2025-12-10,2025-12-16,Standard Class,Customer 157,Consumer,United States,Oregon,West,Furniture,Bookcases,5,173.68,0.0,868.4,104.02
ORD-2025-01830,2025-12-12,2025-12-15,Second Class,Customer 266,Consumer,United States,Pennsylvania,East,Furniture,Chairs,5,210.34,0.4,631.02,-175.85
ORD-2025-01198,2025-12-12,2025-12-18,Standard Class,Customer 152,Consumer,United States,Illinois,Central,Furniture,Bookcases,1,112.74,0.2,90.19,-15.33
ORD-2025-01707,2025-12-13,2025-12-19,Standard Class,Customer 087,Home Office,United States,Washington,West,Technology,Accessories,3,60.7,0.1,163.89,13.83
ORD-2025-01676,2025-12-13,2025-12-16,First Class,Customer 096,Consumer,United States,Florida,South,Furniture,Chairs,9,289.58,0.4,1563.73,-299.9
ORD-2025-00141,2025-12-13,2025-12-14,First Class,Customer 069,Corporate,United States,Texas,Central,Technology,Accessories,8,68.77,0.0,550.16,57.31
ORD-2025-00555,2025-12-14,2025-12-17,First Class,Customer 034,Consumer,United States,Virginia,East,Furniture,Furnishings,5,32.52,0.1,146.34,11.29
ORD-2025-01393,2025-12-14,2025-12-14,Same Day,Customer 211,Corporate,United States,Washington,West,Technology,Machines,3,250.84,0.0,752.52,162.56
ORD-2025-01203,2025-12-15,2025-12-20,Standard Class,Customer 118,Consumer,United States,Texas,Central,Furniture,Bookcases,2,245.95,0.1,442.71,52.08
ORD-2025-01570,2025-12-15,2025-12-22,Standard Class,Customer 073,Consumer,United States,Michigan,Central,Technology,Accessories,2,50.97,0.0,101.94,17.35
ORD-2025-01228,2025-12-15,2025-12-17,First Class,Customer 125,Consumer,United States,Washington,West,Office Supplies,Labels,2,11.08,0.3,15.51,-0.4
ORD-2025-01457,2025-12-15,2025-12-22,Standard Class,Customer 016,Corporate,United States,Georgia,South,Technology,Machines,9,431.58,0.0,3884.22,733.62
ORD-2025-01828,2025-12-15,2025-12-18,Second Class,Customer 163,Consumer,United States,California,West,Furniture,Furnishings,4,27.9,0.4,66.96,-27.21
ORD-2025-01246,2025-12-16,2025-12-18,Second Class,Customer 244,Corporate,United States,Virginia,East,Office Supplies,Art,7,24.47,0.4,102.77,-20.94
ORD-2025-02035,2025-12-16,2025-12-22,Standard Class,Customer 278,Consumer,United States,Florida,South,Technology,Accessories,4,147.74,0.4,354.58,-38.07
ORD-2025-00772,2025-12-17,2025-12-17,Same Day,Customer 292,Corporate,United States,Georgia,South,Technology,Accessories,7,61.89,0.0,433.23,49.9
ORD-2025-01747,2025-12-18,2025-12-25,Standard Class,Customer 142,Corporate,United States,Georgia,South,Furniture,Tables,2,218.27,0.0,436.54,73.17
ORD-2025-02379,2025-12-18,2025-12-24,Standard Class,Customer 080,Corporate,United States,Illinois,Central,Furniture,Bookcases,7,250.69,0.3,1228.38,-268.45
ORD-2025-02039,2025-12-18,2025-12-22,Standard Class,Customer 047,Consumer,United States,New York,East,Office Supplies,Labels,2,21.99,0.0,43.98,7.79
ORD-2025-01962,2025-12-19,2025-12-24,Standard Class,Customer 268,Consumer,United States,Texas,Central,Office Supplies,Art,9,18.09,0.3,113.97,-12.4
ORD-2025-00265,2025-12-20,2025-12-21,First Class,Customer 242,Corporate,United States,New York,East,Technology,Copiers,7,2296.58,0.0,16076.06,2618.24
ORD-2025-01082,2025-12-20,2025-12-20,Same Day,Customer 036,Corporate,United States,Michigan,Central,Furniture,Tables,2,829.06,0.3,1160.68,-240.08
ORD-2025-02376,2025-12-21,2025-12-24,Second Class,Customer 145,Consumer,United States,Michigan,Central,Office Supplies,Binders,7,31.56,0.1,198.83,37.68
ORD-2025-01088,2025-12-21,2025-12-27,Standard Class,Customer 025,Consumer,United States,California,West,Furniture,Furnishings,4,56.07,0.0,224.28,6.34
ORD-2025-00347,2025-12-22,2025-12-24,Second Class,Customer 269,Consumer,United States,California,West,Technology,Phones,1,499.87,0.0,499.87,72.91
ORD-2025-01620,2025-12-22,2025-12-24,Second Class,Customer 211,Home Office,United States,Virginia,East,Technology,Accessories,5,122.75,0.0,613.75,176.98
ORD-2025-02046,2025-12-23,2025-12-27,Standard Class,Customer 215,Corporate,United States,Texas,Central,Office Supplies,Art,8,10.93,0.2,69.95,3.02
ORD-2025-02260,2025-12-23,2025-12-27,Standard Class,Customer 038,Corporate,United States,Pennsylvania,East,Office Supplies,Paper,5,11.32,0.0,56.6,13.19
ORD-2025-00145,2025-12-23,2025-12-27,Standard Class,Customer 286,Consumer,United States,Illinois,Central,Furniture,Furnishings,6,29.02,0.0,174.12,7.3
ORD-2025-00356,2025-12-23,2025-12-28,Standard Class,Customer 248,Consumer,United States,Texas,Central,Office Supplies,Art,3,27.78,0.1,75.01,5.45
ORD-2025-01998,2025-12-24,2025-12-26,Second Class,Customer 056,Consumer,United States,Texas,Central,Technology,Accessories,8,91.28,0.0,730.24,191.84
ORD-2025-01626,2025-12-24,2025-12-27,First Class,Customer 081,Corporate,United States,Pennsylvania,East,Office Supplies,Paper,1,36.24,0.0,36.24,7.96
ORD-2025-00511,2025-12-26,2026-01-01,Standard Class,Customer 167,Consumer,United States,Michigan,Central,Technology,Copiers,9,571.09,0.0,5139.81,909.08
ORD-2025-01422,2025-12-26,2025-12-30,Second Class,Customer 149,Corporate,United States,Michigan,Central,Furniture,Tables,5,868.9,0.3,3041.15,-546.43
ORD-2025-01559,2025-12-26,2025-12-29,Second Class,Customer 251,Corporate,United States,California,West,Office Supplies,Paper,6,16.05,0.3,67.41,2.64
ORD-2025-01117,2025-12-27,2025-12-29,Second Class,Customer 106,Consumer,United States,California,West,Office Supplies,Binders,9,12.86,0.0,115.74,35.73
ORD-2025-00161,2025-12-27,2026-01-03,Standard Class,Customer 010,Consumer,United States,Virginia,East,Furniture,Furnishings,1,51.94,0.4,31.16,-6.95
ORD-2025-01056,2025-12-27,2025-12-29,Second Class,Customer 091,Consumer,United States,Michigan,Central,Furniture,Tables,6,349.41,0.0,2096.46,277.37
ORD-2025-00691,2025-12-28,2026-01-02,Standard Class,Customer 166,Corporate,United States,Virginia,East,Office Supplies,Art,4,21.29,0.0,85.16,17.78
ORD-2025-02173,2025-12-28,2025-12-30,First Class,Customer 194,Corporate,United States,Pennsylvania,East,Office Supplies,Labels,1,16.32,0.0,16.32,3.14
ORD-2025-00810,2025-12-28,2026-01-01,Second Class,Customer 214,Corporate,United States,Pennsylvania,East,Technology,Machines,9,1467.48,0.3,9245.12,-210.29
ORD-2025-00401,2025-12-29,2026-01-01,Second Class,Customer 035,Consumer,United States,New York,East,Office Supplies,Paper,8,20.33,0.1,146.38,18.46
ORD-2025-01346,2025-12-29,2026-01-05,Standard Class,Customer 149,Home Office,United States,Pennsylvania,East,Office Supplies,Storage,7,55.98,0.0,391.86,91.77
ORD-2025-01336,2025-12-30,2026-01-04,Standard Class,Customer 155,Corporate,United States,Florida,South,Office Supplies,Art,3,27.58,0.0,82.74,17.44
ORD-2025-01169,2025-12-30,2026-01-03,Standard Class,Customer 057,Corporate,United States,Washington,West,Technology,Machines,4,1808.33,0.2,5786.66,87.06
ORD-2025-02218,2025-12-30,2026-01-04,Standard Class,Customer 054,Consumer,United States,California,West,Technology,Machines,2,2147.44,0.0,4294.88,1167.11
ORD-2025-00820,2025-12-31,2025-12-31,Same Day,Customer 096,Consumer,United States,California,West,Office Supplies,Binders,1,34.43,0.1,30.99,3.76
ORD-2025-02262,2025-12-31,2026-01-07,Standard Class,Customer 046,Consumer,United States,Georgia,South,Office Supplies,Paper,5,31.24,0.4,93.72,-14.58
